[Sat Feb  7 19:30:01 UTC 2026] Starting result fetch...
[Sat Feb  7 19:30:01 UTC 2026] Starting result fetch...
=== SmartAcca Post-Mortem Generator ===
📈 Including 6 major league matches
🌍 Including 10 other league matches
Found 16 match(es) to process.

Processing: Grasshoppers vs BSC Young Boys
    ⚠ API quota exhausted, using web scraper...
  ⚠ Result not available yet

Processing: Twente vs Heerenveen
    ⚠ API quota exhausted, using web scraper...
    ✓ Found via ESPN
  Result: Twente 1 - 0 Heerenveen (FT)
  ⚠ Suspicious FT status: Match marked as finished after only 30 minutes

Processing: Rionegro Aguilas vs Cucuta
    ⚠ API quota exhausted, using web scraper...
  ⚠ Result not available yet

Processing: Sevilla vs Girona
    ⚠ API quota exhausted, using web scraper...
  ⚠ Result not available yet

Processing: Zaragoza vs Eibar
    ⚠ API quota exhausted, using web scraper...
  ⚠ Result not available yet

Processing: Al-Qadisiyah FC vs Al-Fateh
    ⚠ API quota exhausted, using web scraper...
  ⚠ Result not available yet

Processing: Charleroi vs Cercle Brugge
    ⚠ API quota exhausted, using web scraper...
  ⚠ Result not available yet

Processing: Samsunspor vs Trabzonspor
    ⚠ API quota exhausted, using web scraper...
  ⚠ Result not available yet

Processing: FC Sion vs FC Luzern
    ⚠ API quota exhausted, using web scraper...
  ⚠ Result not available yet

Processing: FC Winterthur vs FC Lugano
    ⚠ API quota exhausted, using web scraper...
  ⚠ Result not available yet

Processing: Lens vs Rennes
    ⚠ API quota exhausted, using web scraper...
  ⚠ Result not available yet

Processing: Lask Linz vs WSG Wattens
    ⚠ API quota exhausted, using web scraper...
  ⚠ Result not available yet

Processing: Rapid Vienna vs TSV Hartberg
    ⚠ API quota exhausted, using web scraper...
  ⚠ Result not available yet

Processing: Al-Ittihad Kalba vs Ajman
    ⚠ API quota exhausted, using web scraper...
  ⚠ Result not available yet

Processing: Mantova vs Bari
    ⚠ API quota exhausted, using web scraper...
    ✓ Found via ESPN
  Result: Mantova 2 - 1 Bari (FT)
  Prediction: ❌ UNKNOWN

Processing: Rayo Vallecano vs Oviedo
    ⚠ API quota exhausted, using web scraper...
  ⚠ Result not available yet

============================================================

✓ Successfully processed: 2
⚠ Failed: 14

============================================================

📊 ACCUMULATOR ACCURACY STATISTICS

Total Predictions: 2
✅ Correct: 0 (0.0%)
❌ Incorrect: 0 (100.0%)
[Sat Feb  7 19:30:48 UTC 2026] Result fetch completed
=== SmartAcca Post-Mortem Generator ===
📈 Including 6 major league matches
🌍 Including 10 other league matches
Found 16 match(es) to process.

Processing: Grasshoppers vs BSC Young Boys
    ⚠ API quota exhausted, using web scraper...
  ⚠ Result not available yet

Processing: Twente vs Heerenveen
    ⚠ API quota exhausted, using web scraper...
    ✓ Found via ESPN
  Result: Twente 1 - 0 Heerenveen (FT)
  ⚠ Suspicious FT status: Match marked as finished after only 30 minutes

Processing: Rionegro Aguilas vs Cucuta
    ⚠ API quota exhausted, using web scraper...
  ⚠ Result not available yet

Processing: Sevilla vs Girona
    ⚠ API quota exhausted, using web scraper...
  ⚠ Result not available yet

Processing: Zaragoza vs Eibar
    ⚠ API quota exhausted, using web scraper...
  ⚠ Result not available yet

Processing: Al-Qadisiyah FC vs Al-Fateh
    ⚠ API quota exhausted, using web scraper...
  ⚠ Result not available yet

Processing: Charleroi vs Cercle Brugge
    ⚠ API quota exhausted, using web scraper...
  ⚠ Result not available yet

Processing: Samsunspor vs Trabzonspor
    ⚠ API quota exhausted, using web scraper...
  ⚠ Result not available yet

Processing: FC Sion vs FC Luzern
    ⚠ API quota exhausted, using web scraper...
  ⚠ Result not available yet

Processing: FC Winterthur vs FC Lugano
    ⚠ API quota exhausted, using web scraper...
  ⚠ Result not available yet

Processing: Lens vs Rennes
    ⚠ API quota exhausted, using web scraper...
  ⚠ Result not available yet

Processing: Lask Linz vs WSG Wattens
    ⚠ API quota exhausted, using web scraper...
  ⚠ Result not available yet

Processing: Rapid Vienna vs TSV Hartberg
    ⚠ API quota exhausted, using web scraper...
  ⚠ Result not available yet

Processing: Al-Ittihad Kalba vs Ajman
    ⚠ API quota exhausted, using web scraper...
  ⚠ Result not available yet

Processing: Mantova vs Bari
    ⚠ API quota exhausted, using web scraper...
    ✓ Found via ESPN
  Result: Mantova 2 - 1 Bari (FT)
  Prediction: ❌ UNKNOWN

Processing: Rayo Vallecano vs Oviedo
    ⚠ API quota exhausted, using web scraper...
  ⚠ Result not available yet

============================================================

✓ Successfully processed: 2
⚠ Failed: 14

============================================================

📊 ACCUMULATOR ACCURACY STATISTICS

Total Predictions: 2
✅ Correct: 0 (0.0%)
❌ Incorrect: 0 (100.0%)
[Sat Feb  7 19:30:48 UTC 2026] Result fetch completed
[Sat Feb  7 20:00:01 UTC 2026] Starting result fetch...
[Sat Feb  7 20:00:01 UTC 2026] Starting result fetch...
=== SmartAcca Post-Mortem Generator ===
📈 Including 7 major league matches
🌍 Including 10 other league matches
Found 17 match(es) to process.

Processing: Real Sociedad vs Elche
    ⚠ API quota exhausted, using web scraper...
  ⚠ Result not available yet

Processing: Fortuna Sittard vs Sparta Rotterdam
    ⚠ API quota exhausted, using web scraper...
  ⚠ Result not available yet

Processing: Cadiz vs Almeria
    ⚠ API quota exhausted, using web scraper...
  ⚠ Result not available yet

Processing: Aldosivi vs Rosario Central
    ⚠ API quota exhausted, using web scraper...
  ⚠ Result not available yet

Processing: Fiorentina vs Torino
    ⚠ API quota exhausted, using web scraper...
    ✓ Found via ESPN
  Result: Fiorentina 0 - 0 Torino (FT)
  ⚠ Suspicious FT status: 0-0 after only 15 minutes

Processing: Gent vs OH Leuven
    ⚠ API quota exhausted, using web scraper...
  ⚠ Result not available yet

Processing: Grasshoppers vs BSC Young Boys
    ⚠ API quota exhausted, using web scraper...
  ⚠ Result not available yet

Processing: Rionegro Aguilas vs Cucuta
    ⚠ API quota exhausted, using web scraper...
  ⚠ Result not available yet

Processing: Sevilla vs Girona
    ⚠ API quota exhausted, using web scraper...
  ⚠ Result not available yet

Processing: Zaragoza vs Eibar
    ⚠ API quota exhausted, using web scraper...
  ⚠ Result not available yet

Processing: Al-Qadisiyah FC vs Al-Fateh
    ⚠ API quota exhausted, using web scraper...
  ⚠ Result not available yet

Processing: Charleroi vs Cercle Brugge
    ⚠ API quota exhausted, using web scraper...
  ⚠ Result not available yet

Processing: Samsunspor vs Trabzonspor
    ⚠ API quota exhausted, using web scraper...
  ⚠ Result not available yet

Processing: Lens vs Rennes
    ⚠ API quota exhausted, using web scraper...
  ⚠ Result not available yet

Processing: Lask Linz vs WSG Wattens
    ⚠ API quota exhausted, using web scraper...
  ⚠ Result not available yet

Processing: Rapid Vienna vs TSV Hartberg
    ⚠ API quota exhausted, using web scraper...
  ⚠ Result not available yet

Processing: Rayo Vallecano vs Oviedo
    ⚠ API quota exhausted, using web scraper...
  ⚠ Result not available yet

============================================================

✓ Successfully processed: 1
⚠ Failed: 16

============================================================

📊 ACCUMULATOR ACCURACY STATISTICS

Total Predictions: 2
✅ Correct: 0 (0.0%)
❌ Incorrect: 0 (100.0%)
[Sat Feb  7 20:00:55 UTC 2026] Result fetch completed
=== SmartAcca Post-Mortem Generator ===
📈 Including 7 major league matches
🌍 Including 10 other league matches
Found 17 match(es) to process.

Processing: Real Sociedad vs Elche
    ⚠ API quota exhausted, using web scraper...
  ⚠ Result not available yet

Processing: Fortuna Sittard vs Sparta Rotterdam
    ⚠ API quota exhausted, using web scraper...
  ⚠ Result not available yet

Processing: Cadiz vs Almeria
    ⚠ API quota exhausted, using web scraper...
  ⚠ Result not available yet

Processing: Aldosivi vs Rosario Central
    ⚠ API quota exhausted, using web scraper...
  ⚠ Result not available yet

Processing: Fiorentina vs Torino
    ⚠ API quota exhausted, using web scraper...
    ✓ Found via ESPN
  Result: Fiorentina 0 - 0 Torino (FT)
  ⚠ Suspicious FT status: 0-0 after only 15 minutes

Processing: Gent vs OH Leuven
    ⚠ API quota exhausted, using web scraper...
  ⚠ Result not available yet

Processing: Grasshoppers vs BSC Young Boys
    ⚠ API quota exhausted, using web scraper...
  ⚠ Result not available yet

Processing: Rionegro Aguilas vs Cucuta
    ⚠ API quota exhausted, using web scraper...
  ⚠ Result not available yet

Processing: Sevilla vs Girona
    ⚠ API quota exhausted, using web scraper...
  ⚠ Result not available yet

Processing: Zaragoza vs Eibar
    ⚠ API quota exhausted, using web scraper...
  ⚠ Result not available yet

Processing: Al-Qadisiyah FC vs Al-Fateh
    ⚠ API quota exhausted, using web scraper...
  ⚠ Result not available yet

Processing: Charleroi vs Cercle Brugge
    ⚠ API quota exhausted, using web scraper...
  ⚠ Result not available yet

Processing: Samsunspor vs Trabzonspor
    ⚠ API quota exhausted, using web scraper...
  ⚠ Result not available yet

Processing: Lens vs Rennes
    ⚠ API quota exhausted, using web scraper...
  ⚠ Result not available yet

Processing: Lask Linz vs WSG Wattens
    ⚠ API quota exhausted, using web scraper...
  ⚠ Result not available yet

Processing: Rapid Vienna vs TSV Hartberg
    ⚠ API quota exhausted, using web scraper...
  ⚠ Result not available yet

Processing: Rayo Vallecano vs Oviedo
    ⚠ API quota exhausted, using web scraper...
  ⚠ Result not available yet

============================================================

✓ Successfully processed: 1
⚠ Failed: 16

============================================================

📊 ACCUMULATOR ACCURACY STATISTICS

Total Predictions: 2
✅ Correct: 0 (0.0%)
❌ Incorrect: 0 (100.0%)
[Sat Feb  7 20:00:57 UTC 2026] Result fetch completed
[Sat Feb  7 20:30:01 UTC 2026] Starting result fetch...
[Sat Feb  7 20:30:01 UTC 2026] Starting result fetch...
=== SmartAcca Post-Mortem Generator ===
📈 Including 7 major league matches
🌍 Including 10 other league matches
Found 17 match(es) to process.

Processing: Arouca vs Guimaraes
    ⚠ API quota exhausted, using web scraper...
  ⚠ Result not available yet

Processing: Nantes vs Lyon
    ⚠ API quota exhausted, using web scraper...
    ✓ Found via ESPN
  Result: Nantes 0 - 0 Lyon (FT)
  ⚠ Suspicious FT status: 0-0 after only 25 minutes

Processing: Real Sociedad vs Elche
    ⚠ API quota exhausted, using web scraper...
    ✓ Found via ESPN
  Result: Real Sociedad 0 - 0 Elche (FT)
  ⚠ Suspicious FT status: 0-0 after only 30 minutes

Processing: Fortuna Sittard vs Sparta Rotterdam
    ⚠ API quota exhausted, using web scraper...
    ✓ Found via ESPN
  Result: Fortuna Sittard 0 - 0 Sparta Rotterdam (FT)
  ⚠ Suspicious FT status: 0-0 after only 30 minutes

Processing: Cadiz vs Almeria
    ⚠ API quota exhausted, using web scraper...
  ⚠ Result not available yet

Processing: Aldosivi vs Rosario Central
    ⚠ API quota exhausted, using web scraper...
  ⚠ Result not available yet

Processing: Gent vs OH Leuven
    ⚠ API quota exhausted, using web scraper...
  ⚠ Result not available yet

Processing: Grasshoppers vs BSC Young Boys
    ⚠ API quota exhausted, using web scraper...
  ⚠ Result not available yet

Processing: Rionegro Aguilas vs Cucuta
    ⚠ API quota exhausted, using web scraper...
  ⚠ Result not available yet

Processing: Sevilla vs Girona
    ⚠ API quota exhausted, using web scraper...
  ⚠ Result not available yet

Processing: Zaragoza vs Eibar
    ⚠ API quota exhausted, using web scraper...
  ⚠ Result not available yet

Processing: Al-Qadisiyah FC vs Al-Fateh
    ⚠ API quota exhausted, using web scraper...
  ⚠ Result not available yet

Processing: Charleroi vs Cercle Brugge
    ⚠ API quota exhausted, using web scraper...
  ⚠ Result not available yet

Processing: Lens vs Rennes
    ⚠ API quota exhausted, using web scraper...
  ⚠ Result not available yet

Processing: Lask Linz vs WSG Wattens
    ⚠ API quota exhausted, using web scraper...
  ⚠ Result not available yet

Processing: Rapid Vienna vs TSV Hartberg
    ⚠ API quota exhausted, using web scraper...
  ⚠ Result not available yet

Processing: Rayo Vallecano vs Oviedo
    ⚠ API quota exhausted, using web scraper...
  ⚠ Result not available yet

============================================================

✓ Successfully processed: 3
⚠ Failed: 14

============================================================

📊 ACCUMULATOR ACCURACY STATISTICS

Total Predictions: 2
✅ Correct: 0 (0.0%)
❌ Incorrect: 0 (100.0%)
[Sat Feb  7 20:30:52 UTC 2026] Result fetch completed
=== SmartAcca Post-Mortem Generator ===
📈 Including 7 major league matches
🌍 Including 10 other league matches
Found 17 match(es) to process.

Processing: Arouca vs Guimaraes
    ⚠ API quota exhausted, using web scraper...
  ⚠ Result not available yet

Processing: Nantes vs Lyon
    ⚠ API quota exhausted, using web scraper...
    ✓ Found via ESPN
  Result: Nantes 0 - 0 Lyon (FT)
  ⚠ Suspicious FT status: 0-0 after only 25 minutes

Processing: Real Sociedad vs Elche
    ⚠ API quota exhausted, using web scraper...
    ✓ Found via ESPN
  Result: Real Sociedad 0 - 0 Elche (FT)
  ⚠ Suspicious FT status: 0-0 after only 30 minutes

Processing: Fortuna Sittard vs Sparta Rotterdam
    ⚠ API quota exhausted, using web scraper...
    ✓ Found via ESPN
  Result: Fortuna Sittard 0 - 0 Sparta Rotterdam (FT)
  ⚠ Suspicious FT status: 0-0 after only 30 minutes

Processing: Cadiz vs Almeria
    ⚠ API quota exhausted, using web scraper...
  ⚠ Result not available yet

Processing: Aldosivi vs Rosario Central
    ⚠ API quota exhausted, using web scraper...
  ⚠ Result not available yet

Processing: Gent vs OH Leuven
    ⚠ API quota exhausted, using web scraper...
  ⚠ Result not available yet

Processing: Grasshoppers vs BSC Young Boys
    ⚠ API quota exhausted, using web scraper...
  ⚠ Result not available yet

Processing: Rionegro Aguilas vs Cucuta
    ⚠ API quota exhausted, using web scraper...
  ⚠ Result not available yet

Processing: Sevilla vs Girona
    ⚠ API quota exhausted, using web scraper...
  ⚠ Result not available yet

Processing: Zaragoza vs Eibar
    ⚠ API quota exhausted, using web scraper...
  ⚠ Result not available yet

Processing: Al-Qadisiyah FC vs Al-Fateh
    ⚠ API quota exhausted, using web scraper...
  ⚠ Result not available yet

Processing: Charleroi vs Cercle Brugge
    ⚠ API quota exhausted, using web scraper...
  ⚠ Result not available yet

Processing: Lens vs Rennes
    ⚠ API quota exhausted, using web scraper...
  ⚠ Result not available yet

Processing: Lask Linz vs WSG Wattens
    ⚠ API quota exhausted, using web scraper...
  ⚠ Result not available yet

Processing: Rapid Vienna vs TSV Hartberg
    ⚠ API quota exhausted, using web scraper...
  ⚠ Result not available yet

Processing: Rayo Vallecano vs Oviedo
    ⚠ API quota exhausted, using web scraper...
  ⚠ Result not available yet

============================================================

✓ Successfully processed: 3
⚠ Failed: 14

============================================================

📊 ACCUMULATOR ACCURACY STATISTICS

Total Predictions: 2
✅ Correct: 0 (0.0%)
❌ Incorrect: 0 (100.0%)
[Sat Feb  7 20:30:55 UTC 2026] Result fetch completed
[Sat Feb  7 21:00:01 UTC 2026] Starting result fetch...
[Sat Feb  7 21:00:01 UTC 2026] Starting result fetch...
=== SmartAcca Post-Mortem Generator ===
📈 Including 5 major league matches
🌍 Including 10 other league matches
Found 15 match(es) to process.

Processing: Racing Club vs Argentinos JRS
    API returned status 503
  ⚠ Result not available yet

Processing: O'Higgins vs D. La Serena
    ⚠ API quota exhausted, using web scraper...
  ⚠ Result not available yet

Processing: Arouca vs Guimaraes
    ⚠ API quota exhausted, using web scraper...
    ✓ Found via ESPN
  Result: Arouca 0 - 0 Guimaraes (FT)
  ⚠ Suspicious FT status: 0-0 after only 30 minutes

Processing: Cadiz vs Almeria
    ⚠ API quota exhausted, using web scraper...
  ⚠ Result not available yet

Processing: Aldosivi vs Rosario Central
    ⚠ API quota exhausted, using web scraper...
  ⚠ Result not available yet

Processing: Gent vs OH Leuven
    ⚠ API quota exhausted, using web scraper...
  ⚠ Result not available yet

Processing: Grasshoppers vs BSC Young Boys
    ⚠ API quota exhausted, using web scraper...
  ⚠ Result not available yet

Processing: Rionegro Aguilas vs Cucuta
    ⚠ API quota exhausted, using web scraper...
  ⚠ Result not available yet

Processing: Sevilla vs Girona
    ⚠ API quota exhausted, using web scraper...
  ⚠ Result not available yet

Processing: Zaragoza vs Eibar
    ⚠ API quota exhausted, using web scraper...
  ⚠ Result not available yet

Processing: Al-Qadisiyah FC vs Al-Fateh
    ⚠ API quota exhausted, using web scraper...
  ⚠ Result not available yet

Processing: Lens vs Rennes
    ⚠ API quota exhausted, using web scraper...
  ⚠ Result not available yet

Processing: Lask Linz vs WSG Wattens
    ⚠ API quota exhausted, using web scraper...
  ⚠ Result not available yet

Processing: Rapid Vienna vs TSV Hartberg
    ⚠ API quota exhausted, using web scraper...
  ⚠ Result not available yet

Processing: Rayo Vallecano vs Oviedo
    ⚠ API quota exhausted, using web scraper...
  ⚠ Result not available yet

============================================================

✓ Successfully processed: 1
⚠ Failed: 14

============================================================

📊 ACCUMULATOR ACCURACY STATISTICS

Total Predictions: 2
✅ Correct: 0 (0.0%)
❌ Incorrect: 0 (100.0%)
[Sat Feb  7 21:00:49 UTC 2026] Result fetch completed
=== SmartAcca Post-Mortem Generator ===
📈 Including 5 major league matches
🌍 Including 10 other league matches
Found 15 match(es) to process.

Processing: Racing Club vs Argentinos JRS
    API returned status 503
  ⚠ Result not available yet

Processing: O'Higgins vs D. La Serena
    ⚠ API quota exhausted, using web scraper...
  ⚠ Result not available yet

Processing: Arouca vs Guimaraes
    ⚠ API quota exhausted, using web scraper...
    ✓ Found via ESPN
  Result: Arouca 0 - 0 Guimaraes (FT)
  ⚠ Suspicious FT status: 0-0 after only 30 minutes

Processing: Cadiz vs Almeria
    ⚠ API quota exhausted, using web scraper...
  ⚠ Result not available yet

Processing: Aldosivi vs Rosario Central
    ⚠ API quota exhausted, using web scraper...
  ⚠ Result not available yet

Processing: Gent vs OH Leuven
    ⚠ API quota exhausted, using web scraper...
  ⚠ Result not available yet

Processing: Grasshoppers vs BSC Young Boys
    ⚠ API quota exhausted, using web scraper...
  ⚠ Result not available yet

Processing: Rionegro Aguilas vs Cucuta
    ⚠ API quota exhausted, using web scraper...
  ⚠ Result not available yet

Processing: Sevilla vs Girona
    ⚠ API quota exhausted, using web scraper...
  ⚠ Result not available yet

Processing: Zaragoza vs Eibar
    ⚠ API quota exhausted, using web scraper...
  ⚠ Result not available yet

Processing: Al-Qadisiyah FC vs Al-Fateh
    ⚠ API quota exhausted, using web scraper...
  ⚠ Result not available yet

Processing: Lens vs Rennes
    ⚠ API quota exhausted, using web scraper...
  ⚠ Result not available yet

Processing: Lask Linz vs WSG Wattens
    ⚠ API quota exhausted, using web scraper...
  ⚠ Result not available yet

Processing: Rapid Vienna vs TSV Hartberg
    ⚠ API quota exhausted, using web scraper...
  ⚠ Result not available yet

Processing: Rayo Vallecano vs Oviedo
    ⚠ API quota exhausted, using web scraper...
  ⚠ Result not available yet

============================================================

✓ Successfully processed: 1
⚠ Failed: 14

============================================================

📊 ACCUMULATOR ACCURACY STATISTICS

Total Predictions: 2
✅ Correct: 0 (0.0%)
❌ Incorrect: 0 (100.0%)
[Sat Feb  7 21:00:50 UTC 2026] Result fetch completed
[Sat Feb  7 21:30:02 UTC 2026] Starting result fetch...
[Sat Feb  7 21:30:02 UTC 2026] Starting result fetch...
=== SmartAcca Post-Mortem Generator ===
📈 Including 5 major league matches
🌍 Including 10 other league matches
Found 15 match(es) to process.

Processing: Deportes Tolima vs Llaneros
    ⚠ API quota exhausted, using web scraper...
  ⚠ Result not available yet

Processing: Racing Club vs Argentinos JRS
    ⚠ API quota exhausted, using web scraper...
  ⚠ Result not available yet

Processing: O'Higgins vs D. La Serena
    ⚠ API quota exhausted, using web scraper...
  ⚠ Result not available yet

Processing: Cadiz vs Almeria
    ⚠ API quota exhausted, using web scraper...
  ⚠ Result not available yet

Processing: Aldosivi vs Rosario Central
    ⚠ API quota exhausted, using web scraper...
  ⚠ Result not available yet

Processing: Gent vs OH Leuven
    ⚠ API quota exhausted, using web scraper...
  ⚠ Result not available yet

Processing: Grasshoppers vs BSC Young Boys
    ⚠ API quota exhausted, using web scraper...
  ⚠ Result not available yet

Processing: Rionegro Aguilas vs Cucuta
    ⚠ API quota exhausted, using web scraper...
  ⚠ Result not available yet

Processing: Sevilla vs Girona
    ⚠ API quota exhausted, using web scraper...
  ⚠ Result not available yet

Processing: Zaragoza vs Eibar
    ⚠ API quota exhausted, using web scraper...
  ⚠ Result not available yet

Processing: Al-Qadisiyah FC vs Al-Fateh
    ⚠ API quota exhausted, using web scraper...
  ⚠ Result not available yet

Processing: Lens vs Rennes
    ⚠ API quota exhausted, using web scraper...
  ⚠ Result not available yet

Processing: Lask Linz vs WSG Wattens
    ⚠ API quota exhausted, using web scraper...
  ⚠ Result not available yet

Processing: Rapid Vienna vs TSV Hartberg
    ⚠ API quota exhausted, using web scraper...
  ⚠ Result not available yet

Processing: Rayo Vallecano vs Oviedo
    ⚠ API quota exhausted, using web scraper...
  ⚠ Result not available yet

============================================================

✓ Successfully processed: 0
⚠ Failed: 15

============================================================

📊 ACCUMULATOR ACCURACY STATISTICS

Total Predictions: 2
✅ Correct: 0 (0.0%)
❌ Incorrect: 0 (100.0%)
[Sat Feb  7 21:30:44 UTC 2026] Result fetch completed
=== SmartAcca Post-Mortem Generator ===
📈 Including 5 major league matches
🌍 Including 10 other league matches
Found 15 match(es) to process.

Processing: Deportes Tolima vs Llaneros
    ⚠ API quota exhausted, using web scraper...
  ⚠ Result not available yet

Processing: Racing Club vs Argentinos JRS
    ⚠ API quota exhausted, using web scraper...
  ⚠ Result not available yet

Processing: O'Higgins vs D. La Serena
    ⚠ API quota exhausted, using web scraper...
  ⚠ Result not available yet

Processing: Cadiz vs Almeria
    ⚠ API quota exhausted, using web scraper...
  ⚠ Result not available yet

Processing: Aldosivi vs Rosario Central
    ⚠ API quota exhausted, using web scraper...
  ⚠ Result not available yet

Processing: Gent vs OH Leuven
    ⚠ API quota exhausted, using web scraper...
  ⚠ Result not available yet

Processing: Grasshoppers vs BSC Young Boys
    ⚠ API quota exhausted, using web scraper...
  ⚠ Result not available yet

Processing: Rionegro Aguilas vs Cucuta
    ⚠ API quota exhausted, using web scraper...
  ⚠ Result not available yet

Processing: Sevilla vs Girona
    ⚠ API quota exhausted, using web scraper...
  ⚠ Result not available yet

Processing: Zaragoza vs Eibar
    ⚠ API quota exhausted, using web scraper...
  ⚠ Result not available yet

Processing: Al-Qadisiyah FC vs Al-Fateh
    ⚠ API quota exhausted, using web scraper...
  ⚠ Result not available yet

Processing: Lens vs Rennes
    ⚠ API quota exhausted, using web scraper...
  ⚠ Result not available yet

Processing: Lask Linz vs WSG Wattens
    ⚠ API quota exhausted, using web scraper...
  ⚠ Result not available yet

Processing: Rapid Vienna vs TSV Hartberg
    ⚠ API quota exhausted, using web scraper...
  ⚠ Result not available yet

Processing: Rayo Vallecano vs Oviedo
    ⚠ API quota exhausted, using web scraper...
  ⚠ Result not available yet

============================================================

✓ Successfully processed: 0
⚠ Failed: 15

============================================================

📊 ACCUMULATOR ACCURACY STATISTICS

Total Predictions: 2
✅ Correct: 0 (0.0%)
❌ Incorrect: 0 (100.0%)
[Sat Feb  7 21:30:46 UTC 2026] Result fetch completed
[Sat Feb  7 22:00:02 UTC 2026] Starting result fetch...
[Sat Feb  7 22:00:02 UTC 2026] Starting result fetch...
=== SmartAcca Post-Mortem Generator ===
📈 Including 5 major league matches
🌍 Including 10 other league matches
Found 15 match(es) to process.

Processing: Deportes Tolima vs Llaneros
    ⚠ API quota exhausted, using web scraper...
  ⚠ Result not available yet

Processing: Racing Club vs Argentinos JRS
    ⚠ API quota exhausted, using web scraper...
  ⚠ Result not available yet

Processing: O'Higgins vs D. La Serena
    ⚠ API quota exhausted, using web scraper...
  ⚠ Result not available yet

Processing: Cadiz vs Almeria
    ⚠ API quota exhausted, using web scraper...
  ⚠ Result not available yet

Processing: Aldosivi vs Rosario Central
    ⚠ API quota exhausted, using web scraper...
  ⚠ Result not available yet

Processing: Gent vs OH Leuven
    ⚠ API quota exhausted, using web scraper...
  ⚠ Result not available yet

Processing: Grasshoppers vs BSC Young Boys
    ⚠ API quota exhausted, using web scraper...
  ⚠ Result not available yet

Processing: Rionegro Aguilas vs Cucuta
    ⚠ API quota exhausted, using web scraper...
  ⚠ Result not available yet

Processing: Sevilla vs Girona
    ⚠ API quota exhausted, using web scraper...
  ⚠ Result not available yet

Processing: Zaragoza vs Eibar
    ⚠ API quota exhausted, using web scraper...
  ⚠ Result not available yet

Processing: Al-Qadisiyah FC vs Al-Fateh
    ⚠ API quota exhausted, using web scraper...
  ⚠ Result not available yet

Processing: Lens vs Rennes
    ⚠ API quota exhausted, using web scraper...
  ⚠ Result not available yet

Processing: Lask Linz vs WSG Wattens
    ⚠ API quota exhausted, using web scraper...
  ⚠ Result not available yet

Processing: Rapid Vienna vs TSV Hartberg
    ⚠ API quota exhausted, using web scraper...
  ⚠ Result not available yet

Processing: Rayo Vallecano vs Oviedo
    ⚠ API quota exhausted, using web scraper...
  ⚠ Result not available yet

============================================================

✓ Successfully processed: 0
⚠ Failed: 15

============================================================

📊 ACCUMULATOR ACCURACY STATISTICS

Total Predictions: 2
✅ Correct: 0 (0.0%)
❌ Incorrect: 0 (100.0%)
=== SmartAcca Post-Mortem Generator ===
📈 Including 5 major league matches
🌍 Including 10 other league matches
Found 15 match(es) to process.

Processing: Deportes Tolima vs Llaneros
    ⚠ API quota exhausted, using web scraper...
  ⚠ Result not available yet

Processing: Racing Club vs Argentinos JRS
    ⚠ API quota exhausted, using web scraper...
  ⚠ Result not available yet

Processing: O'Higgins vs D. La Serena
    ⚠ API quota exhausted, using web scraper...
  ⚠ Result not available yet

Processing: Cadiz vs Almeria
    ⚠ API quota exhausted, using web scraper...
  ⚠ Result not available yet

Processing: Aldosivi vs Rosario Central
    ⚠ API quota exhausted, using web scraper...
  ⚠ Result not available yet

Processing: Gent vs OH Leuven
    ⚠ API quota exhausted, using web scraper...
  ⚠ Result not available yet

Processing: Grasshoppers vs BSC Young Boys
    ⚠ API quota exhausted, using web scraper...
  ⚠ Result not available yet

Processing: Rionegro Aguilas vs Cucuta
    ⚠ API quota exhausted, using web scraper...
  ⚠ Result not available yet

Processing: Sevilla vs Girona
    ⚠ API quota exhausted, using web scraper...
  ⚠ Result not available yet

Processing: Zaragoza vs Eibar
    ⚠ API quota exhausted, using web scraper...
  ⚠ Result not available yet

Processing: Al-Qadisiyah FC vs Al-Fateh
    ⚠ API quota exhausted, using web scraper...
  ⚠ Result not available yet

Processing: Lens vs Rennes
    ⚠ API quota exhausted, using web scraper...
  ⚠ Result not available yet

Processing: Lask Linz vs WSG Wattens
    ⚠ API quota exhausted, using web scraper...
  ⚠ Result not available yet

Processing: Rapid Vienna vs TSV Hartberg
    ⚠ API quota exhausted, using web scraper...
  ⚠ Result not available yet

Processing: Rayo Vallecano vs Oviedo
    ⚠ API quota exhausted, using web scraper...
  ⚠ Result not available yet

============================================================

✓ Successfully processed: 0
⚠ Failed: 15

============================================================

📊 ACCUMULATOR ACCURACY STATISTICS

Total Predictions: 2
✅ Correct: 0 (0.0%)
❌ Incorrect: 0 (100.0%)
[Sat Feb  7 22:00:49 UTC 2026] Result fetch completed
[Sat Feb  7 22:00:49 UTC 2026] Result fetch completed
[Sat Feb  7 22:30:01 UTC 2026] Starting result fetch...
[Sat Feb  7 22:30:01 UTC 2026] Starting result fetch...
=== SmartAcca Post-Mortem Generator ===
📈 Including 5 major league matches
🌍 Including 10 other league matches
Found 15 match(es) to process.

Processing: Deportes Tolima vs Llaneros
    ⚠ API quota exhausted, using web scraper...
  ⚠ Result not available yet

Processing: Racing Club vs Argentinos JRS
    ⚠ API quota exhausted, using web scraper...
  ⚠ Result not available yet

Processing: O'Higgins vs D. La Serena
    ⚠ API quota exhausted, using web scraper...
  ⚠ Result not available yet

Processing: Cadiz vs Almeria
    ⚠ API quota exhausted, using web scraper...
  ⚠ Result not available yet

Processing: Aldosivi vs Rosario Central
    ⚠ API quota exhausted, using web scraper...
  ⚠ Result not available yet

Processing: Gent vs OH Leuven
    ⚠ API quota exhausted, using web scraper...
  ⚠ Result not available yet

Processing: Grasshoppers vs BSC Young Boys
    ⚠ API quota exhausted, using web scraper...
  ⚠ Result not available yet

Processing: Rionegro Aguilas vs Cucuta
    ⚠ API quota exhausted, using web scraper...
  ⚠ Result not available yet

Processing: Sevilla vs Girona
    ⚠ API quota exhausted, using web scraper...
  ⚠ Result not available yet

Processing: Zaragoza vs Eibar
    ⚠ API quota exhausted, using web scraper...
  ⚠ Result not available yet

Processing: Al-Qadisiyah FC vs Al-Fateh
    ⚠ API quota exhausted, using web scraper...
  ⚠ Result not available yet

Processing: Lens vs Rennes
    ⚠ API quota exhausted, using web scraper...
  ⚠ Result not available yet

Processing: Lask Linz vs WSG Wattens
    ⚠ API quota exhausted, using web scraper...
  ⚠ Result not available yet

Processing: Rapid Vienna vs TSV Hartberg
    ⚠ API quota exhausted, using web scraper...
  ⚠ Result not available yet

Processing: Rayo Vallecano vs Oviedo
    ⚠ API quota exhausted, using web scraper...
  ⚠ Result not available yet

============================================================

✓ Successfully processed: 0
⚠ Failed: 15

============================================================

📊 ACCUMULATOR ACCURACY STATISTICS

Total Predictions: 2
✅ Correct: 0 (0.0%)
❌ Incorrect: 0 (100.0%)
[Sat Feb  7 22:30:43 UTC 2026] Result fetch completed
=== SmartAcca Post-Mortem Generator ===
📈 Including 5 major league matches
🌍 Including 10 other league matches
Found 15 match(es) to process.

Processing: Deportes Tolima vs Llaneros
    ⚠ API quota exhausted, using web scraper...
  ⚠ Result not available yet

Processing: Racing Club vs Argentinos JRS
    ⚠ API quota exhausted, using web scraper...
  ⚠ Result not available yet

Processing: O'Higgins vs D. La Serena
    ⚠ API quota exhausted, using web scraper...
  ⚠ Result not available yet

Processing: Cadiz vs Almeria
    ⚠ API quota exhausted, using web scraper...
  ⚠ Result not available yet

Processing: Aldosivi vs Rosario Central
    ⚠ API quota exhausted, using web scraper...
  ⚠ Result not available yet

Processing: Gent vs OH Leuven
    ⚠ API quota exhausted, using web scraper...
  ⚠ Result not available yet

Processing: Grasshoppers vs BSC Young Boys
    ⚠ API quota exhausted, using web scraper...
  ⚠ Result not available yet

Processing: Rionegro Aguilas vs Cucuta
    ⚠ API quota exhausted, using web scraper...
  ⚠ Result not available yet

Processing: Sevilla vs Girona
    ⚠ API quota exhausted, using web scraper...
  ⚠ Result not available yet

Processing: Zaragoza vs Eibar
    ⚠ API quota exhausted, using web scraper...
  ⚠ Result not available yet

Processing: Al-Qadisiyah FC vs Al-Fateh
    ⚠ API quota exhausted, using web scraper...
  ⚠ Result not available yet

Processing: Lens vs Rennes
    ⚠ API quota exhausted, using web scraper...
  ⚠ Result not available yet

Processing: Lask Linz vs WSG Wattens
    ⚠ API quota exhausted, using web scraper...
  ⚠ Result not available yet

Processing: Rapid Vienna vs TSV Hartberg
    ⚠ API quota exhausted, using web scraper...
  ⚠ Result not available yet

Processing: Rayo Vallecano vs Oviedo
    ⚠ API quota exhausted, using web scraper...
  ⚠ Result not available yet

============================================================

✓ Successfully processed: 0
⚠ Failed: 15

============================================================

📊 ACCUMULATOR ACCURACY STATISTICS

Total Predictions: 2
✅ Correct: 0 (0.0%)
❌ Incorrect: 0 (100.0%)
[Sat Feb  7 22:30:46 UTC 2026] Result fetch completed
[Sat Feb  7 23:00:01 UTC 2026] Starting result fetch...
[Sat Feb  7 23:00:01 UTC 2026] Starting result fetch...
=== SmartAcca Post-Mortem Generator ===
📈 Including 5 major league matches
🌍 Including 10 other league matches
Found 15 match(es) to process.

Processing: River Plate vs Tigre
    ⚠ API quota exhausted, using web scraper...
  ⚠ Result not available yet

Processing: Club Queretaro vs Leon
    ⚠ API quota exhausted, using web scraper...
  ⚠ Result not available yet

Processing: Toluca vs Cruz Azul
    API returned status 503
  ⚠ Result not available yet

Processing: Deportes Tolima vs Llaneros
    ⚠ API quota exhausted, using web scraper...
  ⚠ Result not available yet

Processing: Racing Club vs Argentinos JRS
    ⚠ API quota exhausted, using web scraper...
  ⚠ Result not available yet

Processing: O'Higgins vs D. La Serena
    ⚠ API quota exhausted, using web scraper...
  ⚠ Result not available yet

Processing: Cadiz vs Almeria
    ⚠ API quota exhausted, using web scraper...
  ⚠ Result not available yet

Processing: Aldosivi vs Rosario Central
    ⚠ API quota exhausted, using web scraper...
  ⚠ Result not available yet

Processing: Gent vs OH Leuven
    ⚠ API quota exhausted, using web scraper...
  ⚠ Result not available yet

Processing: Grasshoppers vs BSC Young Boys
    ⚠ API quota exhausted, using web scraper...
  ⚠ Result not available yet

Processing: Sevilla vs Girona
    ⚠ API quota exhausted, using web scraper...
  ⚠ Result not available yet

Processing: Lens vs Rennes
    ⚠ API quota exhausted, using web scraper...
  ⚠ Result not available yet

Processing: Lask Linz vs WSG Wattens
    ⚠ API quota exhausted, using web scraper...
  ⚠ Result not available yet

Processing: Rapid Vienna vs TSV Hartberg
    ⚠ API quota exhausted, using web scraper...
  ⚠ Result not available yet

Processing: Rayo Vallecano vs Oviedo
    ⚠ API quota exhausted, using web scraper...
  ⚠ Result not available yet

============================================================

✓ Successfully processed: 0
⚠ Failed: 15

============================================================

📊 ACCUMULATOR ACCURACY STATISTICS

Total Predictions: 2
✅ Correct: 0 (0.0%)
❌ Incorrect: 0 (100.0%)
[Sat Feb  7 23:00:51 UTC 2026] Result fetch completed
=== SmartAcca Post-Mortem Generator ===
📈 Including 5 major league matches
🌍 Including 10 other league matches
Found 15 match(es) to process.

Processing: River Plate vs Tigre
    ⚠ API quota exhausted, using web scraper...
  ⚠ Result not available yet

Processing: Club Queretaro vs Leon
    ⚠ API quota exhausted, using web scraper...
  ⚠ Result not available yet

Processing: Toluca vs Cruz Azul
    ⚠ API quota exhausted, using web scraper...
  ⚠ Result not available yet

Processing: Deportes Tolima vs Llaneros
    ⚠ API quota exhausted, using web scraper...
  ⚠ Result not available yet

Processing: Racing Club vs Argentinos JRS
    ⚠ API quota exhausted, using web scraper...
  ⚠ Result not available yet

Processing: O'Higgins vs D. La Serena
    ⚠ API quota exhausted, using web scraper...
  ⚠ Result not available yet

Processing: Cadiz vs Almeria
    ⚠ API quota exhausted, using web scraper...
  ⚠ Result not available yet

Processing: Aldosivi vs Rosario Central
    ⚠ API quota exhausted, using web scraper...
  ⚠ Result not available yet

Processing: Gent vs OH Leuven
    ⚠ API quota exhausted, using web scraper...
  ⚠ Result not available yet

Processing: Grasshoppers vs BSC Young Boys
    ⚠ API quota exhausted, using web scraper...
  ⚠ Result not available yet

Processing: Sevilla vs Girona
    ⚠ API quota exhausted, using web scraper...
  ⚠ Result not available yet

Processing: Lens vs Rennes
    ⚠ API quota exhausted, using web scraper...
  ⚠ Result not available yet

Processing: Lask Linz vs WSG Wattens
    ⚠ API quota exhausted, using web scraper...
  ⚠ Result not available yet

Processing: Rapid Vienna vs TSV Hartberg
    ⚠ API quota exhausted, using web scraper...
  ⚠ Result not available yet

Processing: Rayo Vallecano vs Oviedo
    ⚠ API quota exhausted, using web scraper...
  ⚠ Result not available yet

============================================================

✓ Successfully processed: 0
⚠ Failed: 15

============================================================

📊 ACCUMULATOR ACCURACY STATISTICS

Total Predictions: 2
✅ Correct: 0 (0.0%)
❌ Incorrect: 0 (100.0%)
[Sat Feb  7 23:00:52 UTC 2026] Result fetch completed
[Sat Feb  7 23:30:01 UTC 2026] Starting result fetch...
[Sat Feb  7 23:30:01 UTC 2026] Starting result fetch...
=== SmartAcca Post-Mortem Generator ===
📈 Including 5 major league matches
🌍 Including 10 other league matches
Found 15 match(es) to process.

Processing: Colo Colo vs Everton de Vina
    ⚠ API quota exhausted, using web scraper...
  ⚠ Result not available yet

Processing: Santa Fe vs Atletico Nacional
    ⚠ API quota exhausted, using web scraper...
  ⚠ Result not available yet

Processing: Fortaleza FC vs Santa Fe
    ⚠ API quota exhausted, using web scraper...
  ⚠ Result not available yet

Processing: River Plate vs Tigre
    ⚠ API quota exhausted, using web scraper...
  ⚠ Result not available yet

Processing: Club Queretaro vs Leon
    ⚠ API quota exhausted, using web scraper...
  ⚠ Result not available yet

Processing: Toluca vs Cruz Azul
    ⚠ API quota exhausted, using web scraper...
  ⚠ Result not available yet

Processing: Deportes Tolima vs Llaneros
    ⚠ API quota exhausted, using web scraper...
  ⚠ Result not available yet

Processing: Racing Club vs Argentinos JRS
    ⚠ API quota exhausted, using web scraper...
  ⚠ Result not available yet

Processing: O'Higgins vs D. La Serena
    ⚠ API quota exhausted, using web scraper...
  ⚠ Result not available yet

Processing: Cadiz vs Almeria
    ⚠ API quota exhausted, using web scraper...
  ⚠ Result not available yet

Processing: Sevilla vs Girona
    ⚠ API quota exhausted, using web scraper...
  ⚠ Result not available yet

Processing: Lens vs Rennes
    ⚠ API quota exhausted, using web scraper...
  ⚠ Result not available yet

Processing: Lask Linz vs WSG Wattens
    ⚠ API quota exhausted, using web scraper...
  ⚠ Result not available yet

Processing: Rapid Vienna vs TSV Hartberg
    ⚠ API quota exhausted, using web scraper...
  ⚠ Result not available yet

Processing: Rayo Vallecano vs Oviedo
    ⚠ API quota exhausted, using web scraper...
  ⚠ Result not available yet

============================================================

✓ Successfully processed: 0
⚠ Failed: 15

============================================================

📊 ACCUMULATOR ACCURACY STATISTICS

Total Predictions: 2
✅ Correct: 0 (0.0%)
❌ Incorrect: 0 (100.0%)
[Sat Feb  7 23:30:45 UTC 2026] Result fetch completed
=== SmartAcca Post-Mortem Generator ===
📈 Including 5 major league matches
🌍 Including 10 other league matches
Found 15 match(es) to process.

Processing: Colo Colo vs Everton de Vina
    ⚠ API quota exhausted, using web scraper...
  ⚠ Result not available yet

Processing: Santa Fe vs Atletico Nacional
    ⚠ API quota exhausted, using web scraper...
  ⚠ Result not available yet

Processing: Fortaleza FC vs Santa Fe
    ⚠ API quota exhausted, using web scraper...
  ⚠ Result not available yet

Processing: River Plate vs Tigre
    ⚠ API quota exhausted, using web scraper...
  ⚠ Result not available yet

Processing: Club Queretaro vs Leon
    ⚠ API quota exhausted, using web scraper...
  ⚠ Result not available yet

Processing: Toluca vs Cruz Azul
    ⚠ API quota exhausted, using web scraper...
  ⚠ Result not available yet

Processing: Deportes Tolima vs Llaneros
    ⚠ API quota exhausted, using web scraper...
  ⚠ Result not available yet

Processing: Racing Club vs Argentinos JRS
    ⚠ API quota exhausted, using web scraper...
  ⚠ Result not available yet

Processing: O'Higgins vs D. La Serena
    ⚠ API quota exhausted, using web scraper...
  ⚠ Result not available yet

Processing: Cadiz vs Almeria
    ⚠ API quota exhausted, using web scraper...
  ⚠ Result not available yet

Processing: Sevilla vs Girona
    ⚠ API quota exhausted, using web scraper...
  ⚠ Result not available yet

Processing: Lens vs Rennes
    ⚠ API quota exhausted, using web scraper...
  ⚠ Result not available yet

Processing: Lask Linz vs WSG Wattens
    ⚠ API quota exhausted, using web scraper...
  ⚠ Result not available yet

Processing: Rapid Vienna vs TSV Hartberg
    ⚠ API quota exhausted, using web scraper...
  ⚠ Result not available yet

Processing: Rayo Vallecano vs Oviedo
    ⚠ API quota exhausted, using web scraper...
  ⚠ Result not available yet

============================================================

✓ Successfully processed: 0
⚠ Failed: 15

============================================================

📊 ACCUMULATOR ACCURACY STATISTICS

Total Predictions: 2
✅ Correct: 0 (0.0%)
❌ Incorrect: 0 (100.0%)
[Sat Feb  7 23:30:45 UTC 2026] Result fetch completed
[Sun Feb  8 00:00:02 UTC 2026] Starting result fetch...
[Sun Feb  8 00:00:02 UTC 2026] Starting result fetch...
=== SmartAcca Post-Mortem Generator ===
📈 Including 5 major league matches
🌍 Including 10 other league matches
Found 15 match(es) to process.

Processing: Colo Colo vs Everton de Vina
    API returned status 503
  ⚠ Result not available yet

Processing: Santa Fe vs Atletico Nacional
  ⚠ Result not available yet

Processing: Fortaleza FC vs Santa Fe
  ⚠ Result not available yet

Processing: River Plate vs Tigre
  ⚠ Result not available yet

Processing: Club Queretaro vs Leon
  ⚠ Result not available yet

Processing: Toluca vs Cruz Azul
  ⚠ Result not available yet

Processing: Deportes Tolima vs Llaneros
  ⚠ Result not available yet

Processing: Racing Club vs Argentinos JRS
  ⚠ Result not available yet

Processing: O'Higgins vs D. La Serena
  ⚠ Result not available yet

Processing: Cadiz vs Almeria
  ⚠ Result not available yet

Processing: Sevilla vs Girona
  ⚠ Result not available yet

Processing: Lens vs Rennes
  ⚠ Result not available yet

Processing: Lask Linz vs WSG Wattens
  ⚠ Result not available yet

Processing: Rapid Vienna vs TSV Hartberg
  ⚠ Result not available yet

Processing: Rayo Vallecano vs Oviedo
  ⚠ Result not available yet

============================================================

✓ Successfully processed: 0
⚠ Failed: 15

============================================================

📊 ACCUMULATOR ACCURACY STATISTICS

Total Predictions: 2
✅ Correct: 0 (0.0%)
❌ Incorrect: 0 (100.0%)
[Sun Feb  8 00:00:27 UTC 2026] Result fetch completed
=== SmartAcca Post-Mortem Generator ===
📈 Including 5 major league matches
🌍 Including 10 other league matches
Found 15 match(es) to process.

Processing: Colo Colo vs Everton de Vina
  ⚠ Result not available yet

Processing: Santa Fe vs Atletico Nacional
  ⚠ Result not available yet

Processing: Fortaleza FC vs Santa Fe
  ⚠ Result not available yet

Processing: River Plate vs Tigre
  ⚠ Result not available yet

Processing: Club Queretaro vs Leon
  ⚠ Result not available yet

Processing: Toluca vs Cruz Azul
  ⚠ Result not available yet

Processing: Deportes Tolima vs Llaneros
    API returned status 503
  ⚠ Result not available yet

Processing: Racing Club vs Argentinos JRS
  ⚠ Result not available yet

Processing: O'Higgins vs D. La Serena
    API returned status 503
  ⚠ Result not available yet

Processing: Cadiz vs Almeria
  ⚠ Result not available yet

Processing: Sevilla vs Girona
  ⚠ Result not available yet

Processing: Lens vs Rennes
  ⚠ Result not available yet

Processing: Lask Linz vs WSG Wattens
  ⚠ Result not available yet

Processing: Rapid Vienna vs TSV Hartberg
  ⚠ Result not available yet

Processing: Rayo Vallecano vs Oviedo
  ⚠ Result not available yet

============================================================

✓ Successfully processed: 0
⚠ Failed: 15

============================================================

📊 ACCUMULATOR ACCURACY STATISTICS

Total Predictions: 2
✅ Correct: 0 (0.0%)
❌ Incorrect: 0 (100.0%)
[Sun Feb  8 00:00:28 UTC 2026] Result fetch completed
[Sun Feb  8 00:30:02 UTC 2026] Starting result fetch...
[Sun Feb  8 00:30:02 UTC 2026] Starting result fetch...
=== SmartAcca Post-Mortem Generator ===
📈 Including 5 major league matches
🌍 Including 10 other league matches
Found 15 match(es) to process.

Processing: Colo Colo vs Everton de Vina
  Result: Colo Colo 0 - 0 Everton de Vina (HT)

Processing: Santa Fe vs Atletico Nacional
  Result: Santa Fe None - None Atletico Nacional (PST)

Processing: Fortaleza FC vs Santa Fe
  Result: Fortaleza FC 0 - 0 Santa Fe (HT)

Processing: River Plate vs Tigre
  Result: River Plate 0 - 3 Tigre (2H)

Processing: Club Queretaro vs Leon
  Result: Club Queretaro 2 - 0 Leon (2H)

Processing: Toluca vs Cruz Azul
  ⚠ Result not available yet

Processing: Deportes Tolima vs Llaneros
  ⚠ Result not available yet

Processing: Racing Club vs Argentinos JRS
  ⚠ Result not available yet

Processing: O'Higgins vs D. La Serena
  ⚠ Result not available yet

Processing: Cadiz vs Almeria
  ⚠ Result not available yet

Processing: Sevilla vs Girona
  ⚠ Result not available yet

Processing: Lens vs Rennes
  ⚠ Result not available yet

Processing: Lask Linz vs WSG Wattens
  ⚠ Result not available yet

Processing: Rapid Vienna vs TSV Hartberg
  ⚠ Result not available yet

Processing: Rayo Vallecano vs Oviedo
  ⚠ Result not available yet

============================================================

✓ Successfully processed: 5
⚠ Failed: 10

============================================================

📊 ACCUMULATOR ACCURACY STATISTICS

Total Predictions: 2
✅ Correct: 0 (0.0%)
❌ Incorrect: 0 (100.0%)
=== SmartAcca Post-Mortem Generator ===
📈 Including 5 major league matches
🌍 Including 10 other league matches
Found 15 match(es) to process.

Processing: Colo Colo vs Everton de Vina
  Result: Colo Colo 0 - 0 Everton de Vina (HT)

Processing: Santa Fe vs Atletico Nacional
  Result: Santa Fe None - None Atletico Nacional (PST)

Processing: Fortaleza FC vs Santa Fe
  Result: Fortaleza FC 0 - 0 Santa Fe (HT)

Processing: River Plate vs Tigre
  Result: River Plate 0 - 3 Tigre (2H)

Processing: Club Queretaro vs Leon
  Result: Club Queretaro 2 - 0 Leon (2H)

Processing: Toluca vs Cruz Azul
  ⚠ Result not available yet

Processing: Deportes Tolima vs Llaneros
  ⚠ Result not available yet

Processing: Racing Club vs Argentinos JRS
  ⚠ Result not available yet

Processing: O'Higgins vs D. La Serena
  ⚠ Result not available yet

Processing: Cadiz vs Almeria
  ⚠ Result not available yet

Processing: Sevilla vs Girona
  ⚠ Result not available yet

Processing: Lens vs Rennes
  ⚠ Result not available yet

Processing: Lask Linz vs WSG Wattens
  ⚠ Result not available yet

Processing: Rapid Vienna vs TSV Hartberg
  ⚠ Result not available yet

Processing: Rayo Vallecano vs Oviedo
  ⚠ Result not available yet

============================================================

✓ Successfully processed: 5
⚠ Failed: 10

============================================================

📊 ACCUMULATOR ACCURACY STATISTICS

Total Predictions: 2
✅ Correct: 0 (0.0%)
❌ Incorrect: 0 (100.0%)
[Sun Feb  8 00:30:25 UTC 2026] Result fetch completed
[Sun Feb  8 00:30:25 UTC 2026] Result fetch completed
[Sun Feb  8 01:00:01 UTC 2026] Starting result fetch...
[Sun Feb  8 01:00:01 UTC 2026] Starting result fetch...
=== SmartAcca Post-Mortem Generator ===
📈 Including 5 major league matches
🌍 Including 10 other league matches
Found 15 match(es) to process.

Processing: Colo Colo vs Everton de Vina
  Result: Colo Colo 0 - 0 Everton de Vina (2H)

Processing: Santa Fe vs Atletico Nacional
  Result: Santa Fe None - None Atletico Nacional (PST)

Processing: Fortaleza FC vs Santa Fe
  Result: Fortaleza FC 0 - 0 Santa Fe (2H)

Processing: River Plate vs Tigre
  Result: River Plate 1 - 4 Tigre (2H)

Processing: Club Queretaro vs Leon
  ⚠ Result not available yet

Processing: Toluca vs Cruz Azul
  ⚠ Result not available yet

Processing: Deportes Tolima vs Llaneros
  ⚠ Result not available yet

Processing: Racing Club vs Argentinos JRS
  ⚠ Result not available yet

Processing: O'Higgins vs D. La Serena
  ⚠ Result not available yet

Processing: Cadiz vs Almeria
  ⚠ Result not available yet

Processing: Sevilla vs Girona
  ⚠ Result not available yet

Processing: Lens vs Rennes
  ⚠ Result not available yet

Processing: Lask Linz vs WSG Wattens
  ⚠ Result not available yet

Processing: Rapid Vienna vs TSV Hartberg
  ⚠ Result not available yet

Processing: Rayo Vallecano vs Oviedo
  ⚠ Result not available yet

============================================================

✓ Successfully processed: 4
⚠ Failed: 11

============================================================

📊 ACCUMULATOR ACCURACY STATISTICS

Total Predictions: 2
✅ Correct: 0 (0.0%)
❌ Incorrect: 0 (100.0%)
[Sun Feb  8 01:00:29 UTC 2026] Result fetch completed
=== SmartAcca Post-Mortem Generator ===
📈 Including 5 major league matches
🌍 Including 10 other league matches
Found 15 match(es) to process.

Processing: Colo Colo vs Everton de Vina
  Result: Colo Colo 0 - 0 Everton de Vina (2H)

Processing: Santa Fe vs Atletico Nacional
  Result: Santa Fe None - None Atletico Nacional (PST)

Processing: Fortaleza FC vs Santa Fe
  Result: Fortaleza FC 0 - 0 Santa Fe (2H)

Processing: River Plate vs Tigre
  ⚠ Result not available yet

Processing: Club Queretaro vs Leon
  ⚠ Result not available yet

Processing: Toluca vs Cruz Azul
  ⚠ Result not available yet

Processing: Deportes Tolima vs Llaneros
  ⚠ Result not available yet

Processing: Racing Club vs Argentinos JRS
  ⚠ Result not available yet

Processing: O'Higgins vs D. La Serena
  ⚠ Result not available yet

Processing: Cadiz vs Almeria
  ⚠ Result not available yet

Processing: Sevilla vs Girona
  ⚠ Result not available yet

Processing: Lens vs Rennes
  ⚠ Result not available yet

Processing: Lask Linz vs WSG Wattens
  ⚠ Result not available yet

Processing: Rapid Vienna vs TSV Hartberg
  ⚠ Result not available yet

Processing: Rayo Vallecano vs Oviedo
  ⚠ Result not available yet

============================================================

✓ Successfully processed: 3
⚠ Failed: 12

============================================================

📊 ACCUMULATOR ACCURACY STATISTICS

Total Predictions: 2
✅ Correct: 0 (0.0%)
❌ Incorrect: 0 (100.0%)
[Sun Feb  8 01:00:29 UTC 2026] Result fetch completed
[Sun Feb  8 01:30:02 UTC 2026] Starting result fetch...
[Sun Feb  8 01:30:02 UTC 2026] Starting result fetch...
=== SmartAcca Post-Mortem Generator ===
📈 Including 5 major league matches
🌍 Including 10 other league matches
Found 15 match(es) to process.

Processing: Colo Colo vs Everton de Vina
  Result: Colo Colo 1 - 0 Everton de Vina (2H)

Processing: Santa Fe vs Atletico Nacional
  Result: Santa Fe None - None Atletico Nacional (PST)

Processing: Fortaleza FC vs Santa Fe
  Result: Fortaleza FC 1 - 1 Santa Fe (FT)
  Prediction: ❌ UNKNOWN

Processing: River Plate vs Tigre
  Result: River Plate 1 - 4 Tigre (FT)
  Prediction: ❌ UNKNOWN

Processing: Club Queretaro vs Leon
  Result: Club Queretaro 2 - 0 Leon (FT)
  Prediction: ❌ UNKNOWN

Processing: Toluca vs Cruz Azul
  ⚠ Result not available yet

Processing: Deportes Tolima vs Llaneros
  ⚠ Result not available yet

Processing: Racing Club vs Argentinos JRS
  ⚠ Result not available yet

Processing: O'Higgins vs D. La Serena
  ⚠ Result not available yet

Processing: Cadiz vs Almeria
  ⚠ Result not available yet

Processing: Sevilla vs Girona
  ⚠ Result not available yet

Processing: Lens vs Rennes
  ⚠ Result not available yet

Processing: Lask Linz vs WSG Wattens
  ⚠ Result not available yet

Processing: Rapid Vienna vs TSV Hartberg
  ⚠ Result not available yet

Processing: Rayo Vallecano vs Oviedo
  ⚠ Result not available yet

============================================================

✓ Successfully processed: 5
⚠ Failed: 10

============================================================

📊 ACCUMULATOR ACCURACY STATISTICS

Total Predictions: 2
✅ Correct: 0 (0.0%)
❌ Incorrect: 0 (100.0%)
=== SmartAcca Post-Mortem Generator ===
📈 Including 5 major league matches
🌍 Including 10 other league matches
Found 15 match(es) to process.

Processing: Colo Colo vs Everton de Vina
  Result: Colo Colo 1 - 0 Everton de Vina (2H)

Processing: Santa Fe vs Atletico Nacional
  Result: Santa Fe None - None Atletico Nacional (PST)

Processing: Fortaleza FC vs Santa Fe
  Result: Fortaleza FC 1 - 1 Santa Fe (FT)
  Prediction: ❌ UNKNOWN

Processing: River Plate vs Tigre
  Result: River Plate 1 - 4 Tigre (FT)
  Prediction: ❌ UNKNOWN

Processing: Club Queretaro vs Leon
  Result: Club Queretaro 2 - 0 Leon (FT)
  Prediction: ❌ UNKNOWN

Processing: Toluca vs Cruz Azul
  Result: Toluca 1 - 1 Cruz Azul (FT)
  Prediction: ❌ UNKNOWN

Processing: Deportes Tolima vs Llaneros
  ⚠ Result not available yet

Processing: Racing Club vs Argentinos JRS
  ⚠ Result not available yet

Processing: O'Higgins vs D. La Serena
  ⚠ Result not available yet

Processing: Cadiz vs Almeria
  ⚠ Result not available yet

Processing: Sevilla vs Girona
  ⚠ Result not available yet

Processing: Lens vs Rennes
  ⚠ Result not available yet

Processing: Lask Linz vs WSG Wattens
  ⚠ Result not available yet

Processing: Rapid Vienna vs TSV Hartberg
  ⚠ Result not available yet

Processing: Rayo Vallecano vs Oviedo
  ⚠ Result not available yet

============================================================

✓ Successfully processed: 6
⚠ Failed: 9

============================================================

📊 ACCUMULATOR ACCURACY STATISTICS

Total Predictions: 2
✅ Correct: 0 (0.0%)
❌ Incorrect: 0 (100.0%)
[Sun Feb  8 01:30:25 UTC 2026] Result fetch completed
[Sun Feb  8 01:30:25 UTC 2026] Result fetch completed
[Sun Feb  8 02:00:01 UTC 2026] Starting result fetch...
[Sun Feb  8 02:00:01 UTC 2026] Starting result fetch...
=== SmartAcca Post-Mortem Generator ===
📈 Including 5 major league matches
🌍 Including 10 other league matches
Found 15 match(es) to process.

Processing: Colo Colo vs Everton de Vina
  Result: Colo Colo 2 - 0 Everton de Vina (FT)
  Prediction: ❌ UNKNOWN

Processing: Santa Fe vs Atletico Nacional
  Result: Santa Fe None - None Atletico Nacional (PST)

Processing: Deportes Tolima vs Llaneros
  Result: Deportes Tolima 0 - 1 Llaneros (FT)
  Prediction: ❌ UNKNOWN

Processing: Racing Club vs Argentinos JRS
  Result: Racing Club 2 - 1 Argentinos JRS (FT)
  Prediction: ❌ UNKNOWN

Processing: O'Higgins vs D. La Serena
  ⚠ Result not available yet

Processing: Cadiz vs Almeria
  ⚠ Result not available yet

Processing: Aldosivi vs Rosario Central
  ⚠ Result not available yet

Processing: Gent vs OH Leuven
  ⚠ Result not available yet

Processing: Grasshoppers vs BSC Young Boys
  ⚠ Result not available yet

Processing: Rionegro Aguilas vs Cucuta
  ⚠ Result not available yet

Processing: Sevilla vs Girona
  ⚠ Result not available yet

Processing: Lens vs Rennes
  ⚠ Result not available yet

Processing: Lask Linz vs WSG Wattens
  ⚠ Result not available yet

Processing: Rapid Vienna vs TSV Hartberg
  ⚠ Result not available yet

Processing: Rayo Vallecano vs Oviedo
  ⚠ Result not available yet

============================================================

✓ Successfully processed: 4
⚠ Failed: 11

============================================================

📊 ACCUMULATOR ACCURACY STATISTICS

Total Predictions: 2
✅ Correct: 0 (0.0%)
❌ Incorrect: 0 (100.0%)
=== SmartAcca Post-Mortem Generator ===
📈 Including 5 major league matches
🌍 Including 10 other league matches
Found 15 match(es) to process.

Processing: Colo Colo vs Everton de Vina
  Result: Colo Colo 2 - 0 Everton de Vina (FT)
  Prediction: ❌ UNKNOWN

Processing: Santa Fe vs Atletico Nacional
  Result: Santa Fe None - None Atletico Nacional (PST)

Processing: Deportes Tolima vs Llaneros
  Result: Deportes Tolima 0 - 1 Llaneros (FT)
  Prediction: ❌ UNKNOWN

Processing: Racing Club vs Argentinos JRS
  ⚠ Result not available yet

Processing: O'Higgins vs D. La Serena
  ⚠ Result not available yet

Processing: Cadiz vs Almeria
  ⚠ Result not available yet

Processing: Aldosivi vs Rosario Central
  ⚠ Result not available yet

Processing: Gent vs OH Leuven
  ⚠ Result not available yet

Processing: Grasshoppers vs BSC Young Boys
  ⚠ Result not available yet

Processing: Rionegro Aguilas vs Cucuta
  ⚠ Result not available yet

Processing: Sevilla vs Girona
  ⚠ Result not available yet

Processing: Lens vs Rennes
  ⚠ Result not available yet

Processing: Lask Linz vs WSG Wattens
  ⚠ Result not available yet

Processing: Rapid Vienna vs TSV Hartberg
  ⚠ Result not available yet

Processing: Rayo Vallecano vs Oviedo
  ⚠ Result not available yet

============================================================

✓ Successfully processed: 3
⚠ Failed: 12

============================================================

📊 ACCUMULATOR ACCURACY STATISTICS

Total Predictions: 2
✅ Correct: 0 (0.0%)
❌ Incorrect: 0 (100.0%)
[Sun Feb  8 02:00:30 UTC 2026] Result fetch completed
[Sun Feb  8 02:00:30 UTC 2026] Result fetch completed
[Sun Feb  8 02:30:01 UTC 2026] Starting result fetch...
[Sun Feb  8 02:30:01 UTC 2026] Starting result fetch...
=== SmartAcca Post-Mortem Generator ===
📈 Including 5 major league matches
🌍 Including 10 other league matches
Found 15 match(es) to process.

Processing: Santa Fe vs Atletico Nacional
  Result: Santa Fe None - None Atletico Nacional (PST)

Processing: O'Higgins vs D. La Serena
  Result: O'Higgins 1 - 0 D. La Serena (FT)
  Prediction: ❌ UNKNOWN

Processing: Cadiz vs Almeria
  Result: Cadiz None - None Almeria (NS)

Processing: Aldosivi vs Rosario Central
  Result: Aldosivi 1 - 1 Rosario Central (FT)
  Prediction: ❌ UNKNOWN

Processing: Gent vs OH Leuven
  Result: Gent 1 - 3 OH Leuven (FT)
  Prediction: ❌ UNKNOWN

Processing: Grasshoppers vs BSC Young Boys
  Result: Grasshoppers 1 - 1 BSC Young Boys (FT)
  Prediction: ❌ UNKNOWN

Processing: Rionegro Aguilas vs Cucuta
  ⚠ Result not available yet

Processing: Sevilla vs Girona
  ⚠ Result not available yet

Processing: Zaragoza vs Eibar
  ⚠ Result not available yet

Processing: Al-Qadisiyah FC vs Al-Fateh
  ⚠ Result not available yet

Processing: Charleroi vs Cercle Brugge
  ⚠ Result not available yet

Processing: Lens vs Rennes
  ⚠ Result not available yet

Processing: Lask Linz vs WSG Wattens
  ⚠ Result not available yet

Processing: Rapid Vienna vs TSV Hartberg
  ⚠ Result not available yet

Processing: Rayo Vallecano vs Oviedo
  ⚠ Result not available yet

============================================================

✓ Successfully processed: 6
⚠ Failed: 9

============================================================

📊 ACCUMULATOR ACCURACY STATISTICS

Total Predictions: 2
✅ Correct: 0 (0.0%)
❌ Incorrect: 0 (100.0%)
[Sun Feb  8 02:30:25 UTC 2026] Result fetch completed
=== SmartAcca Post-Mortem Generator ===
📈 Including 5 major league matches
🌍 Including 10 other league matches
Found 15 match(es) to process.

Processing: Santa Fe vs Atletico Nacional
  Result: Santa Fe None - None Atletico Nacional (PST)

Processing: O'Higgins vs D. La Serena
  Result: O'Higgins 1 - 0 D. La Serena (FT)
  Prediction: ❌ UNKNOWN

Processing: Cadiz vs Almeria
  Result: Cadiz None - None Almeria (NS)

Processing: Aldosivi vs Rosario Central
  Result: Aldosivi 1 - 1 Rosario Central (FT)
  Prediction: ❌ UNKNOWN

Processing: Gent vs OH Leuven
  Result: Gent 1 - 3 OH Leuven (FT)
  Prediction: ❌ UNKNOWN

Processing: Grasshoppers vs BSC Young Boys
  ⚠ Result not available yet

Processing: Rionegro Aguilas vs Cucuta
  ⚠ Result not available yet

Processing: Sevilla vs Girona
  ⚠ Result not available yet

Processing: Zaragoza vs Eibar
  ⚠ Result not available yet

Processing: Al-Qadisiyah FC vs Al-Fateh
  ⚠ Result not available yet

Processing: Charleroi vs Cercle Brugge
  ⚠ Result not available yet

Processing: Lens vs Rennes
  ⚠ Result not available yet

Processing: Lask Linz vs WSG Wattens
  ⚠ Result not available yet

Processing: Rapid Vienna vs TSV Hartberg
  ⚠ Result not available yet

Processing: Rayo Vallecano vs Oviedo
  ⚠ Result not available yet

============================================================

✓ Successfully processed: 5
⚠ Failed: 10

============================================================

📊 ACCUMULATOR ACCURACY STATISTICS

Total Predictions: 2
✅ Correct: 0 (0.0%)
❌ Incorrect: 0 (100.0%)
[Sun Feb  8 02:30:25 UTC 2026] Result fetch completed
[Sun Feb  8 03:00:01 UTC 2026] Starting result fetch...
[Sun Feb  8 03:00:01 UTC 2026] Starting result fetch...
=== SmartAcca Post-Mortem Generator ===
📈 Including 5 major league matches
🌍 Including 10 other league matches
Found 15 match(es) to process.

Processing: Santa Fe vs Atletico Nacional
  Result: Santa Fe None - None Atletico Nacional (PST)

Processing: Cadiz vs Almeria
  Result: Cadiz None - None Almeria (NS)

Processing: Rionegro Aguilas vs Cucuta
  Result: Rionegro Aguilas 3 - 2 Cucuta (FT)
  Prediction: ❌ UNKNOWN

Processing: Sevilla vs Girona
  ⚠ Result not available yet

Processing: Zaragoza vs Eibar
  ⚠ Result not available yet

Processing: Al-Qadisiyah FC vs Al-Fateh
  ⚠ Result not available yet

Processing: Charleroi vs Cercle Brugge
  ⚠ Result not available yet

Processing: Samsunspor vs Trabzonspor
  ⚠ Result not available yet

Processing: FC Sion vs FC Luzern
  ⚠ Result not available yet

Processing: FC Winterthur vs FC Lugano
  ⚠ Result not available yet

Processing: Lens vs Rennes
  ⚠ Result not available yet

Processing: Lask Linz vs WSG Wattens
  ⚠ Result not available yet

Processing: Rapid Vienna vs TSV Hartberg
  ⚠ Result not available yet

Processing: Al-Ittihad Kalba vs Ajman
  ⚠ Result not available yet

Processing: Rayo Vallecano vs Oviedo
  ⚠ Result not available yet

============================================================

✓ Successfully processed: 3
⚠ Failed: 12

============================================================

📊 ACCUMULATOR ACCURACY STATISTICS

Total Predictions: 2
✅ Correct: 0 (0.0%)
❌ Incorrect: 0 (100.0%)
[Sun Feb  8 03:00:30 UTC 2026] Result fetch completed
=== SmartAcca Post-Mortem Generator ===
📈 Including 5 major league matches
🌍 Including 10 other league matches
Found 15 match(es) to process.

Processing: Santa Fe vs Atletico Nacional
  Result: Santa Fe None - None Atletico Nacional (PST)

Processing: Cadiz vs Almeria
  Result: Cadiz None - None Almeria (NS)

Processing: Rionegro Aguilas vs Cucuta
  Result: Rionegro Aguilas 3 - 2 Cucuta (FT)
  Prediction: ❌ UNKNOWN

Processing: Sevilla vs Girona
  ⚠ Result not available yet

Processing: Zaragoza vs Eibar
  ⚠ Result not available yet

Processing: Al-Qadisiyah FC vs Al-Fateh
  ⚠ Result not available yet

Processing: Charleroi vs Cercle Brugge
  ⚠ Result not available yet

Processing: Samsunspor vs Trabzonspor
  ⚠ Result not available yet

Processing: FC Sion vs FC Luzern
  ⚠ Result not available yet

Processing: FC Winterthur vs FC Lugano
  ⚠ Result not available yet

Processing: Lens vs Rennes
  ⚠ Result not available yet

Processing: Lask Linz vs WSG Wattens
  ⚠ Result not available yet

Processing: Rapid Vienna vs TSV Hartberg
  ⚠ Result not available yet

Processing: Al-Ittihad Kalba vs Ajman
  ⚠ Result not available yet

Processing: Rayo Vallecano vs Oviedo
  ⚠ Result not available yet

============================================================

✓ Successfully processed: 3
⚠ Failed: 12

============================================================

📊 ACCUMULATOR ACCURACY STATISTICS

Total Predictions: 2
✅ Correct: 0 (0.0%)
❌ Incorrect: 0 (100.0%)
[Sun Feb  8 03:00:30 UTC 2026] Result fetch completed
[Sun Feb  8 03:30:01 UTC 2026] Starting result fetch...
[Sun Feb  8 03:30:01 UTC 2026] Starting result fetch...
=== SmartAcca Post-Mortem Generator ===
📈 Including 5 major league matches
🌍 Including 10 other league matches
Found 15 match(es) to process.

Processing: Santa Fe vs Atletico Nacional
  Result: Santa Fe None - None Atletico Nacional (PST)

Processing: Cadiz vs Almeria
  Result: Cadiz None - None Almeria (NS)

Processing: Sevilla vs Girona
  Result: Sevilla None - None Girona (NS)

Processing: Zaragoza vs Eibar
  Result: Zaragoza 1 - 1 Eibar (FT)
  Prediction: ❌ UNKNOWN

Processing: Al-Qadisiyah FC vs Al-Fateh
  Result: Al-Qadisiyah FC 1 - 1 Al-Fateh (FT)
  Prediction: ❌ UNKNOWN

Processing: Charleroi vs Cercle Brugge
  ⚠ Result not available yet

Processing: Samsunspor vs Trabzonspor
  ⚠ Result not available yet

Processing: FC Sion vs FC Luzern
  ⚠ Result not available yet

Processing: FC Winterthur vs FC Lugano
  ⚠ Result not available yet

Processing: Lens vs Rennes
  ⚠ Result not available yet

Processing: Lask Linz vs WSG Wattens
  ⚠ Result not available yet

Processing: Rapid Vienna vs TSV Hartberg
  ⚠ Result not available yet

Processing: Al-Ittihad Kalba vs Ajman
  ⚠ Result not available yet

Processing: NEC Nijmegen vs Heracles
  ⚠ Result not available yet

Processing: Rayo Vallecano vs Oviedo
  ⚠ Result not available yet

============================================================

✓ Successfully processed: 5
⚠ Failed: 10

============================================================

📊 ACCUMULATOR ACCURACY STATISTICS

Total Predictions: 2
✅ Correct: 0 (0.0%)
❌ Incorrect: 0 (100.0%)
=== SmartAcca Post-Mortem Generator ===
📈 Including 5 major league matches
🌍 Including 10 other league matches
Found 15 match(es) to process.

Processing: Santa Fe vs Atletico Nacional
  Result: Santa Fe None - None Atletico Nacional (PST)

Processing: Cadiz vs Almeria
  Result: Cadiz None - None Almeria (NS)

Processing: Sevilla vs Girona
  Result: Sevilla None - None Girona (NS)

Processing: Zaragoza vs Eibar
  Result: Zaragoza 1 - 1 Eibar (FT)
  Prediction: ❌ UNKNOWN

Processing: Al-Qadisiyah FC vs Al-Fateh
  Result: Al-Qadisiyah FC 1 - 1 Al-Fateh (FT)
  Prediction: ❌ UNKNOWN

Processing: Charleroi vs Cercle Brugge
  ⚠ Result not available yet

Processing: Samsunspor vs Trabzonspor
  ⚠ Result not available yet

Processing: FC Sion vs FC Luzern
  ⚠ Result not available yet

Processing: FC Winterthur vs FC Lugano
  ⚠ Result not available yet

Processing: Lens vs Rennes
  ⚠ Result not available yet

Processing: Lask Linz vs WSG Wattens
  ⚠ Result not available yet

Processing: Rapid Vienna vs TSV Hartberg
  ⚠ Result not available yet

Processing: Al-Ittihad Kalba vs Ajman
  ⚠ Result not available yet

Processing: NEC Nijmegen vs Heracles
  ⚠ Result not available yet

Processing: Rayo Vallecano vs Oviedo
  ⚠ Result not available yet

============================================================

✓ Successfully processed: 5
⚠ Failed: 10

============================================================

📊 ACCUMULATOR ACCURACY STATISTICS

Total Predictions: 2
✅ Correct: 0 (0.0%)
❌ Incorrect: 0 (100.0%)
[Sun Feb  8 03:30:23 UTC 2026] Result fetch completed
[Sun Feb  8 03:30:23 UTC 2026] Result fetch completed
[Sun Feb  8 04:00:01 UTC 2026] Starting result fetch...
[Sun Feb  8 04:00:02 UTC 2026] Starting result fetch...
=== SmartAcca Post-Mortem Generator ===
📈 Including 5 major league matches
🌍 Including 10 other league matches
Found 15 match(es) to process.

Processing: Santa Fe vs Atletico Nacional
  Result: Santa Fe None - None Atletico Nacional (PST)

Processing: Cadiz vs Almeria
  Result: Cadiz None - None Almeria (NS)

Processing: Sevilla vs Girona
  Result: Sevilla None - None Girona (NS)

Processing: Charleroi vs Cercle Brugge
  Result: Charleroi 3 - 4 Cercle Brugge (FT)
  Prediction: ❌ UNKNOWN

Processing: Samsunspor vs Trabzonspor
  ⚠ Result not available yet

Processing: FC Sion vs FC Luzern
  ⚠ Result not available yet

Processing: FC Winterthur vs FC Lugano
  ⚠ Result not available yet

Processing: Lens vs Rennes
  ⚠ Result not available yet

Processing: Lask Linz vs WSG Wattens
  ⚠ Result not available yet

Processing: Rapid Vienna vs TSV Hartberg
  ⚠ Result not available yet

Processing: Al-Ittihad Kalba vs Ajman
  ⚠ Result not available yet

Processing: NEC Nijmegen vs Heracles
  ⚠ Result not available yet

Processing: Estrela vs Santa Clara
  ⚠ Result not available yet

Processing: Moreirense vs GIL Vicente
  ⚠ Result not available yet

Processing: Rayo Vallecano vs Oviedo
  ⚠ Result not available yet

============================================================

✓ Successfully processed: 4
⚠ Failed: 11

============================================================

📊 ACCUMULATOR ACCURACY STATISTICS

Total Predictions: 2
✅ Correct: 0 (0.0%)
❌ Incorrect: 0 (100.0%)
[Sun Feb  8 04:00:28 UTC 2026] Result fetch completed
=== SmartAcca Post-Mortem Generator ===
📈 Including 5 major league matches
🌍 Including 10 other league matches
Found 15 match(es) to process.

Processing: Santa Fe vs Atletico Nacional
  Result: Santa Fe None - None Atletico Nacional (PST)

Processing: Cadiz vs Almeria
  Result: Cadiz None - None Almeria (NS)

Processing: Sevilla vs Girona
  Result: Sevilla None - None Girona (NS)

Processing: Charleroi vs Cercle Brugge
  ⚠ Result not available yet

Processing: Samsunspor vs Trabzonspor
  ⚠ Result not available yet

Processing: FC Sion vs FC Luzern
  ⚠ Result not available yet

Processing: FC Winterthur vs FC Lugano
  ⚠ Result not available yet

Processing: Lens vs Rennes
  ⚠ Result not available yet

Processing: Lask Linz vs WSG Wattens
  ⚠ Result not available yet

Processing: Rapid Vienna vs TSV Hartberg
  ⚠ Result not available yet

Processing: Al-Ittihad Kalba vs Ajman
  ⚠ Result not available yet

Processing: NEC Nijmegen vs Heracles
  ⚠ Result not available yet

Processing: Estrela vs Santa Clara
  ⚠ Result not available yet

Processing: Moreirense vs GIL Vicente
  ⚠ Result not available yet

Processing: Rayo Vallecano vs Oviedo
  ⚠ Result not available yet

============================================================

✓ Successfully processed: 3
⚠ Failed: 12

============================================================

📊 ACCUMULATOR ACCURACY STATISTICS

Total Predictions: 2
✅ Correct: 0 (0.0%)
❌ Incorrect: 0 (100.0%)
[Sun Feb  8 04:00:29 UTC 2026] Result fetch completed
[Sun Feb  8 04:30:01 UTC 2026] Starting result fetch...
[Sun Feb  8 04:30:01 UTC 2026] Starting result fetch...
=== SmartAcca Post-Mortem Generator ===
📈 Including 5 major league matches
🌍 Including 10 other league matches
Found 15 match(es) to process.

Processing: Santa Fe vs Atletico Nacional
  Result: Santa Fe None - None Atletico Nacional (PST)

Processing: Cadiz vs Almeria
  Result: Cadiz None - None Almeria (NS)

Processing: Sevilla vs Girona
  Result: Sevilla None - None Girona (NS)

Processing: Samsunspor vs Trabzonspor
  Result: Samsunspor 0 - 3 Trabzonspor (FT)
  Prediction: ❌ UNKNOWN

Processing: FC Sion vs FC Luzern
  Result: FC Sion 0 - 0 FC Luzern (FT)
  Prediction: ❌ UNKNOWN

Processing: FC Winterthur vs FC Lugano
  ⚠ Result not available yet

Processing: Lens vs Rennes
  ⚠ Result not available yet

Processing: Lask Linz vs WSG Wattens
  ⚠ Result not available yet

Processing: Rapid Vienna vs TSV Hartberg
  ⚠ Result not available yet

Processing: Al-Ittihad Kalba vs Ajman
  ⚠ Result not available yet

Processing: NEC Nijmegen vs Heracles
  ⚠ Result not available yet

Processing: Estrela vs Santa Clara
  ⚠ Result not available yet

Processing: Moreirense vs GIL Vicente
  ⚠ Result not available yet

Processing: Al Taawon vs Al Khaleej Saihat
  ⚠ Result not available yet

Processing: Rayo Vallecano vs Oviedo
  ⚠ Result not available yet

============================================================

✓ Successfully processed: 5
⚠ Failed: 10

============================================================

📊 ACCUMULATOR ACCURACY STATISTICS

Total Predictions: 2
✅ Correct: 0 (0.0%)
❌ Incorrect: 0 (100.0%)
[Sun Feb  8 04:30:24 UTC 2026] Result fetch completed
=== SmartAcca Post-Mortem Generator ===
📈 Including 5 major league matches
🌍 Including 10 other league matches
Found 15 match(es) to process.

Processing: Santa Fe vs Atletico Nacional
  Result: Santa Fe None - None Atletico Nacional (PST)

Processing: Cadiz vs Almeria
  Result: Cadiz None - None Almeria (NS)

Processing: Sevilla vs Girona
  Result: Sevilla None - None Girona (NS)

Processing: Samsunspor vs Trabzonspor
  Result: Samsunspor 0 - 3 Trabzonspor (FT)
  Prediction: ❌ UNKNOWN

Processing: FC Sion vs FC Luzern
  Result: FC Sion 0 - 0 FC Luzern (FT)
  Prediction: ❌ UNKNOWN

Processing: FC Winterthur vs FC Lugano
  ⚠ Result not available yet

Processing: Lens vs Rennes
  ⚠ Result not available yet

Processing: Lask Linz vs WSG Wattens
  ⚠ Result not available yet

Processing: Rapid Vienna vs TSV Hartberg
  ⚠ Result not available yet

Processing: Al-Ittihad Kalba vs Ajman
  ⚠ Result not available yet

Processing: NEC Nijmegen vs Heracles
  ⚠ Result not available yet

Processing: Estrela vs Santa Clara
  ⚠ Result not available yet

Processing: Moreirense vs GIL Vicente
  ⚠ Result not available yet

Processing: Al Taawon vs Al Khaleej Saihat
  ⚠ Result not available yet

Processing: Rayo Vallecano vs Oviedo
  ⚠ Result not available yet

============================================================

✓ Successfully processed: 5
⚠ Failed: 10

============================================================

📊 ACCUMULATOR ACCURACY STATISTICS

Total Predictions: 2
✅ Correct: 0 (0.0%)
❌ Incorrect: 0 (100.0%)
[Sun Feb  8 04:30:24 UTC 2026] Result fetch completed
[Sun Feb  8 05:00:01 UTC 2026] Starting result fetch...
[Sun Feb  8 05:00:01 UTC 2026] Starting result fetch...
=== SmartAcca Post-Mortem Generator ===
📈 Including 5 major league matches
🌍 Including 10 other league matches
Found 15 match(es) to process.

Processing: Santa Fe vs Atletico Nacional
  Result: Santa Fe None - None Atletico Nacional (PST)

Processing: Cadiz vs Almeria
  Result: Cadiz None - None Almeria (NS)

Processing: Sevilla vs Girona
  Result: Sevilla None - None Girona (NS)

Processing: FC Winterthur vs FC Lugano
  ⚠ Result not available yet

Processing: Lens vs Rennes
  ⚠ Result not available yet

Processing: Lask Linz vs WSG Wattens
  ⚠ Result not available yet

Processing: Rapid Vienna vs TSV Hartberg
  ⚠ Result not available yet

Processing: Al-Ittihad Kalba vs Ajman
  ⚠ Result not available yet

Processing: NEC Nijmegen vs Heracles
  ⚠ Result not available yet

Processing: Estrela vs Santa Clara
  ⚠ Result not available yet

Processing: Moreirense vs GIL Vicente
  ⚠ Result not available yet

Processing: Al Taawon vs Al Khaleej Saihat
  ⚠ Result not available yet

Processing: Las Palmas vs Burgos
  ⚠ Result not available yet

Processing: Zulte Waregem vs Dender
  ⚠ Result not available yet

Processing: Rayo Vallecano vs Oviedo
  ⚠ Result not available yet

============================================================

✓ Successfully processed: 3
⚠ Failed: 12

============================================================

📊 ACCUMULATOR ACCURACY STATISTICS

Total Predictions: 2
✅ Correct: 0 (0.0%)
❌ Incorrect: 0 (100.0%)
[Sun Feb  8 05:00:30 UTC 2026] Result fetch completed
=== SmartAcca Post-Mortem Generator ===
📈 Including 5 major league matches
🌍 Including 10 other league matches
Found 15 match(es) to process.

Processing: Santa Fe vs Atletico Nacional
  Result: Santa Fe None - None Atletico Nacional (PST)

Processing: Cadiz vs Almeria
  Result: Cadiz None - None Almeria (NS)

Processing: Sevilla vs Girona
  ⚠ Result not available yet

Processing: FC Winterthur vs FC Lugano
  ⚠ Result not available yet

Processing: Lens vs Rennes
  ⚠ Result not available yet

Processing: Lask Linz vs WSG Wattens
  ⚠ Result not available yet

Processing: Rapid Vienna vs TSV Hartberg
  ⚠ Result not available yet

Processing: Al-Ittihad Kalba vs Ajman
  ⚠ Result not available yet

Processing: NEC Nijmegen vs Heracles
  ⚠ Result not available yet

Processing: Estrela vs Santa Clara
  ⚠ Result not available yet

Processing: Moreirense vs GIL Vicente
  ⚠ Result not available yet

Processing: Al Taawon vs Al Khaleej Saihat
  ⚠ Result not available yet

Processing: Las Palmas vs Burgos
  ⚠ Result not available yet

Processing: Zulte Waregem vs Dender
  ⚠ Result not available yet

Processing: Rayo Vallecano vs Oviedo
  ⚠ Result not available yet

============================================================

✓ Successfully processed: 2
⚠ Failed: 13

============================================================

📊 ACCUMULATOR ACCURACY STATISTICS

Total Predictions: 2
✅ Correct: 0 (0.0%)
❌ Incorrect: 0 (100.0%)
[Sun Feb  8 05:00:30 UTC 2026] Result fetch completed
[Sun Feb  8 05:30:01 UTC 2026] Starting result fetch...
[Sun Feb  8 05:30:01 UTC 2026] Starting result fetch...
=== SmartAcca Post-Mortem Generator ===
📈 Including 5 major league matches
🌍 Including 10 other league matches
Found 15 match(es) to process.

Processing: Santa Fe vs Atletico Nacional
    ⚠ API quota exhausted, using web scraper...
  ⚠ Result not available yet

Processing: Cadiz vs Almeria
    ⚠ API quota exhausted, using web scraper...
  ⚠ Result not available yet

Processing: Sevilla vs Girona
    ⚠ API quota exhausted, using web scraper...
  ⚠ Result not available yet

Processing: FC Winterthur vs FC Lugano
    ⚠ API quota exhausted, using web scraper...
  ⚠ Result not available yet

Processing: Lens vs Rennes
    ⚠ API quota exhausted, using web scraper...
  ⚠ Result not available yet

Processing: Lask Linz vs WSG Wattens
    ⚠ API quota exhausted, using web scraper...
  ⚠ Result not available yet

Processing: Rapid Vienna vs TSV Hartberg
    ⚠ API quota exhausted, using web scraper...
  ⚠ Result not available yet

Processing: Al-Ittihad Kalba vs Ajman
    ⚠ API quota exhausted, using web scraper...
  ⚠ Result not available yet

Processing: NEC Nijmegen vs Heracles
    ⚠ API quota exhausted, using web scraper...
    ✓ Found via ESPN
  Result: NEC Nijmegen 4 - 1 Heracles (FT)
  Prediction: ❌ UNKNOWN

Processing: Estrela vs Santa Clara
    ⚠ API quota exhausted, using web scraper...
    ✓ Found via ESPN
  Result: Estrela 1 - 0 Santa Clara (FT)
  Prediction: ❌ UNKNOWN

Processing: Moreirense vs GIL Vicente
    ⚠ API quota exhausted, using web scraper...
    ✓ Found via ESPN
  Result: Moreirense 1 - 2 GIL Vicente (FT)
  Prediction: ❌ UNKNOWN

Processing: Al Taawon vs Al Khaleej Saihat
    ⚠ API quota exhausted, using web scraper...
  ⚠ Result not available yet

Processing: Las Palmas vs Burgos
    ⚠ API quota exhausted, using web scraper...
  ⚠ Result not available yet

Processing: Zulte Waregem vs Dender
    ⚠ API quota exhausted, using web scraper...
  ⚠ Result not available yet

Processing: Rayo Vallecano vs Oviedo
    ⚠ API quota exhausted, using web scraper...
  ⚠ Result not available yet

============================================================

✓ Successfully processed: 3
⚠ Failed: 12

============================================================

📊 ACCUMULATOR ACCURACY STATISTICS

Total Predictions: 2
✅ Correct: 0 (0.0%)
❌ Incorrect: 0 (100.0%)
[Sun Feb  8 05:30:43 UTC 2026] Result fetch completed
=== SmartAcca Post-Mortem Generator ===
📈 Including 5 major league matches
🌍 Including 10 other league matches
Found 15 match(es) to process.

Processing: Santa Fe vs Atletico Nacional
    ⚠ API quota exhausted, using web scraper...
  ⚠ Result not available yet

Processing: Cadiz vs Almeria
    ⚠ API quota exhausted, using web scraper...
  ⚠ Result not available yet

Processing: Sevilla vs Girona
    ⚠ API quota exhausted, using web scraper...
  ⚠ Result not available yet

Processing: FC Winterthur vs FC Lugano
    ⚠ API quota exhausted, using web scraper...
  ⚠ Result not available yet

Processing: Lens vs Rennes
    ⚠ API quota exhausted, using web scraper...
  ⚠ Result not available yet

Processing: Lask Linz vs WSG Wattens
    ⚠ API quota exhausted, using web scraper...
  ⚠ Result not available yet

Processing: Rapid Vienna vs TSV Hartberg
    ⚠ API quota exhausted, using web scraper...
  ⚠ Result not available yet

Processing: Al-Ittihad Kalba vs Ajman
    ⚠ API quota exhausted, using web scraper...
  ⚠ Result not available yet

Processing: NEC Nijmegen vs Heracles
    ⚠ API quota exhausted, using web scraper...
    ✓ Found via ESPN
  Result: NEC Nijmegen 4 - 1 Heracles (FT)
  Prediction: ❌ UNKNOWN

Processing: Estrela vs Santa Clara
    ⚠ API quota exhausted, using web scraper...
    ✓ Found via ESPN
  Result: Estrela 1 - 0 Santa Clara (FT)
  Prediction: ❌ UNKNOWN

Processing: Moreirense vs GIL Vicente
    ⚠ API quota exhausted, using web scraper...
    ✓ Found via ESPN
  Result: Moreirense 1 - 2 GIL Vicente (FT)
  Prediction: ❌ UNKNOWN

Processing: Al Taawon vs Al Khaleej Saihat
    ⚠ API quota exhausted, using web scraper...
  ⚠ Result not available yet

Processing: Las Palmas vs Burgos
    ⚠ API quota exhausted, using web scraper...
  ⚠ Result not available yet

Processing: Zulte Waregem vs Dender
    ⚠ API quota exhausted, using web scraper...
  ⚠ Result not available yet

Processing: Rayo Vallecano vs Oviedo
    ⚠ API quota exhausted, using web scraper...
  ⚠ Result not available yet

============================================================

✓ Successfully processed: 3
⚠ Failed: 12

============================================================

📊 ACCUMULATOR ACCURACY STATISTICS

Total Predictions: 2
✅ Correct: 0 (0.0%)
❌ Incorrect: 0 (100.0%)
[Sun Feb  8 05:30:46 UTC 2026] Result fetch completed
[Sun Feb  8 06:00:01 UTC 2026] Starting result fetch...
[Sun Feb  8 06:00:01 UTC 2026] Starting result fetch...
=== SmartAcca Post-Mortem Generator ===
📈 Including 5 major league matches
🌍 Including 10 other league matches
Found 15 match(es) to process.

Processing: Santa Fe vs Atletico Nacional
    ⚠ API quota exhausted, using web scraper...
  ⚠ Result not available yet

Processing: Cadiz vs Almeria
    ⚠ API quota exhausted, using web scraper...
  ⚠ Result not available yet

Processing: Sevilla vs Girona
    ⚠ API quota exhausted, using web scraper...
  ⚠ Result not available yet

Processing: FC Winterthur vs FC Lugano
    ⚠ API quota exhausted, using web scraper...
  ⚠ Result not available yet

Processing: Lens vs Rennes
    ⚠ API quota exhausted, using web scraper...
  ⚠ Result not available yet

Processing: Lask Linz vs WSG Wattens
    ⚠ API quota exhausted, using web scraper...
  ⚠ Result not available yet

Processing: Rapid Vienna vs TSV Hartberg
    ⚠ API quota exhausted, using web scraper...
  ⚠ Result not available yet

Processing: Al-Ittihad Kalba vs Ajman
    ⚠ API quota exhausted, using web scraper...
  ⚠ Result not available yet

Processing: Al Taawon vs Al Khaleej Saihat
    ⚠ API quota exhausted, using web scraper...
  ⚠ Result not available yet

Processing: Las Palmas vs Burgos
    ⚠ API quota exhausted, using web scraper...
  ⚠ Result not available yet

Processing: Zulte Waregem vs Dender
    ⚠ API quota exhausted, using web scraper...
  ⚠ Result not available yet

Processing: Coquimbo Unido vs Palestino
    ⚠ API quota exhausted, using web scraper...
  ⚠ Result not available yet

Processing: Al Kholood vs Al Shabab
    ⚠ API quota exhausted, using web scraper...
  ⚠ Result not available yet

Processing: Dibba Al-Fujairah vs Baniyas SC
    ⚠ API quota exhausted, using web scraper...
  ⚠ Result not available yet

Processing: Rayo Vallecano vs Oviedo
    ⚠ API quota exhausted, using web scraper...
  ⚠ Result not available yet

============================================================

✓ Successfully processed: 0
⚠ Failed: 15

============================================================

📊 ACCUMULATOR ACCURACY STATISTICS

Total Predictions: 2
✅ Correct: 0 (0.0%)
❌ Incorrect: 0 (100.0%)
[Sun Feb  8 06:00:49 UTC 2026] Result fetch completed
=== SmartAcca Post-Mortem Generator ===
📈 Including 5 major league matches
🌍 Including 10 other league matches
Found 15 match(es) to process.

Processing: Santa Fe vs Atletico Nacional
    ⚠ API quota exhausted, using web scraper...
  ⚠ Result not available yet

Processing: Cadiz vs Almeria
    ⚠ API quota exhausted, using web scraper...
  ⚠ Result not available yet

Processing: Sevilla vs Girona
    ⚠ API quota exhausted, using web scraper...
  ⚠ Result not available yet

Processing: FC Winterthur vs FC Lugano
    ⚠ API quota exhausted, using web scraper...
  ⚠ Result not available yet

Processing: Lens vs Rennes
    ⚠ API quota exhausted, using web scraper...
  ⚠ Result not available yet

Processing: Lask Linz vs WSG Wattens
    ⚠ API quota exhausted, using web scraper...
  ⚠ Result not available yet

Processing: Rapid Vienna vs TSV Hartberg
    ⚠ API quota exhausted, using web scraper...
  ⚠ Result not available yet

Processing: Al-Ittihad Kalba vs Ajman
    ⚠ API quota exhausted, using web scraper...
  ⚠ Result not available yet

Processing: Al Taawon vs Al Khaleej Saihat
    ⚠ API quota exhausted, using web scraper...
  ⚠ Result not available yet

Processing: Las Palmas vs Burgos
    ⚠ API quota exhausted, using web scraper...
  ⚠ Result not available yet

Processing: Zulte Waregem vs Dender
    ⚠ API quota exhausted, using web scraper...
  ⚠ Result not available yet

Processing: Coquimbo Unido vs Palestino
    ⚠ API quota exhausted, using web scraper...
  ⚠ Result not available yet

Processing: Al Kholood vs Al Shabab
    ⚠ API quota exhausted, using web scraper...
  ⚠ Result not available yet

Processing: Dibba Al-Fujairah vs Baniyas SC
    ⚠ API quota exhausted, using web scraper...
  ⚠ Result not available yet

Processing: Rayo Vallecano vs Oviedo
    ⚠ API quota exhausted, using web scraper...
  ⚠ Result not available yet

============================================================

✓ Successfully processed: 0
⚠ Failed: 15

============================================================

📊 ACCUMULATOR ACCURACY STATISTICS

Total Predictions: 2
✅ Correct: 0 (0.0%)
❌ Incorrect: 0 (100.0%)
[Sun Feb  8 06:00:52 UTC 2026] Result fetch completed
[Sun Feb  8 06:30:01 UTC 2026] Starting result fetch...
[Sun Feb  8 06:30:01 UTC 2026] Starting result fetch...
=== SmartAcca Post-Mortem Generator ===
📈 Including 5 major league matches
🌍 Including 10 other league matches
Found 15 match(es) to process.

Processing: Santa Fe vs Atletico Nacional
    ⚠ API quota exhausted, using web scraper...
  ⚠ Result not available yet

Processing: Cadiz vs Almeria
    ⚠ API quota exhausted, using web scraper...
  ⚠ Result not available yet

Processing: Sevilla vs Girona
    ⚠ API quota exhausted, using web scraper...
  ⚠ Result not available yet

Processing: FC Winterthur vs FC Lugano
    ⚠ API quota exhausted, using web scraper...
  ⚠ Result not available yet

Processing: Lens vs Rennes
    ⚠ API quota exhausted, using web scraper...
  ⚠ Result not available yet

Processing: Lask Linz vs WSG Wattens
    ⚠ API quota exhausted, using web scraper...
  ⚠ Result not available yet

Processing: Rapid Vienna vs TSV Hartberg
    ⚠ API quota exhausted, using web scraper...
  ⚠ Result not available yet

Processing: Al-Ittihad Kalba vs Ajman
    ⚠ API quota exhausted, using web scraper...
  ⚠ Result not available yet

Processing: Al Taawon vs Al Khaleej Saihat
    ⚠ API quota exhausted, using web scraper...
  ⚠ Result not available yet

Processing: Las Palmas vs Burgos
    ⚠ API quota exhausted, using web scraper...
  ⚠ Result not available yet

Processing: Zulte Waregem vs Dender
    ⚠ API quota exhausted, using web scraper...
  ⚠ Result not available yet

Processing: Coquimbo Unido vs Palestino
    ⚠ API quota exhausted, using web scraper...
  ⚠ Result not available yet

Processing: Al Kholood vs Al Shabab
    ⚠ API quota exhausted, using web scraper...
  ⚠ Result not available yet

Processing: Dibba Al-Fujairah vs Baniyas SC
    ⚠ API quota exhausted, using web scraper...
  ⚠ Result not available yet

Processing: Rayo Vallecano vs Oviedo
    ⚠ API quota exhausted, using web scraper...
  ⚠ Result not available yet

============================================================

✓ Successfully processed: 0
⚠ Failed: 15

============================================================

📊 ACCUMULATOR ACCURACY STATISTICS

Total Predictions: 2
✅ Correct: 0 (0.0%)
❌ Incorrect: 0 (100.0%)
[Sun Feb  8 06:30:47 UTC 2026] Result fetch completed
=== SmartAcca Post-Mortem Generator ===
📈 Including 5 major league matches
🌍 Including 10 other league matches
Found 15 match(es) to process.

Processing: Santa Fe vs Atletico Nacional
    ⚠ API quota exhausted, using web scraper...
  ⚠ Result not available yet

Processing: Cadiz vs Almeria
    ⚠ API quota exhausted, using web scraper...
  ⚠ Result not available yet

Processing: Sevilla vs Girona
    ⚠ API quota exhausted, using web scraper...
  ⚠ Result not available yet

Processing: FC Winterthur vs FC Lugano
    ⚠ API quota exhausted, using web scraper...
  ⚠ Result not available yet

Processing: Lens vs Rennes
    ⚠ API quota exhausted, using web scraper...
  ⚠ Result not available yet

Processing: Lask Linz vs WSG Wattens
    ⚠ API quota exhausted, using web scraper...
  ⚠ Result not available yet

Processing: Rapid Vienna vs TSV Hartberg
    ⚠ API quota exhausted, using web scraper...
  ⚠ Result not available yet

Processing: Al-Ittihad Kalba vs Ajman
    ⚠ API quota exhausted, using web scraper...
  ⚠ Result not available yet

Processing: Al Taawon vs Al Khaleej Saihat
    ⚠ API quota exhausted, using web scraper...
  ⚠ Result not available yet

Processing: Las Palmas vs Burgos
    ⚠ API quota exhausted, using web scraper...
  ⚠ Result not available yet

Processing: Zulte Waregem vs Dender
    ⚠ API quota exhausted, using web scraper...
  ⚠ Result not available yet

Processing: Coquimbo Unido vs Palestino
    ⚠ API quota exhausted, using web scraper...
  ⚠ Result not available yet

Processing: Al Kholood vs Al Shabab
    ⚠ API quota exhausted, using web scraper...
  ⚠ Result not available yet

Processing: Dibba Al-Fujairah vs Baniyas SC
    ⚠ API quota exhausted, using web scraper...
  ⚠ Result not available yet

Processing: Rayo Vallecano vs Oviedo
    ⚠ API quota exhausted, using web scraper...
  ⚠ Result not available yet

============================================================

✓ Successfully processed: 0
⚠ Failed: 15

============================================================

📊 ACCUMULATOR ACCURACY STATISTICS

Total Predictions: 2
✅ Correct: 0 (0.0%)
❌ Incorrect: 0 (100.0%)
[Sun Feb  8 06:30:50 UTC 2026] Result fetch completed
[Sun Feb  8 07:00:01 UTC 2026] Starting result fetch...
[Sun Feb  8 07:00:01 UTC 2026] Starting result fetch...
=== SmartAcca Post-Mortem Generator ===
🎯 Prioritizing 2 ACCA matches
📈 Including 4 major league matches
🌍 Including 10 other league matches
Found 16 match(es) to process.

Processing: Tokyo Verdy vs Mito Hollyhock
    ⚠ API quota exhausted, using web scraper...
  ⚠ Result not available yet

Processing: Adelaide United vs Newcastle Jets
    ⚠ API quota exhausted, using web scraper...
  ⚠ Result not available yet

Processing: Kawasaki Frontale vs Kashiwa Reysol
    ⚠ API quota exhausted, using web scraper...
  ⚠ Result not available yet

Processing: Nagoya Grampus vs Shimizu S-pulse
    ⚠ API quota exhausted, using web scraper...
  ⚠ Result not available yet

Processing: Avispa Fukuoka vs Fagiano Okayama
    ⚠ API quota exhausted, using web scraper...
  ⚠ Result not available yet

Processing: Club America vs Monterrey
    ⚠ API quota exhausted, using web scraper...
  ⚠ Result not available yet

Processing: Junior vs Chico
    ⚠ API quota exhausted, using web scraper...
  ⚠ Result not available yet

Processing: Belgrano Cordoba vs Banfield
    ⚠ API quota exhausted, using web scraper...
  ⚠ Result not available yet

Processing: Newells Old Boys vs Defensa Y Justicia
    ⚠ API quota exhausted, using web scraper...
  ⚠ Result not available yet

Processing: Pachuca vs FC Juarez
    ⚠ API quota exhausted, using web scraper...
  ⚠ Result not available yet

Processing: Atlas vs U.N.A.M. - Pumas
    ⚠ API quota exhausted, using web scraper...
  ⚠ Result not available yet

Processing: Santa Fe vs Atletico Nacional
    ⚠ API quota exhausted, using web scraper...
  ⚠ Result not available yet

Processing: Lens vs Rennes
    ⚠ API quota exhausted, using web scraper...
  ⚠ Result not available yet

Processing: Lask Linz vs WSG Wattens
    ⚠ API quota exhausted, using web scraper...
  ⚠ Result not available yet

Processing: Rapid Vienna vs TSV Hartberg
    ⚠ API quota exhausted, using web scraper...
  ⚠ Result not available yet

Processing: Rayo Vallecano vs Oviedo
    ⚠ API quota exhausted, using web scraper...
  ⚠ Result not available yet

============================================================

✓ Successfully processed: 0
⚠ Failed: 16

============================================================

📊 ACCUMULATOR ACCURACY STATISTICS

Total Predictions: 2
✅ Correct: 0 (0.0%)
❌ Incorrect: 0 (100.0%)
[Sun Feb  8 07:00:51 UTC 2026] Result fetch completed
=== SmartAcca Post-Mortem Generator ===
🎯 Prioritizing 2 ACCA matches
📈 Including 4 major league matches
🌍 Including 10 other league matches
Found 16 match(es) to process.

Processing: Tokyo Verdy vs Mito Hollyhock
    ⚠ API quota exhausted, using web scraper...
  ⚠ Result not available yet

Processing: Adelaide United vs Newcastle Jets
    ⚠ API quota exhausted, using web scraper...
  ⚠ Result not available yet

Processing: Kawasaki Frontale vs Kashiwa Reysol
    ⚠ API quota exhausted, using web scraper...
  ⚠ Result not available yet

Processing: Nagoya Grampus vs Shimizu S-pulse
    ⚠ API quota exhausted, using web scraper...
  ⚠ Result not available yet

Processing: Avispa Fukuoka vs Fagiano Okayama
    ⚠ API quota exhausted, using web scraper...
  ⚠ Result not available yet

Processing: Club America vs Monterrey
    ⚠ API quota exhausted, using web scraper...
  ⚠ Result not available yet

Processing: Junior vs Chico
    ⚠ API quota exhausted, using web scraper...
  ⚠ Result not available yet

Processing: Belgrano Cordoba vs Banfield
    ⚠ API quota exhausted, using web scraper...
  ⚠ Result not available yet

Processing: Newells Old Boys vs Defensa Y Justicia
    ⚠ API quota exhausted, using web scraper...
  ⚠ Result not available yet

Processing: Pachuca vs FC Juarez
    ⚠ API quota exhausted, using web scraper...
  ⚠ Result not available yet

Processing: Atlas vs U.N.A.M. - Pumas
    ⚠ API quota exhausted, using web scraper...
  ⚠ Result not available yet

Processing: Santa Fe vs Atletico Nacional
    ⚠ API quota exhausted, using web scraper...
  ⚠ Result not available yet

Processing: Lens vs Rennes
    ⚠ API quota exhausted, using web scraper...
  ⚠ Result not available yet

Processing: Lask Linz vs WSG Wattens
    ⚠ API quota exhausted, using web scraper...
  ⚠ Result not available yet

Processing: Rapid Vienna vs TSV Hartberg
    ⚠ API quota exhausted, using web scraper...
  ⚠ Result not available yet

Processing: Rayo Vallecano vs Oviedo
    ⚠ API quota exhausted, using web scraper...
  ⚠ Result not available yet

============================================================

✓ Successfully processed: 0
⚠ Failed: 16

============================================================

📊 ACCUMULATOR ACCURACY STATISTICS

Total Predictions: 2
✅ Correct: 0 (0.0%)
❌ Incorrect: 0 (100.0%)
[Sun Feb  8 07:00:52 UTC 2026] Result fetch completed
[Sun Feb  8 07:30:01 UTC 2026] Starting result fetch...
[Sun Feb  8 07:30:01 UTC 2026] Starting result fetch...
=== SmartAcca Post-Mortem Generator ===
🎯 Prioritizing 2 ACCA matches
📈 Including 4 major league matches
🌍 Including 10 other league matches
Found 16 match(es) to process.

Processing: Tokyo Verdy vs Mito Hollyhock
    ⚠ API quota exhausted, using web scraper...
  ⚠ Result not available yet

Processing: Adelaide United vs Newcastle Jets
    ⚠ API quota exhausted, using web scraper...
  ⚠ Result not available yet

Processing: Kawasaki Frontale vs Kashiwa Reysol
    ⚠ API quota exhausted, using web scraper...
  ⚠ Result not available yet

Processing: Nagoya Grampus vs Shimizu S-pulse
    ⚠ API quota exhausted, using web scraper...
  ⚠ Result not available yet

Processing: Avispa Fukuoka vs Fagiano Okayama
    ⚠ API quota exhausted, using web scraper...
  ⚠ Result not available yet

Processing: Club America vs Monterrey
    ⚠ API quota exhausted, using web scraper...
  ⚠ Result not available yet

Processing: Junior vs Chico
    ⚠ API quota exhausted, using web scraper...
  ⚠ Result not available yet

Processing: Belgrano Cordoba vs Banfield
    ⚠ API quota exhausted, using web scraper...
  ⚠ Result not available yet

Processing: Newells Old Boys vs Defensa Y Justicia
    ⚠ API quota exhausted, using web scraper...
  ⚠ Result not available yet

Processing: Pachuca vs FC Juarez
    ⚠ API quota exhausted, using web scraper...
  ⚠ Result not available yet

Processing: Atlas vs U.N.A.M. - Pumas
    ⚠ API quota exhausted, using web scraper...
  ⚠ Result not available yet

Processing: Santa Fe vs Atletico Nacional
    ⚠ API quota exhausted, using web scraper...
  ⚠ Result not available yet

Processing: Lens vs Rennes
    ⚠ API quota exhausted, using web scraper...
  ⚠ Result not available yet

Processing: Lask Linz vs WSG Wattens
    ⚠ API quota exhausted, using web scraper...
  ⚠ Result not available yet

Processing: Rapid Vienna vs TSV Hartberg
    ⚠ API quota exhausted, using web scraper...
  ⚠ Result not available yet

Processing: Rayo Vallecano vs Oviedo
    ⚠ API quota exhausted, using web scraper...
  ⚠ Result not available yet

============================================================

✓ Successfully processed: 0
⚠ Failed: 16

============================================================

📊 ACCUMULATOR ACCURACY STATISTICS

Total Predictions: 2
✅ Correct: 0 (0.0%)
❌ Incorrect: 0 (100.0%)
=== SmartAcca Post-Mortem Generator ===
🎯 Prioritizing 2 ACCA matches
📈 Including 4 major league matches
🌍 Including 10 other league matches
Found 16 match(es) to process.

Processing: Tokyo Verdy vs Mito Hollyhock
    ⚠ API quota exhausted, using web scraper...
  ⚠ Result not available yet

Processing: Adelaide United vs Newcastle Jets
    ⚠ API quota exhausted, using web scraper...
  ⚠ Result not available yet

Processing: Kawasaki Frontale vs Kashiwa Reysol
    ⚠ API quota exhausted, using web scraper...
  ⚠ Result not available yet

Processing: Nagoya Grampus vs Shimizu S-pulse
    ⚠ API quota exhausted, using web scraper...
  ⚠ Result not available yet

Processing: Avispa Fukuoka vs Fagiano Okayama
    ⚠ API quota exhausted, using web scraper...
  ⚠ Result not available yet

Processing: Club America vs Monterrey
    ⚠ API quota exhausted, using web scraper...
  ⚠ Result not available yet

Processing: Junior vs Chico
    ⚠ API quota exhausted, using web scraper...
  ⚠ Result not available yet

Processing: Belgrano Cordoba vs Banfield
    ⚠ API quota exhausted, using web scraper...
  ⚠ Result not available yet

Processing: Newells Old Boys vs Defensa Y Justicia
    ⚠ API quota exhausted, using web scraper...
  ⚠ Result not available yet

Processing: Pachuca vs FC Juarez
    ⚠ API quota exhausted, using web scraper...
  ⚠ Result not available yet

Processing: Atlas vs U.N.A.M. - Pumas
    ⚠ API quota exhausted, using web scraper...
  ⚠ Result not available yet

Processing: Santa Fe vs Atletico Nacional
    ⚠ API quota exhausted, using web scraper...
  ⚠ Result not available yet

Processing: Lens vs Rennes
    ⚠ API quota exhausted, using web scraper...
  ⚠ Result not available yet

Processing: Lask Linz vs WSG Wattens
    ⚠ API quota exhausted, using web scraper...
  ⚠ Result not available yet

Processing: Rapid Vienna vs TSV Hartberg
    ⚠ API quota exhausted, using web scraper...
  ⚠ Result not available yet

Processing: Rayo Vallecano vs Oviedo
    ⚠ API quota exhausted, using web scraper...
  ⚠ Result not available yet

============================================================

✓ Successfully processed: 0
⚠ Failed: 16

============================================================

📊 ACCUMULATOR ACCURACY STATISTICS

Total Predictions: 2
✅ Correct: 0 (0.0%)
❌ Incorrect: 0 (100.0%)
[Sun Feb  8 07:30:46 UTC 2026] Result fetch completed
[Sun Feb  8 07:30:46 UTC 2026] Result fetch completed
[Sun Feb  8 08:00:02 UTC 2026] Starting result fetch...
[Sun Feb  8 08:00:02 UTC 2026] Starting result fetch...
=== SmartAcca Post-Mortem Generator ===
📈 Including 4 major league matches
🌍 Including 10 other league matches
Found 14 match(es) to process.

Processing: Tokyo Verdy vs Mito Hollyhock
    ⚠ API quota exhausted, using web scraper...
  ⚠ Result not available yet

Processing: Adelaide United vs Newcastle Jets
    ⚠ API quota exhausted, using web scraper...
  ⚠ Result not available yet

Processing: Kawasaki Frontale vs Kashiwa Reysol
    ⚠ API quota exhausted, using web scraper...
  ⚠ Result not available yet

Processing: Nagoya Grampus vs Shimizu S-pulse
    ⚠ API quota exhausted, using web scraper...
  ⚠ Result not available yet

Processing: Avispa Fukuoka vs Fagiano Okayama
    ⚠ API quota exhausted, using web scraper...
  ⚠ Result not available yet

Processing: Club America vs Monterrey
    ⚠ API quota exhausted, using web scraper...
  ⚠ Result not available yet

Processing: Junior vs Chico
    ⚠ API quota exhausted, using web scraper...
  ⚠ Result not available yet

Processing: Newells Old Boys vs Defensa Y Justicia
    ⚠ API quota exhausted, using web scraper...
  ⚠ Result not available yet

Processing: Atlas vs U.N.A.M. - Pumas
    ⚠ API quota exhausted, using web scraper...
  ⚠ Result not available yet

Processing: Santa Fe vs Atletico Nacional
    ⚠ API quota exhausted, using web scraper...
  ⚠ Result not available yet

Processing: Lens vs Rennes
    ⚠ API quota exhausted, using web scraper...
  ⚠ Result not available yet

Processing: Lask Linz vs WSG Wattens
    ⚠ API quota exhausted, using web scraper...
  ⚠ Result not available yet

Processing: Rapid Vienna vs TSV Hartberg
    ⚠ API quota exhausted, using web scraper...
  ⚠ Result not available yet

Processing: Rayo Vallecano vs Oviedo
    ⚠ API quota exhausted, using web scraper...
  ⚠ Result not available yet

============================================================

✓ Successfully processed: 0
⚠ Failed: 14

============================================================

📊 ACCUMULATOR ACCURACY STATISTICS

Total Predictions: 4
✅ Correct: 0 (0.0%)
❌ Incorrect: 0 (100.0%)
=== SmartAcca Post-Mortem Generator ===
📈 Including 4 major league matches
🌍 Including 10 other league matches
Found 14 match(es) to process.

Processing: Tokyo Verdy vs Mito Hollyhock
    ⚠ API quota exhausted, using web scraper...
  ⚠ Result not available yet

Processing: Adelaide United vs Newcastle Jets
    ⚠ API quota exhausted, using web scraper...
  ⚠ Result not available yet

Processing: Kawasaki Frontale vs Kashiwa Reysol
    ⚠ API quota exhausted, using web scraper...
  ⚠ Result not available yet

Processing: Nagoya Grampus vs Shimizu S-pulse
    ⚠ API quota exhausted, using web scraper...
  ⚠ Result not available yet

Processing: Avispa Fukuoka vs Fagiano Okayama
    ⚠ API quota exhausted, using web scraper...
  ⚠ Result not available yet

Processing: Club America vs Monterrey
    ⚠ API quota exhausted, using web scraper...
  ⚠ Result not available yet

Processing: Junior vs Chico
    ⚠ API quota exhausted, using web scraper...
  ⚠ Result not available yet

Processing: Newells Old Boys vs Defensa Y Justicia
    ⚠ API quota exhausted, using web scraper...
  ⚠ Result not available yet

Processing: Atlas vs U.N.A.M. - Pumas
    ⚠ API quota exhausted, using web scraper...
  ⚠ Result not available yet

Processing: Santa Fe vs Atletico Nacional
    ⚠ API quota exhausted, using web scraper...
  ⚠ Result not available yet

Processing: Lens vs Rennes
    ⚠ API quota exhausted, using web scraper...
  ⚠ Result not available yet

Processing: Lask Linz vs WSG Wattens
    ⚠ API quota exhausted, using web scraper...
  ⚠ Result not available yet

Processing: Rapid Vienna vs TSV Hartberg
    ⚠ API quota exhausted, using web scraper...
  ⚠ Result not available yet

Processing: Rayo Vallecano vs Oviedo
    ⚠ API quota exhausted, using web scraper...
  ⚠ Result not available yet

============================================================

✓ Successfully processed: 0
⚠ Failed: 14

============================================================

📊 ACCUMULATOR ACCURACY STATISTICS

Total Predictions: 4
✅ Correct: 0 (0.0%)
❌ Incorrect: 0 (100.0%)
[Sun Feb  8 08:00:48 UTC 2026] Result fetch completed
[Sun Feb  8 08:00:48 UTC 2026] Result fetch completed
[Sun Feb  8 08:30:01 UTC 2026] Starting result fetch...
[Sun Feb  8 08:30:01 UTC 2026] Starting result fetch...
=== SmartAcca Post-Mortem Generator ===
📈 Including 4 major league matches
🌍 Including 10 other league matches
Found 14 match(es) to process.

Processing: Tokyo Verdy vs Mito Hollyhock
    ⚠ API quota exhausted, using web scraper...
  ⚠ Result not available yet

Processing: Adelaide United vs Newcastle Jets
    ⚠ API quota exhausted, using web scraper...
  ⚠ Result not available yet

Processing: Kawasaki Frontale vs Kashiwa Reysol
    ⚠ API quota exhausted, using web scraper...
  ⚠ Result not available yet

Processing: Nagoya Grampus vs Shimizu S-pulse
    ⚠ API quota exhausted, using web scraper...
  ⚠ Result not available yet

Processing: Avispa Fukuoka vs Fagiano Okayama
    ⚠ API quota exhausted, using web scraper...
  ⚠ Result not available yet

Processing: Club America vs Monterrey
    ⚠ API quota exhausted, using web scraper...
  ⚠ Result not available yet

Processing: Junior vs Chico
    ⚠ API quota exhausted, using web scraper...
  ⚠ Result not available yet

Processing: Newells Old Boys vs Defensa Y Justicia
    ⚠ API quota exhausted, using web scraper...
  ⚠ Result not available yet

Processing: Atlas vs U.N.A.M. - Pumas
    ⚠ API quota exhausted, using web scraper...
  ⚠ Result not available yet

Processing: Santa Fe vs Atletico Nacional
    ⚠ API quota exhausted, using web scraper...
  ⚠ Result not available yet

Processing: Lens vs Rennes
    ⚠ API quota exhausted, using web scraper...
  ⚠ Result not available yet

Processing: Lask Linz vs WSG Wattens
    ⚠ API quota exhausted, using web scraper...
  ⚠ Result not available yet

Processing: Rapid Vienna vs TSV Hartberg
    ⚠ API quota exhausted, using web scraper...
  ⚠ Result not available yet

Processing: Rayo Vallecano vs Oviedo
    ⚠ API quota exhausted, using web scraper...
  ⚠ Result not available yet

============================================================

✓ Successfully processed: 0
⚠ Failed: 14

============================================================

📊 ACCUMULATOR ACCURACY STATISTICS

Total Predictions: 4
✅ Correct: 0 (0.0%)
❌ Incorrect: 0 (100.0%)
[Sun Feb  8 08:30:44 UTC 2026] Result fetch completed
=== SmartAcca Post-Mortem Generator ===
📈 Including 4 major league matches
🌍 Including 10 other league matches
Found 14 match(es) to process.

Processing: Tokyo Verdy vs Mito Hollyhock
    ⚠ API quota exhausted, using web scraper...
  ⚠ Result not available yet

Processing: Adelaide United vs Newcastle Jets
    ⚠ API quota exhausted, using web scraper...
  ⚠ Result not available yet

Processing: Kawasaki Frontale vs Kashiwa Reysol
    ⚠ API quota exhausted, using web scraper...
  ⚠ Result not available yet

Processing: Nagoya Grampus vs Shimizu S-pulse
    ⚠ API quota exhausted, using web scraper...
  ⚠ Result not available yet

Processing: Avispa Fukuoka vs Fagiano Okayama
    ⚠ API quota exhausted, using web scraper...
  ⚠ Result not available yet

Processing: Club America vs Monterrey
    ⚠ API quota exhausted, using web scraper...
  ⚠ Result not available yet

Processing: Junior vs Chico
    ⚠ API quota exhausted, using web scraper...
  ⚠ Result not available yet

Processing: Newells Old Boys vs Defensa Y Justicia
    ⚠ API quota exhausted, using web scraper...
  ⚠ Result not available yet

Processing: Atlas vs U.N.A.M. - Pumas
    ⚠ API quota exhausted, using web scraper...
  ⚠ Result not available yet

Processing: Santa Fe vs Atletico Nacional
    ⚠ API quota exhausted, using web scraper...
  ⚠ Result not available yet

Processing: Lens vs Rennes
    ⚠ API quota exhausted, using web scraper...
  ⚠ Result not available yet

Processing: Lask Linz vs WSG Wattens
    ⚠ API quota exhausted, using web scraper...
  ⚠ Result not available yet

Processing: Rapid Vienna vs TSV Hartberg
    ⚠ API quota exhausted, using web scraper...
  ⚠ Result not available yet

Processing: Rayo Vallecano vs Oviedo
    ⚠ API quota exhausted, using web scraper...
  ⚠ Result not available yet

============================================================

✓ Successfully processed: 0
⚠ Failed: 14

============================================================

📊 ACCUMULATOR ACCURACY STATISTICS

Total Predictions: 4
✅ Correct: 0 (0.0%)
❌ Incorrect: 0 (100.0%)
[Sun Feb  8 08:30:44 UTC 2026] Result fetch completed
[Sun Feb  8 09:00:01 UTC 2026] Starting result fetch...
[Sun Feb  8 09:00:01 UTC 2026] Starting result fetch...
=== SmartAcca Post-Mortem Generator ===
📈 Including 4 major league matches
🌍 Including 10 other league matches
Found 14 match(es) to process.

Processing: Tokyo Verdy vs Mito Hollyhock
    ⚠ API quota exhausted, using web scraper...
  ⚠ Result not available yet

Processing: Adelaide United vs Newcastle Jets
    ⚠ API quota exhausted, using web scraper...
  ⚠ Result not available yet

Processing: Kawasaki Frontale vs Kashiwa Reysol
    ⚠ API quota exhausted, using web scraper...
  ⚠ Result not available yet

Processing: Nagoya Grampus vs Shimizu S-pulse
    ⚠ API quota exhausted, using web scraper...
  ⚠ Result not available yet

Processing: Avispa Fukuoka vs Fagiano Okayama
    ⚠ API quota exhausted, using web scraper...
  ⚠ Result not available yet

Processing: Club America vs Monterrey
    ⚠ API quota exhausted, using web scraper...
  ⚠ Result not available yet

Processing: Junior vs Chico
    ⚠ API quota exhausted, using web scraper...
  ⚠ Result not available yet

Processing: Newells Old Boys vs Defensa Y Justicia
    ⚠ API quota exhausted, using web scraper...
  ⚠ Result not available yet

Processing: Atlas vs U.N.A.M. - Pumas
    ⚠ API quota exhausted, using web scraper...
  ⚠ Result not available yet

Processing: Santa Fe vs Atletico Nacional
    ⚠ API quota exhausted, using web scraper...
  ⚠ Result not available yet

Processing: Lens vs Rennes
    ⚠ API quota exhausted, using web scraper...
  ⚠ Result not available yet

Processing: Lask Linz vs WSG Wattens
    ⚠ API quota exhausted, using web scraper...
  ⚠ Result not available yet

Processing: Rapid Vienna vs TSV Hartberg
    ⚠ API quota exhausted, using web scraper...
  ⚠ Result not available yet

Processing: Rayo Vallecano vs Oviedo
    ⚠ API quota exhausted, using web scraper...
  ⚠ Result not available yet

============================================================

✓ Successfully processed: 0
⚠ Failed: 14

============================================================

📊 ACCUMULATOR ACCURACY STATISTICS

Total Predictions: 4
✅ Correct: 0 (0.0%)
❌ Incorrect: 0 (100.0%)
[Sun Feb  8 09:00:46 UTC 2026] Result fetch completed
=== SmartAcca Post-Mortem Generator ===
📈 Including 4 major league matches
🌍 Including 10 other league matches
Found 14 match(es) to process.

Processing: Tokyo Verdy vs Mito Hollyhock
    ⚠ API quota exhausted, using web scraper...
  ⚠ Result not available yet

Processing: Adelaide United vs Newcastle Jets
    ⚠ API quota exhausted, using web scraper...
  ⚠ Result not available yet

Processing: Kawasaki Frontale vs Kashiwa Reysol
    ⚠ API quota exhausted, using web scraper...
  ⚠ Result not available yet

Processing: Nagoya Grampus vs Shimizu S-pulse
    ⚠ API quota exhausted, using web scraper...
  ⚠ Result not available yet

Processing: Avispa Fukuoka vs Fagiano Okayama
    ⚠ API quota exhausted, using web scraper...
  ⚠ Result not available yet

Processing: Club America vs Monterrey
    ⚠ API quota exhausted, using web scraper...
  ⚠ Result not available yet

Processing: Junior vs Chico
    ⚠ API quota exhausted, using web scraper...
  ⚠ Result not available yet

Processing: Newells Old Boys vs Defensa Y Justicia
    ⚠ API quota exhausted, using web scraper...
  ⚠ Result not available yet

Processing: Atlas vs U.N.A.M. - Pumas
    ⚠ API quota exhausted, using web scraper...
  ⚠ Result not available yet

Processing: Santa Fe vs Atletico Nacional
    ⚠ API quota exhausted, using web scraper...
  ⚠ Result not available yet

Processing: Lens vs Rennes
    ⚠ API quota exhausted, using web scraper...
  ⚠ Result not available yet

Processing: Lask Linz vs WSG Wattens
    ⚠ API quota exhausted, using web scraper...
  ⚠ Result not available yet

Processing: Rapid Vienna vs TSV Hartberg
    ⚠ API quota exhausted, using web scraper...
  ⚠ Result not available yet

Processing: Rayo Vallecano vs Oviedo
    ⚠ API quota exhausted, using web scraper...
  ⚠ Result not available yet

============================================================

✓ Successfully processed: 0
⚠ Failed: 14

============================================================

📊 ACCUMULATOR ACCURACY STATISTICS

Total Predictions: 4
✅ Correct: 0 (0.0%)
❌ Incorrect: 0 (100.0%)
[Sun Feb  8 09:00:48 UTC 2026] Result fetch completed
[Sun Feb  8 09:30:01 UTC 2026] Starting result fetch...
[Sun Feb  8 09:30:01 UTC 2026] Starting result fetch...
=== SmartAcca Post-Mortem Generator ===
📈 Including 4 major league matches
🌍 Including 10 other league matches
Found 14 match(es) to process.

Processing: Tokyo Verdy vs Mito Hollyhock
    ⚠ API quota exhausted, using web scraper...
  ⚠ Result not available yet

Processing: Adelaide United vs Newcastle Jets
    ⚠ API quota exhausted, using web scraper...
  ⚠ Result not available yet

Processing: Kawasaki Frontale vs Kashiwa Reysol
    ⚠ API quota exhausted, using web scraper...
  ⚠ Result not available yet

Processing: Nagoya Grampus vs Shimizu S-pulse
    ⚠ API quota exhausted, using web scraper...
  ⚠ Result not available yet

Processing: Avispa Fukuoka vs Fagiano Okayama
    ⚠ API quota exhausted, using web scraper...
  ⚠ Result not available yet

Processing: Club America vs Monterrey
    ⚠ API quota exhausted, using web scraper...
  ⚠ Result not available yet

Processing: Junior vs Chico
    ⚠ API quota exhausted, using web scraper...
  ⚠ Result not available yet

Processing: Newells Old Boys vs Defensa Y Justicia
    ⚠ API quota exhausted, using web scraper...
  ⚠ Result not available yet

Processing: Atlas vs U.N.A.M. - Pumas
    ⚠ API quota exhausted, using web scraper...
  ⚠ Result not available yet

Processing: Santa Fe vs Atletico Nacional
    ⚠ API quota exhausted, using web scraper...
  ⚠ Result not available yet

Processing: Lens vs Rennes
    ⚠ API quota exhausted, using web scraper...
  ⚠ Result not available yet

Processing: Lask Linz vs WSG Wattens
    ⚠ API quota exhausted, using web scraper...
  ⚠ Result not available yet

Processing: Rapid Vienna vs TSV Hartberg
    ⚠ API quota exhausted, using web scraper...
  ⚠ Result not available yet

Processing: Rayo Vallecano vs Oviedo
    ⚠ API quota exhausted, using web scraper...
  ⚠ Result not available yet

============================================================

✓ Successfully processed: 0
⚠ Failed: 14

============================================================

📊 ACCUMULATOR ACCURACY STATISTICS

Total Predictions: 4
✅ Correct: 0 (0.0%)
❌ Incorrect: 0 (100.0%)
[Sun Feb  8 09:30:43 UTC 2026] Result fetch completed
=== SmartAcca Post-Mortem Generator ===
📈 Including 4 major league matches
🌍 Including 10 other league matches
Found 14 match(es) to process.

Processing: Tokyo Verdy vs Mito Hollyhock
    ⚠ API quota exhausted, using web scraper...
  ⚠ Result not available yet

Processing: Adelaide United vs Newcastle Jets
    ⚠ API quota exhausted, using web scraper...
  ⚠ Result not available yet

Processing: Kawasaki Frontale vs Kashiwa Reysol
    ⚠ API quota exhausted, using web scraper...
  ⚠ Result not available yet

Processing: Nagoya Grampus vs Shimizu S-pulse
    ⚠ API quota exhausted, using web scraper...
  ⚠ Result not available yet

Processing: Avispa Fukuoka vs Fagiano Okayama
    ⚠ API quota exhausted, using web scraper...
  ⚠ Result not available yet

Processing: Club America vs Monterrey
    ⚠ API quota exhausted, using web scraper...
  ⚠ Result not available yet

Processing: Junior vs Chico
    ⚠ API quota exhausted, using web scraper...
  ⚠ Result not available yet

Processing: Newells Old Boys vs Defensa Y Justicia
    ⚠ API quota exhausted, using web scraper...
  ⚠ Result not available yet

Processing: Atlas vs U.N.A.M. - Pumas
    ⚠ API quota exhausted, using web scraper...
  ⚠ Result not available yet

Processing: Santa Fe vs Atletico Nacional
    ⚠ API quota exhausted, using web scraper...
  ⚠ Result not available yet

Processing: Lens vs Rennes
    ⚠ API quota exhausted, using web scraper...
  ⚠ Result not available yet

Processing: Lask Linz vs WSG Wattens
    ⚠ API quota exhausted, using web scraper...
  ⚠ Result not available yet

Processing: Rapid Vienna vs TSV Hartberg
    ⚠ API quota exhausted, using web scraper...
  ⚠ Result not available yet

Processing: Rayo Vallecano vs Oviedo
    ⚠ API quota exhausted, using web scraper...
  ⚠ Result not available yet

============================================================

✓ Successfully processed: 0
⚠ Failed: 14

============================================================

📊 ACCUMULATOR ACCURACY STATISTICS

Total Predictions: 4
✅ Correct: 0 (0.0%)
❌ Incorrect: 0 (100.0%)
[Sun Feb  8 09:30:43 UTC 2026] Result fetch completed
[Sun Feb  8 10:00:01 UTC 2026] Starting result fetch...
[Sun Feb  8 10:00:01 UTC 2026] Starting result fetch...
=== SmartAcca Post-Mortem Generator ===
📈 Including 4 major league matches
🌍 Including 10 other league matches
Found 14 match(es) to process.

Processing: Tokyo Verdy vs Mito Hollyhock
    ⚠ API quota exhausted, using web scraper...
  ⚠ Result not available yet

Processing: Adelaide United vs Newcastle Jets
    ⚠ API quota exhausted, using web scraper...
  ⚠ Result not available yet

Processing: Kawasaki Frontale vs Kashiwa Reysol
    ⚠ API quota exhausted, using web scraper...
  ⚠ Result not available yet

Processing: Nagoya Grampus vs Shimizu S-pulse
    ⚠ API quota exhausted, using web scraper...
  ⚠ Result not available yet

Processing: Avispa Fukuoka vs Fagiano Okayama
    ⚠ API quota exhausted, using web scraper...
  ⚠ Result not available yet

Processing: Club America vs Monterrey
    ⚠ API quota exhausted, using web scraper...
  ⚠ Result not available yet

Processing: Junior vs Chico
    ⚠ API quota exhausted, using web scraper...
  ⚠ Result not available yet

Processing: Newells Old Boys vs Defensa Y Justicia
    ⚠ API quota exhausted, using web scraper...
  ⚠ Result not available yet

Processing: Atlas vs U.N.A.M. - Pumas
    ⚠ API quota exhausted, using web scraper...
  ⚠ Result not available yet

Processing: Santa Fe vs Atletico Nacional
    ⚠ API quota exhausted, using web scraper...
  ⚠ Result not available yet

Processing: Lens vs Rennes
    ⚠ API quota exhausted, using web scraper...
  ⚠ Result not available yet

Processing: Lask Linz vs WSG Wattens
    ⚠ API quota exhausted, using web scraper...
  ⚠ Result not available yet

Processing: Rapid Vienna vs TSV Hartberg
    ⚠ API quota exhausted, using web scraper...
  ⚠ Result not available yet

Processing: Rayo Vallecano vs Oviedo
    ⚠ API quota exhausted, using web scraper...
  ⚠ Result not available yet

============================================================

✓ Successfully processed: 0
⚠ Failed: 14

============================================================

📊 ACCUMULATOR ACCURACY STATISTICS

Total Predictions: 4
✅ Correct: 0 (0.0%)
❌ Incorrect: 0 (100.0%)
[Sun Feb  8 10:00:44 UTC 2026] Result fetch completed
=== SmartAcca Post-Mortem Generator ===
📈 Including 4 major league matches
🌍 Including 10 other league matches
Found 14 match(es) to process.

Processing: Tokyo Verdy vs Mito Hollyhock
    ⚠ API quota exhausted, using web scraper...
  ⚠ Result not available yet

Processing: Adelaide United vs Newcastle Jets
    ⚠ API quota exhausted, using web scraper...
  ⚠ Result not available yet

Processing: Kawasaki Frontale vs Kashiwa Reysol
    ⚠ API quota exhausted, using web scraper...
  ⚠ Result not available yet

Processing: Nagoya Grampus vs Shimizu S-pulse
    ⚠ API quota exhausted, using web scraper...
  ⚠ Result not available yet

Processing: Avispa Fukuoka vs Fagiano Okayama
    ⚠ API quota exhausted, using web scraper...
  ⚠ Result not available yet

Processing: Club America vs Monterrey
    ⚠ API quota exhausted, using web scraper...
  ⚠ Result not available yet

Processing: Junior vs Chico
    ⚠ API quota exhausted, using web scraper...
  ⚠ Result not available yet

Processing: Newells Old Boys vs Defensa Y Justicia
    ⚠ API quota exhausted, using web scraper...
  ⚠ Result not available yet

Processing: Atlas vs U.N.A.M. - Pumas
    ⚠ API quota exhausted, using web scraper...
  ⚠ Result not available yet

Processing: Santa Fe vs Atletico Nacional
    ⚠ API quota exhausted, using web scraper...
  ⚠ Result not available yet

Processing: Lens vs Rennes
    ⚠ API quota exhausted, using web scraper...
  ⚠ Result not available yet

Processing: Lask Linz vs WSG Wattens
    ⚠ API quota exhausted, using web scraper...
  ⚠ Result not available yet

Processing: Rapid Vienna vs TSV Hartberg
    ⚠ API quota exhausted, using web scraper...
  ⚠ Result not available yet

Processing: Rayo Vallecano vs Oviedo
    ⚠ API quota exhausted, using web scraper...
  ⚠ Result not available yet

============================================================

✓ Successfully processed: 0
⚠ Failed: 14

============================================================

📊 ACCUMULATOR ACCURACY STATISTICS

Total Predictions: 4
✅ Correct: 0 (0.0%)
❌ Incorrect: 0 (100.0%)
[Sun Feb  8 10:00:45 UTC 2026] Result fetch completed
[Sun Feb  8 10:30:01 UTC 2026] Starting result fetch...
[Sun Feb  8 10:30:01 UTC 2026] Starting result fetch...
=== SmartAcca Post-Mortem Generator ===
📈 Including 4 major league matches
🌍 Including 10 other league matches
Found 14 match(es) to process.

Processing: Tokyo Verdy vs Mito Hollyhock
    ⚠ API quota exhausted, using web scraper...
  ⚠ Result not available yet

Processing: Adelaide United vs Newcastle Jets
    ⚠ API quota exhausted, using web scraper...
  ⚠ Result not available yet

Processing: Kawasaki Frontale vs Kashiwa Reysol
    ⚠ API quota exhausted, using web scraper...
  ⚠ Result not available yet

Processing: Nagoya Grampus vs Shimizu S-pulse
    ⚠ API quota exhausted, using web scraper...
  ⚠ Result not available yet

Processing: Avispa Fukuoka vs Fagiano Okayama
    ⚠ API quota exhausted, using web scraper...
  ⚠ Result not available yet

Processing: Club America vs Monterrey
    ⚠ API quota exhausted, using web scraper...
  ⚠ Result not available yet

Processing: Junior vs Chico
    ⚠ API quota exhausted, using web scraper...
  ⚠ Result not available yet

Processing: Newells Old Boys vs Defensa Y Justicia
    ⚠ API quota exhausted, using web scraper...
  ⚠ Result not available yet

Processing: Atlas vs U.N.A.M. - Pumas
    ⚠ API quota exhausted, using web scraper...
  ⚠ Result not available yet

Processing: Santa Fe vs Atletico Nacional
    ⚠ API quota exhausted, using web scraper...
  ⚠ Result not available yet

Processing: Lens vs Rennes
    ⚠ API quota exhausted, using web scraper...
  ⚠ Result not available yet

Processing: Lask Linz vs WSG Wattens
    ⚠ API quota exhausted, using web scraper...
  ⚠ Result not available yet

Processing: Rapid Vienna vs TSV Hartberg
    ⚠ API quota exhausted, using web scraper...
  ⚠ Result not available yet

Processing: Rayo Vallecano vs Oviedo
    ⚠ API quota exhausted, using web scraper...
  ⚠ Result not available yet

============================================================

✓ Successfully processed: 0
⚠ Failed: 14

============================================================

📊 ACCUMULATOR ACCURACY STATISTICS

Total Predictions: 4
✅ Correct: 0 (0.0%)
❌ Incorrect: 0 (100.0%)
[Sun Feb  8 10:30:42 UTC 2026] Result fetch completed
=== SmartAcca Post-Mortem Generator ===
📈 Including 4 major league matches
🌍 Including 10 other league matches
Found 14 match(es) to process.

Processing: Tokyo Verdy vs Mito Hollyhock
    ⚠ API quota exhausted, using web scraper...
  ⚠ Result not available yet

Processing: Adelaide United vs Newcastle Jets
    ⚠ API quota exhausted, using web scraper...
  ⚠ Result not available yet

Processing: Kawasaki Frontale vs Kashiwa Reysol
    ⚠ API quota exhausted, using web scraper...
  ⚠ Result not available yet

Processing: Nagoya Grampus vs Shimizu S-pulse
    ⚠ API quota exhausted, using web scraper...
  ⚠ Result not available yet

Processing: Avispa Fukuoka vs Fagiano Okayama
    ⚠ API quota exhausted, using web scraper...
  ⚠ Result not available yet

Processing: Club America vs Monterrey
    ⚠ API quota exhausted, using web scraper...
  ⚠ Result not available yet

Processing: Junior vs Chico
    ⚠ API quota exhausted, using web scraper...
  ⚠ Result not available yet

Processing: Newells Old Boys vs Defensa Y Justicia
    ⚠ API quota exhausted, using web scraper...
  ⚠ Result not available yet

Processing: Atlas vs U.N.A.M. - Pumas
    ⚠ API quota exhausted, using web scraper...
  ⚠ Result not available yet

Processing: Santa Fe vs Atletico Nacional
    ⚠ API quota exhausted, using web scraper...
  ⚠ Result not available yet

Processing: Lens vs Rennes
    ⚠ API quota exhausted, using web scraper...
  ⚠ Result not available yet

Processing: Lask Linz vs WSG Wattens
    ⚠ API quota exhausted, using web scraper...
  ⚠ Result not available yet

Processing: Rapid Vienna vs TSV Hartberg
    ⚠ API quota exhausted, using web scraper...
  ⚠ Result not available yet

Processing: Rayo Vallecano vs Oviedo
    ⚠ API quota exhausted, using web scraper...
  ⚠ Result not available yet

============================================================

✓ Successfully processed: 0
⚠ Failed: 14

============================================================

📊 ACCUMULATOR ACCURACY STATISTICS

Total Predictions: 4
✅ Correct: 0 (0.0%)
❌ Incorrect: 0 (100.0%)
[Sun Feb  8 10:30:44 UTC 2026] Result fetch completed
[Sun Feb  8 11:00:01 UTC 2026] Starting result fetch...
[Sun Feb  8 11:00:01 UTC 2026] Starting result fetch...
=== SmartAcca Post-Mortem Generator ===
📈 Including 4 major league matches
🌍 Including 10 other league matches
Found 14 match(es) to process.

Processing: Tokyo Verdy vs Mito Hollyhock
    ⚠ API quota exhausted, using web scraper...
  ⚠ Result not available yet

Processing: Adelaide United vs Newcastle Jets
    ⚠ API quota exhausted, using web scraper...
  ⚠ Result not available yet

Processing: Kawasaki Frontale vs Kashiwa Reysol
    ⚠ API quota exhausted, using web scraper...
  ⚠ Result not available yet

Processing: Nagoya Grampus vs Shimizu S-pulse
    ⚠ API quota exhausted, using web scraper...
  ⚠ Result not available yet

Processing: Avispa Fukuoka vs Fagiano Okayama
    ⚠ API quota exhausted, using web scraper...
  ⚠ Result not available yet

Processing: Club America vs Monterrey
    ⚠ API quota exhausted, using web scraper...
  ⚠ Result not available yet

Processing: Junior vs Chico
    ⚠ API quota exhausted, using web scraper...
  ⚠ Result not available yet

Processing: Newells Old Boys vs Defensa Y Justicia
    ⚠ API quota exhausted, using web scraper...
  ⚠ Result not available yet

Processing: Atlas vs U.N.A.M. - Pumas
    ⚠ API quota exhausted, using web scraper...
  ⚠ Result not available yet

Processing: Santa Fe vs Atletico Nacional
    ⚠ API quota exhausted, using web scraper...
  ⚠ Result not available yet

Processing: Lens vs Rennes
    ⚠ API quota exhausted, using web scraper...
  ⚠ Result not available yet

Processing: Lask Linz vs WSG Wattens
    ⚠ API quota exhausted, using web scraper...
  ⚠ Result not available yet

Processing: Rapid Vienna vs TSV Hartberg
    ⚠ API quota exhausted, using web scraper...
  ⚠ Result not available yet

Processing: Rayo Vallecano vs Oviedo
    ⚠ API quota exhausted, using web scraper...
  ⚠ Result not available yet

============================================================

✓ Successfully processed: 0
⚠ Failed: 14

============================================================

📊 ACCUMULATOR ACCURACY STATISTICS

Total Predictions: 4
✅ Correct: 0 (0.0%)
❌ Incorrect: 0 (100.0%)
=== SmartAcca Post-Mortem Generator ===
📈 Including 4 major league matches
🌍 Including 10 other league matches
Found 14 match(es) to process.

Processing: Tokyo Verdy vs Mito Hollyhock
    ⚠ API quota exhausted, using web scraper...
  ⚠ Result not available yet

Processing: Adelaide United vs Newcastle Jets
    ⚠ API quota exhausted, using web scraper...
  ⚠ Result not available yet

Processing: Kawasaki Frontale vs Kashiwa Reysol
    ⚠ API quota exhausted, using web scraper...
  ⚠ Result not available yet

Processing: Nagoya Grampus vs Shimizu S-pulse
    ⚠ API quota exhausted, using web scraper...
  ⚠ Result not available yet

Processing: Avispa Fukuoka vs Fagiano Okayama
    ⚠ API quota exhausted, using web scraper...
  ⚠ Result not available yet

Processing: Club America vs Monterrey
    ⚠ API quota exhausted, using web scraper...
  ⚠ Result not available yet

Processing: Junior vs Chico
    ⚠ API quota exhausted, using web scraper...
  ⚠ Result not available yet

Processing: Newells Old Boys vs Defensa Y Justicia
    ⚠ API quota exhausted, using web scraper...
  ⚠ Result not available yet

Processing: Atlas vs U.N.A.M. - Pumas
    ⚠ API quota exhausted, using web scraper...
  ⚠ Result not available yet

Processing: Santa Fe vs Atletico Nacional
    ⚠ API quota exhausted, using web scraper...
  ⚠ Result not available yet

Processing: Lens vs Rennes
    ⚠ API quota exhausted, using web scraper...
  ⚠ Result not available yet

Processing: Lask Linz vs WSG Wattens
    ⚠ API quota exhausted, using web scraper...
  ⚠ Result not available yet

Processing: Rapid Vienna vs TSV Hartberg
    ⚠ API quota exhausted, using web scraper...
  ⚠ Result not available yet

Processing: Rayo Vallecano vs Oviedo
    ⚠ API quota exhausted, using web scraper...
  ⚠ Result not available yet

============================================================

✓ Successfully processed: 0
⚠ Failed: 14

============================================================

📊 ACCUMULATOR ACCURACY STATISTICS

Total Predictions: 4
✅ Correct: 0 (0.0%)
❌ Incorrect: 0 (100.0%)
[Sun Feb  8 11:00:46 UTC 2026] Result fetch completed
[Sun Feb  8 11:00:47 UTC 2026] Result fetch completed
[Sun Feb  8 11:30:01 UTC 2026] Starting result fetch...
[Sun Feb  8 11:30:01 UTC 2026] Starting result fetch...
=== SmartAcca Post-Mortem Generator ===
📈 Including 5 major league matches
🌍 Including 10 other league matches
Found 15 match(es) to process.

Processing: Bologna vs Parma
    ⚠ API quota exhausted, using web scraper...
  ⚠ Result not available yet

Processing: Eyüpspor vs Başakşehir
    ⚠ API quota exhausted, using web scraper...
  ⚠ Result not available yet

Processing: Utrecht vs Feyenoord
    ⚠ API quota exhausted, using web scraper...
  ⚠ Result not available yet

Processing: Tokyo Verdy vs Mito Hollyhock
    ⚠ API quota exhausted, using web scraper...
  ⚠ Result not available yet

Processing: Adelaide United vs Newcastle Jets
    ⚠ API quota exhausted, using web scraper...
  ⚠ Result not available yet

Processing: Kawasaki Frontale vs Kashiwa Reysol
    ⚠ API quota exhausted, using web scraper...
  ⚠ Result not available yet

Processing: Nagoya Grampus vs Shimizu S-pulse
    ⚠ API quota exhausted, using web scraper...
  ⚠ Result not available yet

Processing: Avispa Fukuoka vs Fagiano Okayama
    ⚠ API quota exhausted, using web scraper...
  ⚠ Result not available yet

Processing: Club America vs Monterrey
    ⚠ API quota exhausted, using web scraper...
  ⚠ Result not available yet

Processing: Junior vs Chico
    ⚠ API quota exhausted, using web scraper...
  ⚠ Result not available yet

Processing: Newells Old Boys vs Defensa Y Justicia
    ⚠ API quota exhausted, using web scraper...
  ⚠ Result not available yet

Processing: Lens vs Rennes
    ⚠ API quota exhausted, using web scraper...
  ⚠ Result not available yet

Processing: Lask Linz vs WSG Wattens
    ⚠ API quota exhausted, using web scraper...
  ⚠ Result not available yet

Processing: Rapid Vienna vs TSV Hartberg
    ⚠ API quota exhausted, using web scraper...
  ⚠ Result not available yet

Processing: Rayo Vallecano vs Oviedo
    ⚠ API quota exhausted, using web scraper...
  ⚠ Result not available yet

============================================================

✓ Successfully processed: 0
⚠ Failed: 15

============================================================

📊 ACCUMULATOR ACCURACY STATISTICS

Total Predictions: 4
✅ Correct: 0 (0.0%)
❌ Incorrect: 0 (100.0%)
[Sun Feb  8 11:30:45 UTC 2026] Result fetch completed
=== SmartAcca Post-Mortem Generator ===
📈 Including 5 major league matches
🌍 Including 10 other league matches
Found 15 match(es) to process.

Processing: Bologna vs Parma
    ⚠ API quota exhausted, using web scraper...
  ⚠ Result not available yet

Processing: Eyüpspor vs Başakşehir
    ⚠ API quota exhausted, using web scraper...
  ⚠ Result not available yet

Processing: Utrecht vs Feyenoord
    ⚠ API quota exhausted, using web scraper...
  ⚠ Result not available yet

Processing: Tokyo Verdy vs Mito Hollyhock
    ⚠ API quota exhausted, using web scraper...
  ⚠ Result not available yet

Processing: Adelaide United vs Newcastle Jets
    ⚠ API quota exhausted, using web scraper...
  ⚠ Result not available yet

Processing: Kawasaki Frontale vs Kashiwa Reysol
    ⚠ API quota exhausted, using web scraper...
  ⚠ Result not available yet

Processing: Nagoya Grampus vs Shimizu S-pulse
    ⚠ API quota exhausted, using web scraper...
  ⚠ Result not available yet

Processing: Avispa Fukuoka vs Fagiano Okayama
    ⚠ API quota exhausted, using web scraper...
  ⚠ Result not available yet

Processing: Club America vs Monterrey
    ⚠ API quota exhausted, using web scraper...
  ⚠ Result not available yet

Processing: Junior vs Chico
    ⚠ API quota exhausted, using web scraper...
  ⚠ Result not available yet

Processing: Newells Old Boys vs Defensa Y Justicia
    ⚠ API quota exhausted, using web scraper...
  ⚠ Result not available yet

Processing: Lens vs Rennes
    ⚠ API quota exhausted, using web scraper...
  ⚠ Result not available yet

Processing: Lask Linz vs WSG Wattens
    ⚠ API quota exhausted, using web scraper...
  ⚠ Result not available yet

Processing: Rapid Vienna vs TSV Hartberg
    ⚠ API quota exhausted, using web scraper...
  ⚠ Result not available yet

Processing: Rayo Vallecano vs Oviedo
    ⚠ API quota exhausted, using web scraper...
  ⚠ Result not available yet

============================================================

✓ Successfully processed: 0
⚠ Failed: 15

============================================================

📊 ACCUMULATOR ACCURACY STATISTICS

Total Predictions: 4
✅ Correct: 0 (0.0%)
❌ Incorrect: 0 (100.0%)
[Sun Feb  8 11:30:46 UTC 2026] Result fetch completed
[Sun Feb  8 12:00:01 UTC 2026] Starting result fetch...
[Sun Feb  8 12:00:01 UTC 2026] Starting result fetch...
=== SmartAcca Post-Mortem Generator ===
📈 Including 5 major league matches
🌍 Including 10 other league matches
Found 15 match(es) to process.

Processing: Bologna vs Parma
    ⚠ API quota exhausted, using web scraper...
    ✓ Found via ESPN
  Result: Bologna 0 - 0 Parma (FT)
  ⚠ Suspicious FT status: 0-0 after only 30 minutes

Processing: Eyüpspor vs Başakşehir
    ⚠ API quota exhausted, using web scraper...
  ⚠ Result not available yet

Processing: Utrecht vs Feyenoord
    ⚠ API quota exhausted, using web scraper...
    ✓ Found via ESPN
  Result: Utrecht 0 - 1 Feyenoord (FT)
  Prediction: ❌ UNKNOWN

Processing: Tokyo Verdy vs Mito Hollyhock
    ⚠ API quota exhausted, using web scraper...
  ⚠ Result not available yet

Processing: Adelaide United vs Newcastle Jets
    ⚠ API quota exhausted, using web scraper...
  ⚠ Result not available yet

Processing: Kawasaki Frontale vs Kashiwa Reysol
    ⚠ API quota exhausted, using web scraper...
  ⚠ Result not available yet

Processing: Nagoya Grampus vs Shimizu S-pulse
    ⚠ API quota exhausted, using web scraper...
  ⚠ Result not available yet

Processing: Avispa Fukuoka vs Fagiano Okayama
    ⚠ API quota exhausted, using web scraper...
  ⚠ Result not available yet

Processing: Club America vs Monterrey
    ⚠ API quota exhausted, using web scraper...
  ⚠ Result not available yet

Processing: Junior vs Chico
    ⚠ API quota exhausted, using web scraper...
  ⚠ Result not available yet

Processing: Newells Old Boys vs Defensa Y Justicia
    ⚠ API quota exhausted, using web scraper...
  ⚠ Result not available yet

Processing: Lens vs Rennes
    ⚠ API quota exhausted, using web scraper...
  ⚠ Result not available yet

Processing: Lask Linz vs WSG Wattens
    ⚠ API quota exhausted, using web scraper...
  ⚠ Result not available yet

Processing: Rapid Vienna vs TSV Hartberg
    ⚠ API quota exhausted, using web scraper...
  ⚠ Result not available yet

Processing: Rayo Vallecano vs Oviedo
    ⚠ API quota exhausted, using web scraper...
  ⚠ Result not available yet

============================================================

✓ Successfully processed: 2
⚠ Failed: 13

============================================================

📊 ACCUMULATOR ACCURACY STATISTICS

Total Predictions: 4
✅ Correct: 0 (0.0%)
❌ Incorrect: 0 (100.0%)
[Sun Feb  8 12:00:53 UTC 2026] Result fetch completed
=== SmartAcca Post-Mortem Generator ===
📈 Including 5 major league matches
🌍 Including 10 other league matches
Found 15 match(es) to process.

Processing: Bologna vs Parma
    ⚠ API quota exhausted, using web scraper...
    ✓ Found via ESPN
  Result: Bologna 0 - 0 Parma (FT)
  ⚠ Suspicious FT status: 0-0 after only 30 minutes

Processing: Eyüpspor vs Başakşehir
    ⚠ API quota exhausted, using web scraper...
  ⚠ Result not available yet

Processing: Utrecht vs Feyenoord
    ⚠ API quota exhausted, using web scraper...
    ✓ Found via ESPN
  Result: Utrecht 0 - 1 Feyenoord (FT)
  Prediction: ❌ UNKNOWN

Processing: Tokyo Verdy vs Mito Hollyhock
    ⚠ API quota exhausted, using web scraper...
  ⚠ Result not available yet

Processing: Adelaide United vs Newcastle Jets
    ⚠ API quota exhausted, using web scraper...
  ⚠ Result not available yet

Processing: Kawasaki Frontale vs Kashiwa Reysol
    ⚠ API quota exhausted, using web scraper...
  ⚠ Result not available yet

Processing: Nagoya Grampus vs Shimizu S-pulse
    ⚠ API quota exhausted, using web scraper...
  ⚠ Result not available yet

Processing: Avispa Fukuoka vs Fagiano Okayama
    ⚠ API quota exhausted, using web scraper...
  ⚠ Result not available yet

Processing: Club America vs Monterrey
    ⚠ API quota exhausted, using web scraper...
  ⚠ Result not available yet

Processing: Junior vs Chico
    ⚠ API quota exhausted, using web scraper...
  ⚠ Result not available yet

Processing: Newells Old Boys vs Defensa Y Justicia
    ⚠ API quota exhausted, using web scraper...
  ⚠ Result not available yet

Processing: Lens vs Rennes
    ⚠ API quota exhausted, using web scraper...
  ⚠ Result not available yet

Processing: Lask Linz vs WSG Wattens
    ⚠ API quota exhausted, using web scraper...
  ⚠ Result not available yet

Processing: Rapid Vienna vs TSV Hartberg
    ⚠ API quota exhausted, using web scraper...
  ⚠ Result not available yet

Processing: Rayo Vallecano vs Oviedo
    ⚠ API quota exhausted, using web scraper...
  ⚠ Result not available yet

============================================================

✓ Successfully processed: 2
⚠ Failed: 13

============================================================

📊 ACCUMULATOR ACCURACY STATISTICS

Total Predictions: 4
✅ Correct: 0 (0.0%)
❌ Incorrect: 0 (100.0%)
[Sun Feb  8 12:00:55 UTC 2026] Result fetch completed
[Sun Feb  8 12:30:01 UTC 2026] Starting result fetch...
[Sun Feb  8 12:30:01 UTC 2026] Starting result fetch...
=== SmartAcca Post-Mortem Generator ===
📈 Including 5 major league matches
🌍 Including 10 other league matches
Found 15 match(es) to process.

Processing: Genk vs Anderlecht
    ⚠ API quota exhausted, using web scraper...
  ⚠ Result not available yet

Processing: Swansea vs Sheffield Wednesday
    ⚠ API quota exhausted, using web scraper...
    ✓ Found via ESPN
  Result: Swansea 0 - 0 Sheffield Wednesday (FT)
  ⚠ Suspicious FT status: 0-0 after only 29 minutes

Processing: Eyüpspor vs Başakşehir
    ⚠ API quota exhausted, using web scraper...
  ⚠ Result not available yet

Processing: Tokyo Verdy vs Mito Hollyhock
    ⚠ API quota exhausted, using web scraper...
  ⚠ Result not available yet

Processing: Adelaide United vs Newcastle Jets
    ⚠ API quota exhausted, using web scraper...
  ⚠ Result not available yet

Processing: Kawasaki Frontale vs Kashiwa Reysol
    ⚠ API quota exhausted, using web scraper...
  ⚠ Result not available yet

Processing: Nagoya Grampus vs Shimizu S-pulse
    ⚠ API quota exhausted, using web scraper...
  ⚠ Result not available yet

Processing: Avispa Fukuoka vs Fagiano Okayama
    ⚠ API quota exhausted, using web scraper...
  ⚠ Result not available yet

Processing: Club America vs Monterrey
    ⚠ API quota exhausted, using web scraper...
  ⚠ Result not available yet

Processing: Junior vs Chico
    ⚠ API quota exhausted, using web scraper...
  ⚠ Result not available yet

Processing: Newells Old Boys vs Defensa Y Justicia
    ⚠ API quota exhausted, using web scraper...
  ⚠ Result not available yet

Processing: Lens vs Rennes
    ⚠ API quota exhausted, using web scraper...
  ⚠ Result not available yet

Processing: Lask Linz vs WSG Wattens
    ⚠ API quota exhausted, using web scraper...
  ⚠ Result not available yet

Processing: Rapid Vienna vs TSV Hartberg
    ⚠ API quota exhausted, using web scraper...
  ⚠ Result not available yet

Processing: Rayo Vallecano vs Oviedo
    ⚠ API quota exhausted, using web scraper...
  ⚠ Result not available yet

============================================================

✓ Successfully processed: 1
⚠ Failed: 14

============================================================

📊 ACCUMULATOR ACCURACY STATISTICS

Total Predictions: 4
✅ Correct: 0 (0.0%)
❌ Incorrect: 0 (100.0%)
[Sun Feb  8 12:30:46 UTC 2026] Result fetch completed
=== SmartAcca Post-Mortem Generator ===
📈 Including 5 major league matches
🌍 Including 10 other league matches
Found 15 match(es) to process.

Processing: Genk vs Anderlecht
    ⚠ API quota exhausted, using web scraper...
  ⚠ Result not available yet

Processing: Swansea vs Sheffield Wednesday
    ⚠ API quota exhausted, using web scraper...
    ✓ Found via ESPN
  Result: Swansea 0 - 0 Sheffield Wednesday (FT)
  ⚠ Suspicious FT status: 0-0 after only 29 minutes

Processing: Eyüpspor vs Başakşehir
    ⚠ API quota exhausted, using web scraper...
  ⚠ Result not available yet

Processing: Tokyo Verdy vs Mito Hollyhock
    ⚠ API quota exhausted, using web scraper...
  ⚠ Result not available yet

Processing: Adelaide United vs Newcastle Jets
    ⚠ API quota exhausted, using web scraper...
  ⚠ Result not available yet

Processing: Kawasaki Frontale vs Kashiwa Reysol
    ⚠ API quota exhausted, using web scraper...
  ⚠ Result not available yet

Processing: Nagoya Grampus vs Shimizu S-pulse
    ⚠ API quota exhausted, using web scraper...
  ⚠ Result not available yet

Processing: Avispa Fukuoka vs Fagiano Okayama
    ⚠ API quota exhausted, using web scraper...
  ⚠ Result not available yet

Processing: Club America vs Monterrey
    ⚠ API quota exhausted, using web scraper...
  ⚠ Result not available yet

Processing: Junior vs Chico
    ⚠ API quota exhausted, using web scraper...
  ⚠ Result not available yet

Processing: Newells Old Boys vs Defensa Y Justicia
    ⚠ API quota exhausted, using web scraper...
  ⚠ Result not available yet

Processing: Lens vs Rennes
    ⚠ API quota exhausted, using web scraper...
  ⚠ Result not available yet

Processing: Lask Linz vs WSG Wattens
    ⚠ API quota exhausted, using web scraper...
  ⚠ Result not available yet

Processing: Rapid Vienna vs TSV Hartberg
    ⚠ API quota exhausted, using web scraper...
  ⚠ Result not available yet

Processing: Rayo Vallecano vs Oviedo
    ⚠ API quota exhausted, using web scraper...
  ⚠ Result not available yet

============================================================

✓ Successfully processed: 1
⚠ Failed: 14

============================================================

📊 ACCUMULATOR ACCURACY STATISTICS

Total Predictions: 4
✅ Correct: 0 (0.0%)
❌ Incorrect: 0 (100.0%)
[Sun Feb  8 12:30:47 UTC 2026] Result fetch completed
[Sun Feb  8 13:00:01 UTC 2026] Starting result fetch...
[Sun Feb  8 13:00:01 UTC 2026] Starting result fetch...
=== SmartAcca Post-Mortem Generator ===
📈 Including 4 major league matches
🌍 Including 10 other league matches
Found 14 match(es) to process.

Processing: Alaves vs Getafe
    ⚠ API quota exhausted, using web scraper...
  ⚠ Result not available yet

Processing: Valladolid vs Castellón
    ⚠ API quota exhausted, using web scraper...
  ⚠ Result not available yet

Processing: FC Nordsjaelland vs Sonderjyske
    ⚠ API quota exhausted, using web scraper...
  ⚠ Result not available yet

Processing: Silkeborg vs Viborg
    ⚠ API quota exhausted, using web scraper...
  ⚠ Result not available yet

Processing: Servette FC vs FC Thun
    ⚠ API quota exhausted, using web scraper...
  ⚠ Result not available yet

Processing: Genk vs Anderlecht
    ⚠ API quota exhausted, using web scraper...
  ⚠ Result not available yet

Processing: Eyüpspor vs Başakşehir
    ⚠ API quota exhausted, using web scraper...
  ⚠ Result not available yet

Processing: Tokyo Verdy vs Mito Hollyhock
    ⚠ API quota exhausted, using web scraper...
  ⚠ Result not available yet

Processing: Adelaide United vs Newcastle Jets
    ⚠ API quota exhausted, using web scraper...
  ⚠ Result not available yet

Processing: Kawasaki Frontale vs Kashiwa Reysol
    ⚠ API quota exhausted, using web scraper...
  ⚠ Result not available yet

Processing: Nagoya Grampus vs Shimizu S-pulse
    ⚠ API quota exhausted, using web scraper...
  ⚠ Result not available yet

Processing: Lens vs Rennes
    ⚠ API quota exhausted, using web scraper...
  ⚠ Result not available yet

Processing: Lask Linz vs WSG Wattens
    ⚠ API quota exhausted, using web scraper...
  ⚠ Result not available yet

Processing: Rapid Vienna vs TSV Hartberg
    ⚠ API quota exhausted, using web scraper...
  ⚠ Result not available yet

============================================================

✓ Successfully processed: 0
⚠ Failed: 14

============================================================

📊 ACCUMULATOR ACCURACY STATISTICS

Total Predictions: 4
✅ Correct: 0 (0.0%)
❌ Incorrect: 0 (100.0%)
[Sun Feb  8 13:00:48 UTC 2026] Result fetch completed
=== SmartAcca Post-Mortem Generator ===
📈 Including 4 major league matches
🌍 Including 10 other league matches
Found 14 match(es) to process.

Processing: Alaves vs Getafe
    ⚠ API quota exhausted, using web scraper...
  ⚠ Result not available yet

Processing: Valladolid vs Castellón
    ⚠ API quota exhausted, using web scraper...
  ⚠ Result not available yet

Processing: FC Nordsjaelland vs Sonderjyske
    ⚠ API quota exhausted, using web scraper...
  ⚠ Result not available yet

Processing: Silkeborg vs Viborg
    ⚠ API quota exhausted, using web scraper...
  ⚠ Result not available yet

Processing: Servette FC vs FC Thun
    ⚠ API quota exhausted, using web scraper...
  ⚠ Result not available yet

Processing: Genk vs Anderlecht
    ⚠ API quota exhausted, using web scraper...
  ⚠ Result not available yet

Processing: Eyüpspor vs Başakşehir
    ⚠ API quota exhausted, using web scraper...
  ⚠ Result not available yet

Processing: Tokyo Verdy vs Mito Hollyhock
    ⚠ API quota exhausted, using web scraper...
  ⚠ Result not available yet

Processing: Adelaide United vs Newcastle Jets
    ⚠ API quota exhausted, using web scraper...
  ⚠ Result not available yet

Processing: Kawasaki Frontale vs Kashiwa Reysol
    ⚠ API quota exhausted, using web scraper...
  ⚠ Result not available yet

Processing: Nagoya Grampus vs Shimizu S-pulse
    ⚠ API quota exhausted, using web scraper...
  ⚠ Result not available yet

Processing: Lens vs Rennes
    ⚠ API quota exhausted, using web scraper...
  ⚠ Result not available yet

Processing: Lask Linz vs WSG Wattens
    ⚠ API quota exhausted, using web scraper...
  ⚠ Result not available yet

Processing: Rapid Vienna vs TSV Hartberg
    ⚠ API quota exhausted, using web scraper...
  ⚠ Result not available yet

============================================================

✓ Successfully processed: 0
⚠ Failed: 14

============================================================

📊 ACCUMULATOR ACCURACY STATISTICS

Total Predictions: 4
✅ Correct: 0 (0.0%)
❌ Incorrect: 0 (100.0%)
[Sun Feb  8 13:00:50 UTC 2026] Result fetch completed
[Sun Feb  8 13:30:02 UTC 2026] Starting result fetch...
[Sun Feb  8 13:30:02 UTC 2026] Starting result fetch...
=== SmartAcca Post-Mortem Generator ===
📈 Including 6 major league matches
🌍 Including 10 other league matches
Found 16 match(es) to process.

Processing: Wolfsberger AC vs Grazer AK
    ⚠ API quota exhausted, using web scraper...
  ⚠ Result not available yet

Processing: SCR Altach vs FC BW Linz
    ⚠ API quota exhausted, using web scraper...
  ⚠ Result not available yet

Processing: AZ Alkmaar vs Ajax
    ⚠ API quota exhausted, using web scraper...
  ⚠ Result not available yet

Processing: GO Ahead Eagles vs Telstar
    ⚠ API quota exhausted, using web scraper...
  ⚠ Result not available yet

Processing: Alaves vs Getafe
    ⚠ API quota exhausted, using web scraper...
    ✓ Found via ESPN
  Result: Alaves 0 - 0 Getafe (FT)
  ⚠ Suspicious FT status: 0-0 after only 30 minutes

Processing: Valladolid vs Castellón
    ⚠ API quota exhausted, using web scraper...
  ⚠ Result not available yet

Processing: FC Nordsjaelland vs Sonderjyske
    ⚠ API quota exhausted, using web scraper...
  ⚠ Result not available yet

Processing: Silkeborg vs Viborg
    ⚠ API quota exhausted, using web scraper...
  ⚠ Result not available yet

Processing: Servette FC vs FC Thun
    ⚠ API quota exhausted, using web scraper...
  ⚠ Result not available yet

Processing: Genk vs Anderlecht
    ⚠ API quota exhausted, using web scraper...
  ⚠ Result not available yet

Processing: Eyüpspor vs Başakşehir
    ⚠ API quota exhausted, using web scraper...
  ⚠ Result not available yet

Processing: Tokyo Verdy vs Mito Hollyhock
    ⚠ API quota exhausted, using web scraper...
  ⚠ Result not available yet

Processing: Adelaide United vs Newcastle Jets
    ⚠ API quota exhausted, using web scraper...
  ⚠ Result not available yet

Processing: Lens vs Rennes
    ⚠ API quota exhausted, using web scraper...
  ⚠ Result not available yet

Processing: Lask Linz vs WSG Wattens
    ⚠ API quota exhausted, using web scraper...
  ⚠ Result not available yet

Processing: Rapid Vienna vs TSV Hartberg
    ⚠ API quota exhausted, using web scraper...
  ⚠ Result not available yet

============================================================

✓ Successfully processed: 1
⚠ Failed: 15

============================================================

📊 ACCUMULATOR ACCURACY STATISTICS

Total Predictions: 4
✅ Correct: 0 (0.0%)
❌ Incorrect: 0 (100.0%)
[Sun Feb  8 13:30:51 UTC 2026] Result fetch completed
=== SmartAcca Post-Mortem Generator ===
📈 Including 6 major league matches
🌍 Including 10 other league matches
Found 16 match(es) to process.

Processing: Wolfsberger AC vs Grazer AK
    ⚠ API quota exhausted, using web scraper...
  ⚠ Result not available yet

Processing: SCR Altach vs FC BW Linz
    ⚠ API quota exhausted, using web scraper...
  ⚠ Result not available yet

Processing: AZ Alkmaar vs Ajax
    ⚠ API quota exhausted, using web scraper...
  ⚠ Result not available yet

Processing: GO Ahead Eagles vs Telstar
    ⚠ API quota exhausted, using web scraper...
  ⚠ Result not available yet

Processing: Alaves vs Getafe
    ⚠ API quota exhausted, using web scraper...
    ✓ Found via ESPN
  Result: Alaves 0 - 0 Getafe (FT)
  ⚠ Suspicious FT status: 0-0 after only 30 minutes

Processing: Valladolid vs Castellón
    ⚠ API quota exhausted, using web scraper...
  ⚠ Result not available yet

Processing: FC Nordsjaelland vs Sonderjyske
    ⚠ API quota exhausted, using web scraper...
  ⚠ Result not available yet

Processing: Silkeborg vs Viborg
    ⚠ API quota exhausted, using web scraper...
  ⚠ Result not available yet

Processing: Servette FC vs FC Thun
    ⚠ API quota exhausted, using web scraper...
  ⚠ Result not available yet

Processing: Genk vs Anderlecht
    ⚠ API quota exhausted, using web scraper...
  ⚠ Result not available yet

Processing: Eyüpspor vs Başakşehir
    ⚠ API quota exhausted, using web scraper...
  ⚠ Result not available yet

Processing: Tokyo Verdy vs Mito Hollyhock
    ⚠ API quota exhausted, using web scraper...
  ⚠ Result not available yet

Processing: Adelaide United vs Newcastle Jets
    ⚠ API quota exhausted, using web scraper...
  ⚠ Result not available yet

Processing: Lens vs Rennes
    ⚠ API quota exhausted, using web scraper...
  ⚠ Result not available yet

Processing: Lask Linz vs WSG Wattens
    ⚠ API quota exhausted, using web scraper...
  ⚠ Result not available yet

Processing: Rapid Vienna vs TSV Hartberg
    ⚠ API quota exhausted, using web scraper...
  ⚠ Result not available yet

============================================================

✓ Successfully processed: 1
⚠ Failed: 15

============================================================

📊 ACCUMULATOR ACCURACY STATISTICS

Total Predictions: 4
✅ Correct: 0 (0.0%)
❌ Incorrect: 0 (100.0%)
[Sun Feb  8 13:30:52 UTC 2026] Result fetch completed
[Sun Feb  8 14:00:01 UTC 2026] Starting result fetch...
[Sun Feb  8 14:00:01 UTC 2026] Starting result fetch...
=== SmartAcca Post-Mortem Generator ===
📈 Including 9 major league matches
🌍 Including 10 other league matches
Found 19 match(es) to process.

Processing: Lecce vs Udinese
    ⚠ API quota exhausted, using web scraper...
  ⚠ Result not available yet

Processing: Nice vs Monaco
    ⚠ API quota exhausted, using web scraper...
  ⚠ Result not available yet

Processing: Brighton vs Crystal Palace
    ⚠ API quota exhausted, using web scraper...
  ⚠ Result not available yet

Processing: Konyaspor vs Göztepe
    ⚠ API quota exhausted, using web scraper...
  ⚠ Result not available yet

Processing: Rizespor vs Galatasaray
    ⚠ API quota exhausted, using web scraper...
  ⚠ Result not available yet

Processing: Monza vs Avellino
    ⚠ API quota exhausted, using web scraper...
  ⚠ Result not available yet

Processing: Wolfsberger AC vs Grazer AK
    ⚠ API quota exhausted, using web scraper...
  ⚠ Result not available yet

Processing: SCR Altach vs FC BW Linz
    ⚠ API quota exhausted, using web scraper...
  ⚠ Result not available yet

Processing: AZ Alkmaar vs Ajax
    ⚠ API quota exhausted, using web scraper...
    ✓ Found via ESPN
  Result: AZ Alkmaar 0 - 0 Ajax (FT)
  ⚠ Suspicious FT status: 0-0 after only 31 minutes

Processing: GO Ahead Eagles vs Telstar
    ⚠ API quota exhausted, using web scraper...
    ✓ Found via ESPN
  Result: GO Ahead Eagles 0 - 0 Telstar (FT)
  ⚠ Suspicious FT status: 0-0 after only 31 minutes

Processing: Valladolid vs Castellón
    ⚠ API quota exhausted, using web scraper...
  ⚠ Result not available yet

Processing: FC Nordsjaelland vs Sonderjyske
    ⚠ API quota exhausted, using web scraper...
  ⚠ Result not available yet

Processing: Silkeborg vs Viborg
    ⚠ API quota exhausted, using web scraper...
  ⚠ Result not available yet

Processing: Servette FC vs FC Thun
    ⚠ API quota exhausted, using web scraper...
  ⚠ Result not available yet

Processing: Genk vs Anderlecht
    ⚠ API quota exhausted, using web scraper...
  ⚠ Result not available yet

Processing: Eyüpspor vs Başakşehir
    ⚠ API quota exhausted, using web scraper...
  ⚠ Result not available yet

Processing: Lens vs Rennes
    ⚠ API quota exhausted, using web scraper...
  ⚠ Result not available yet

Processing: Lask Linz vs WSG Wattens
    ⚠ API quota exhausted, using web scraper...
  ⚠ Result not available yet

Processing: Rapid Vienna vs TSV Hartberg
    ⚠ API quota exhausted, using web scraper...
  ⚠ Result not available yet

============================================================

✓ Successfully processed: 2
⚠ Failed: 17

============================================================

📊 ACCUMULATOR ACCURACY STATISTICS

Total Predictions: 4
✅ Correct: 0 (0.0%)
❌ Incorrect: 0 (100.0%)
[Sun Feb  8 14:01:06 UTC 2026] Result fetch completed
=== SmartAcca Post-Mortem Generator ===
📈 Including 9 major league matches
🌍 Including 10 other league matches
Found 19 match(es) to process.

Processing: Lecce vs Udinese
    ⚠ API quota exhausted, using web scraper...
  ⚠ Result not available yet

Processing: Nice vs Monaco
    ⚠ API quota exhausted, using web scraper...
  ⚠ Result not available yet

Processing: Brighton vs Crystal Palace
    ⚠ API quota exhausted, using web scraper...
  ⚠ Result not available yet

Processing: Konyaspor vs Göztepe
    ⚠ API quota exhausted, using web scraper...
  ⚠ Result not available yet

Processing: Rizespor vs Galatasaray
    ⚠ API quota exhausted, using web scraper...
  ⚠ Result not available yet

Processing: Monza vs Avellino
    ⚠ API quota exhausted, using web scraper...
  ⚠ Result not available yet

Processing: Wolfsberger AC vs Grazer AK
    ⚠ API quota exhausted, using web scraper...
  ⚠ Result not available yet

Processing: SCR Altach vs FC BW Linz
    ⚠ API quota exhausted, using web scraper...
  ⚠ Result not available yet

Processing: AZ Alkmaar vs Ajax
    ⚠ API quota exhausted, using web scraper...
    ✓ Found via ESPN
  Result: AZ Alkmaar 0 - 0 Ajax (FT)
  ⚠ Suspicious FT status: 0-0 after only 31 minutes

Processing: GO Ahead Eagles vs Telstar
    ⚠ API quota exhausted, using web scraper...
    ✓ Found via ESPN
  Result: GO Ahead Eagles 0 - 0 Telstar (FT)
  ⚠ Suspicious FT status: 0-0 after only 31 minutes

Processing: Valladolid vs Castellón
    ⚠ API quota exhausted, using web scraper...
  ⚠ Result not available yet

Processing: FC Nordsjaelland vs Sonderjyske
    ⚠ API quota exhausted, using web scraper...
  ⚠ Result not available yet

Processing: Silkeborg vs Viborg
    ⚠ API quota exhausted, using web scraper...
  ⚠ Result not available yet

Processing: Servette FC vs FC Thun
    ⚠ API quota exhausted, using web scraper...
  ⚠ Result not available yet

Processing: Genk vs Anderlecht
    ⚠ API quota exhausted, using web scraper...
  ⚠ Result not available yet

Processing: Eyüpspor vs Başakşehir
    ⚠ API quota exhausted, using web scraper...
  ⚠ Result not available yet

Processing: Lens vs Rennes
    ⚠ API quota exhausted, using web scraper...
  ⚠ Result not available yet

Processing: Lask Linz vs WSG Wattens
    ⚠ API quota exhausted, using web scraper...
  ⚠ Result not available yet

Processing: Rapid Vienna vs TSV Hartberg
    ⚠ API quota exhausted, using web scraper...
  ⚠ Result not available yet

============================================================

✓ Successfully processed: 2
⚠ Failed: 17

============================================================

📊 ACCUMULATOR ACCURACY STATISTICS

Total Predictions: 4
✅ Correct: 0 (0.0%)
❌ Incorrect: 0 (100.0%)
[Sun Feb  8 14:01:07 UTC 2026] Result fetch completed
[Sun Feb  8 14:30:01 UTC 2026] Starting result fetch...
[Sun Feb  8 14:30:01 UTC 2026] Starting result fetch...
=== SmartAcca Post-Mortem Generator ===
📈 Including 10 major league matches
🌍 Including 10 other league matches
Found 20 match(es) to process.

Processing: 1. FC Köln vs RB Leipzig
    ⚠ API quota exhausted, using web scraper...
  ⚠ Result not available yet

Processing: Lecce vs Udinese
    ⚠ API quota exhausted, using web scraper...
    ✓ Found via ESPN
  Result: Lecce 1 - 0 Udinese (FT)
  ⚠ Suspicious FT status: Match marked as finished after only 30 minutes

Processing: Nice vs Monaco
    ⚠ API quota exhausted, using web scraper...
    ✓ Found via ESPN
  Result: Nice 0 - 0 Monaco (FT)
  ⚠ Suspicious FT status: 0-0 after only 30 minutes

Processing: Brighton vs Crystal Palace
    ⚠ API quota exhausted, using web scraper...
    ✓ Found via ESPN
  Result: Brighton 0 - 0 Crystal Palace (FT)
  ⚠ Suspicious FT status: 0-0 after only 30 minutes

Processing: Konyaspor vs Göztepe
    ⚠ API quota exhausted, using web scraper...
  ⚠ Result not available yet

Processing: Rizespor vs Galatasaray
    ⚠ API quota exhausted, using web scraper...
  ⚠ Result not available yet

Processing: Monza vs Avellino
    ⚠ API quota exhausted, using web scraper...
  ⚠ Result not available yet

Processing: Wolfsberger AC vs Grazer AK
    ⚠ API quota exhausted, using web scraper...
  ⚠ Result not available yet

Processing: SCR Altach vs FC BW Linz
    ⚠ API quota exhausted, using web scraper...
  ⚠ Result not available yet

Processing: Valladolid vs Castellón
    ⚠ API quota exhausted, using web scraper...
  ⚠ Result not available yet

Processing: FC Nordsjaelland vs Sonderjyske
    ⚠ API quota exhausted, using web scraper...
  ⚠ Result not available yet

Processing: Silkeborg vs Viborg
    ⚠ API quota exhausted, using web scraper...
  ⚠ Result not available yet

Processing: Servette FC vs FC Thun
    ⚠ API quota exhausted, using web scraper...
  ⚠ Result not available yet

Processing: Genk vs Anderlecht
    ⚠ API quota exhausted, using web scraper...
  ⚠ Result not available yet

Processing: Eyüpspor vs Başakşehir
    ⚠ API quota exhausted, using web scraper...
  ⚠ Result not available yet

Processing: Tokyo Verdy vs Mito Hollyhock
    ⚠ API quota exhausted, using web scraper...
  ⚠ Result not available yet

Processing: Adelaide United vs Newcastle Jets
    ⚠ API quota exhausted, using web scraper...
  ⚠ Result not available yet

Processing: Lens vs Rennes
    ⚠ API quota exhausted, using web scraper...
  ⚠ Result not available yet

Processing: Lask Linz vs WSG Wattens
    ⚠ API quota exhausted, using web scraper...
  ⚠ Result not available yet

Processing: Rapid Vienna vs TSV Hartberg
    ⚠ API quota exhausted, using web scraper...
  ⚠ Result not available yet

============================================================

✓ Successfully processed: 3
⚠ Failed: 17

============================================================

📊 ACCUMULATOR ACCURACY STATISTICS

Total Predictions: 4
✅ Correct: 0 (0.0%)
❌ Incorrect: 0 (100.0%)
=== SmartAcca Post-Mortem Generator ===
📈 Including 10 major league matches
🌍 Including 10 other league matches
Found 20 match(es) to process.

Processing: 1. FC Köln vs RB Leipzig
    ⚠ API quota exhausted, using web scraper...
  ⚠ Result not available yet

Processing: Lecce vs Udinese
    ⚠ API quota exhausted, using web scraper...
    ✓ Found via ESPN
  Result: Lecce 1 - 0 Udinese (FT)
  ⚠ Suspicious FT status: Match marked as finished after only 30 minutes

Processing: Nice vs Monaco
    ⚠ API quota exhausted, using web scraper...
    ✓ Found via ESPN
  Result: Nice 0 - 0 Monaco (FT)
  ⚠ Suspicious FT status: 0-0 after only 30 minutes

Processing: Brighton vs Crystal Palace
    ⚠ API quota exhausted, using web scraper...
    ✓ Found via ESPN
  Result: Brighton 0 - 0 Crystal Palace (FT)
  ⚠ Suspicious FT status: 0-0 after only 30 minutes

Processing: Konyaspor vs Göztepe
    ⚠ API quota exhausted, using web scraper...
  ⚠ Result not available yet

Processing: Rizespor vs Galatasaray
    ⚠ API quota exhausted, using web scraper...
  ⚠ Result not available yet

Processing: Monza vs Avellino
    ⚠ API quota exhausted, using web scraper...
  ⚠ Result not available yet

Processing: Wolfsberger AC vs Grazer AK
    ⚠ API quota exhausted, using web scraper...
  ⚠ Result not available yet

Processing: SCR Altach vs FC BW Linz
    ⚠ API quota exhausted, using web scraper...
  ⚠ Result not available yet

Processing: Valladolid vs Castellón
    ⚠ API quota exhausted, using web scraper...
  ⚠ Result not available yet

Processing: FC Nordsjaelland vs Sonderjyske
    ⚠ API quota exhausted, using web scraper...
  ⚠ Result not available yet

Processing: Silkeborg vs Viborg
    ⚠ API quota exhausted, using web scraper...
  ⚠ Result not available yet

Processing: Servette FC vs FC Thun
    ⚠ API quota exhausted, using web scraper...
  ⚠ Result not available yet

Processing: Genk vs Anderlecht
    ⚠ API quota exhausted, using web scraper...
  ⚠ Result not available yet

Processing: Eyüpspor vs Başakşehir
    ⚠ API quota exhausted, using web scraper...
  ⚠ Result not available yet

Processing: Tokyo Verdy vs Mito Hollyhock
    ⚠ API quota exhausted, using web scraper...
  ⚠ Result not available yet

Processing: Adelaide United vs Newcastle Jets
    ⚠ API quota exhausted, using web scraper...
  ⚠ Result not available yet

Processing: Lens vs Rennes
    ⚠ API quota exhausted, using web scraper...
  ⚠ Result not available yet

Processing: Lask Linz vs WSG Wattens
    ⚠ API quota exhausted, using web scraper...
  ⚠ Result not available yet

Processing: Rapid Vienna vs TSV Hartberg
    ⚠ API quota exhausted, using web scraper...
  ⚠ Result not available yet

============================================================

✓ Successfully processed: 3
⚠ Failed: 17

============================================================

📊 ACCUMULATOR ACCURACY STATISTICS

Total Predictions: 4
✅ Correct: 0 (0.0%)
❌ Incorrect: 0 (100.0%)
[Sun Feb  8 14:31:03 UTC 2026] Result fetch completed
[Sun Feb  8 14:31:04 UTC 2026] Result fetch completed
[Sun Feb  8 15:00:01 UTC 2026] Starting result fetch...
[Sun Feb  8 15:00:01 UTC 2026] Starting result fetch...
=== SmartAcca Post-Mortem Generator ===
📈 Including 7 major league matches
🌍 Including 10 other league matches
Found 17 match(es) to process.

Processing: Union St. Gilloise vs RAAL La Louvière
    ⚠ API quota exhausted, using web scraper...
  ⚠ Result not available yet

Processing: FC Midtjylland vs FC Copenhagen
    ⚠ API quota exhausted, using web scraper...
  ⚠ Result not available yet

Processing: Huachipato vs Universidad de Chile
    ⚠ API quota exhausted, using web scraper...
  ⚠ Result not available yet

Processing: 1. FC Köln vs RB Leipzig
    ⚠ API quota exhausted, using web scraper...
  ⚠ Result not available yet

Processing: Konyaspor vs Göztepe
    ⚠ API quota exhausted, using web scraper...
  ⚠ Result not available yet

Processing: Rizespor vs Galatasaray
    ⚠ API quota exhausted, using web scraper...
  ⚠ Result not available yet

Processing: Monza vs Avellino
    ⚠ API quota exhausted, using web scraper...
    ✓ Found via ESPN
  Result: Monza 0 - 0 Avellino (FT)
  ⚠ Suspicious FT status: 0-0 after only 60 minutes

Processing: Wolfsberger AC vs Grazer AK
    ⚠ API quota exhausted, using web scraper...
  ⚠ Result not available yet

Processing: SCR Altach vs FC BW Linz
    ⚠ API quota exhausted, using web scraper...
  ⚠ Result not available yet

Processing: Valladolid vs Castellón
    ⚠ API quota exhausted, using web scraper...
  ⚠ Result not available yet

Processing: FC Nordsjaelland vs Sonderjyske
    ⚠ API quota exhausted, using web scraper...
  ⚠ Result not available yet

Processing: Silkeborg vs Viborg
    ⚠ API quota exhausted, using web scraper...
  ⚠ Result not available yet

Processing: Servette FC vs FC Thun
    ⚠ API quota exhausted, using web scraper...
  ⚠ Result not available yet

Processing: Genk vs Anderlecht
    ⚠ API quota exhausted, using web scraper...
  ⚠ Result not available yet

Processing: Lens vs Rennes
    ⚠ API quota exhausted, using web scraper...
  ⚠ Result not available yet

Processing: Lask Linz vs WSG Wattens
    ⚠ API quota exhausted, using web scraper...
  ⚠ Result not available yet

Processing: Rapid Vienna vs TSV Hartberg
    ⚠ API quota exhausted, using web scraper...
  ⚠ Result not available yet

============================================================

✓ Successfully processed: 1
⚠ Failed: 16

============================================================

📊 ACCUMULATOR ACCURACY STATISTICS

Total Predictions: 4
✅ Correct: 0 (0.0%)
❌ Incorrect: 0 (100.0%)
[Sun Feb  8 15:00:59 UTC 2026] Result fetch completed
=== SmartAcca Post-Mortem Generator ===
📈 Including 7 major league matches
🌍 Including 10 other league matches
Found 17 match(es) to process.

Processing: Union St. Gilloise vs RAAL La Louvière
    ⚠ API quota exhausted, using web scraper...
  ⚠ Result not available yet

Processing: FC Midtjylland vs FC Copenhagen
    ⚠ API quota exhausted, using web scraper...
  ⚠ Result not available yet

Processing: Huachipato vs Universidad de Chile
    API returned status 503
  ⚠ Result not available yet

Processing: 1. FC Köln vs RB Leipzig
    ⚠ API quota exhausted, using web scraper...
  ⚠ Result not available yet

Processing: Konyaspor vs Göztepe
    ⚠ API quota exhausted, using web scraper...
  ⚠ Result not available yet

Processing: Rizespor vs Galatasaray
    ⚠ API quota exhausted, using web scraper...
  ⚠ Result not available yet

Processing: Monza vs Avellino
    ⚠ API quota exhausted, using web scraper...
    ✓ Found via ESPN
  Result: Monza 0 - 0 Avellino (FT)
  ⚠ Suspicious FT status: 0-0 after only 61 minutes

Processing: Wolfsberger AC vs Grazer AK
    ⚠ API quota exhausted, using web scraper...
  ⚠ Result not available yet

Processing: SCR Altach vs FC BW Linz
    ⚠ API quota exhausted, using web scraper...
  ⚠ Result not available yet

Processing: Valladolid vs Castellón
    ⚠ API quota exhausted, using web scraper...
  ⚠ Result not available yet

Processing: FC Nordsjaelland vs Sonderjyske
    ⚠ API quota exhausted, using web scraper...
  ⚠ Result not available yet

Processing: Silkeborg vs Viborg
    ⚠ API quota exhausted, using web scraper...
  ⚠ Result not available yet

Processing: Servette FC vs FC Thun
    ⚠ API quota exhausted, using web scraper...
  ⚠ Result not available yet

Processing: Genk vs Anderlecht
    ⚠ API quota exhausted, using web scraper...
  ⚠ Result not available yet

Processing: Lens vs Rennes
    ⚠ API quota exhausted, using web scraper...
  ⚠ Result not available yet

Processing: Lask Linz vs WSG Wattens
    ⚠ API quota exhausted, using web scraper...
  ⚠ Result not available yet

Processing: Rapid Vienna vs TSV Hartberg
    ⚠ API quota exhausted, using web scraper...
  ⚠ Result not available yet

============================================================

✓ Successfully processed: 1
⚠ Failed: 16

============================================================

📊 ACCUMULATOR ACCURACY STATISTICS

Total Predictions: 4
✅ Correct: 0 (0.0%)
❌ Incorrect: 0 (100.0%)
[Sun Feb  8 15:01:01 UTC 2026] Result fetch completed
[Sun Feb  8 15:30:01 UTC 2026] Starting result fetch...
[Sun Feb  8 15:30:01 UTC 2026] Starting result fetch...
=== SmartAcca Post-Mortem Generator ===
📈 Including 8 major league matches
🌍 Including 10 other league matches
Found 18 match(es) to process.

Processing: Nacional vs Casa Pia
    ⚠ API quota exhausted, using web scraper...
  ⚠ Result not available yet

Processing: FC Basel 1893 vs FC Zurich
    ⚠ API quota exhausted, using web scraper...
  ⚠ Result not available yet

Processing: Lausanne vs FC ST. Gallen
    ⚠ API quota exhausted, using web scraper...
  ⚠ Result not available yet

Processing: Sevilla vs Girona
    ⚠ API quota exhausted, using web scraper...
    ✓ Found via ESPN
  Result: Sevilla 0 - 1 Girona (FT)
  ⚠ Suspicious FT status: Match marked as finished after only 15 minutes

Processing: Cadiz vs Almeria
    ⚠ API quota exhausted, using web scraper...
  ⚠ Result not available yet

Processing: Athletic Club vs Levante
    ⚠ API quota exhausted, using web scraper...
    ✓ Found via ESPN
  Result: Athletic Club 0 - 0 Levante (FT)
  ⚠ Suspicious FT status: 0-0 after only 15 minutes

Processing: AD Ceuta FC vs Cordoba
    ⚠ API quota exhausted, using web scraper...
  ⚠ Result not available yet

Processing: Deportivo La Coruna vs Albacete
    ⚠ API quota exhausted, using web scraper...
  ⚠ Result not available yet

Processing: Union St. Gilloise vs RAAL La Louvière
    ⚠ API quota exhausted, using web scraper...
  ⚠ Result not available yet

Processing: FC Midtjylland vs FC Copenhagen
    ⚠ API quota exhausted, using web scraper...
  ⚠ Result not available yet

Processing: Huachipato vs Universidad de Chile
    ⚠ API quota exhausted, using web scraper...
  ⚠ Result not available yet

Processing: 1. FC Köln vs RB Leipzig
    ⚠ API quota exhausted, using web scraper...
  ⚠ Result not available yet

Processing: Konyaspor vs Göztepe
    ⚠ API quota exhausted, using web scraper...
  ⚠ Result not available yet

Processing: Wolfsberger AC vs Grazer AK
    ⚠ API quota exhausted, using web scraper...
  ⚠ Result not available yet

Processing: SCR Altach vs FC BW Linz
    ⚠ API quota exhausted, using web scraper...
  ⚠ Result not available yet

Processing: Lens vs Rennes
    ⚠ API quota exhausted, using web scraper...
  ⚠ Result not available yet

Processing: Lask Linz vs WSG Wattens
    ⚠ API quota exhausted, using web scraper...
  ⚠ Result not available yet

Processing: Rapid Vienna vs TSV Hartberg
    ⚠ API quota exhausted, using web scraper...
  ⚠ Result not available yet

============================================================

✓ Successfully processed: 2
⚠ Failed: 16

============================================================

📊 ACCUMULATOR ACCURACY STATISTICS

Total Predictions: 4
✅ Correct: 0 (0.0%)
❌ Incorrect: 0 (100.0%)
[Sun Feb  8 15:30:59 UTC 2026] Result fetch completed
=== SmartAcca Post-Mortem Generator ===
📈 Including 8 major league matches
🌍 Including 10 other league matches
Found 18 match(es) to process.

Processing: Nacional vs Casa Pia
    ⚠ API quota exhausted, using web scraper...
  ⚠ Result not available yet

Processing: FC Basel 1893 vs FC Zurich
    ⚠ API quota exhausted, using web scraper...
  ⚠ Result not available yet

Processing: Lausanne vs FC ST. Gallen
    ⚠ API quota exhausted, using web scraper...
  ⚠ Result not available yet

Processing: Sevilla vs Girona
    ⚠ API quota exhausted, using web scraper...
    ✓ Found via ESPN
  Result: Sevilla 0 - 1 Girona (FT)
  ⚠ Suspicious FT status: Match marked as finished after only 15 minutes

Processing: Cadiz vs Almeria
    ⚠ API quota exhausted, using web scraper...
  ⚠ Result not available yet

Processing: Athletic Club vs Levante
    ⚠ API quota exhausted, using web scraper...
    ✓ Found via ESPN
  Result: Athletic Club 0 - 0 Levante (FT)
  ⚠ Suspicious FT status: 0-0 after only 15 minutes

Processing: AD Ceuta FC vs Cordoba
    ⚠ API quota exhausted, using web scraper...
  ⚠ Result not available yet

Processing: Deportivo La Coruna vs Albacete
    ⚠ API quota exhausted, using web scraper...
  ⚠ Result not available yet

Processing: Union St. Gilloise vs RAAL La Louvière
    ⚠ API quota exhausted, using web scraper...
  ⚠ Result not available yet

Processing: FC Midtjylland vs FC Copenhagen
    ⚠ API quota exhausted, using web scraper...
  ⚠ Result not available yet

Processing: Huachipato vs Universidad de Chile
    ⚠ API quota exhausted, using web scraper...
  ⚠ Result not available yet

Processing: 1. FC Köln vs RB Leipzig
    ⚠ API quota exhausted, using web scraper...
  ⚠ Result not available yet

Processing: Konyaspor vs Göztepe
    ⚠ API quota exhausted, using web scraper...
  ⚠ Result not available yet

Processing: Wolfsberger AC vs Grazer AK
    ⚠ API quota exhausted, using web scraper...
  ⚠ Result not available yet

Processing: SCR Altach vs FC BW Linz
    ⚠ API quota exhausted, using web scraper...
  ⚠ Result not available yet

Processing: Lens vs Rennes
    ⚠ API quota exhausted, using web scraper...
  ⚠ Result not available yet

Processing: Lask Linz vs WSG Wattens
    ⚠ API quota exhausted, using web scraper...
  ⚠ Result not available yet

Processing: Rapid Vienna vs TSV Hartberg
    ⚠ API quota exhausted, using web scraper...
  ⚠ Result not available yet

============================================================

✓ Successfully processed: 2
⚠ Failed: 16

============================================================

📊 ACCUMULATOR ACCURACY STATISTICS

Total Predictions: 4
✅ Correct: 0 (0.0%)
❌ Incorrect: 0 (100.0%)
[Sun Feb  8 15:31:00 UTC 2026] Result fetch completed
[Sun Feb  8 16:00:01 UTC 2026] Starting result fetch...
[Sun Feb  8 16:00:01 UTC 2026] Starting result fetch...
=== SmartAcca Post-Mortem Generator ===
📈 Including 4 major league matches
🌍 Including 10 other league matches
Found 14 match(es) to process.

Processing: Sturm Graz vs Ried
    ⚠ API quota exhausted, using web scraper...
  ⚠ Result not available yet

Processing: Groningen vs PSV Eindhoven
    ⚠ API quota exhausted, using web scraper...
  ⚠ Result not available yet

Processing: Nacional vs Casa Pia
    ⚠ API quota exhausted, using web scraper...
  ⚠ Result not available yet

Processing: FC Basel 1893 vs FC Zurich
    ⚠ API quota exhausted, using web scraper...
  ⚠ Result not available yet

Processing: Lausanne vs FC ST. Gallen
    ⚠ API quota exhausted, using web scraper...
  ⚠ Result not available yet

Processing: Cadiz vs Almeria
    ⚠ API quota exhausted, using web scraper...
  ⚠ Result not available yet

Processing: AD Ceuta FC vs Cordoba
    ⚠ API quota exhausted, using web scraper...
  ⚠ Result not available yet

Processing: Deportivo La Coruna vs Albacete
    ⚠ API quota exhausted, using web scraper...
  ⚠ Result not available yet

Processing: Union St. Gilloise vs RAAL La Louvière
    ⚠ API quota exhausted, using web scraper...
  ⚠ Result not available yet

Processing: FC Midtjylland vs FC Copenhagen
    ⚠ API quota exhausted, using web scraper...
  ⚠ Result not available yet

Processing: Huachipato vs Universidad de Chile
    ⚠ API quota exhausted, using web scraper...
  ⚠ Result not available yet

Processing: 1. FC Köln vs RB Leipzig
    ⚠ API quota exhausted, using web scraper...
  ⚠ Result not available yet

Processing: Wolfsberger AC vs Grazer AK
    ⚠ API quota exhausted, using web scraper...
  ⚠ Result not available yet

Processing: SCR Altach vs FC BW Linz
    ⚠ API quota exhausted, using web scraper...
  ⚠ Result not available yet

============================================================

✓ Successfully processed: 0
⚠ Failed: 14

============================================================

📊 ACCUMULATOR ACCURACY STATISTICS

Total Predictions: 4
✅ Correct: 0 (0.0%)
❌ Incorrect: 0 (100.0%)
=== SmartAcca Post-Mortem Generator ===
📈 Including 4 major league matches
🌍 Including 10 other league matches
Found 14 match(es) to process.

Processing: Sturm Graz vs Ried
    ⚠ API quota exhausted, using web scraper...
  ⚠ Result not available yet

Processing: Groningen vs PSV Eindhoven
    ⚠ API quota exhausted, using web scraper...
  ⚠ Result not available yet

Processing: Nacional vs Casa Pia
    ⚠ API quota exhausted, using web scraper...
  ⚠ Result not available yet

Processing: FC Basel 1893 vs FC Zurich
    ⚠ API quota exhausted, using web scraper...
  ⚠ Result not available yet

Processing: Lausanne vs FC ST. Gallen
    ⚠ API quota exhausted, using web scraper...
  ⚠ Result not available yet

Processing: Cadiz vs Almeria
    ⚠ API quota exhausted, using web scraper...
  ⚠ Result not available yet

Processing: AD Ceuta FC vs Cordoba
    ⚠ API quota exhausted, using web scraper...
  ⚠ Result not available yet

Processing: Deportivo La Coruna vs Albacete
    ⚠ API quota exhausted, using web scraper...
  ⚠ Result not available yet

Processing: Union St. Gilloise vs RAAL La Louvière
    ⚠ API quota exhausted, using web scraper...
  ⚠ Result not available yet

Processing: FC Midtjylland vs FC Copenhagen
    ⚠ API quota exhausted, using web scraper...
  ⚠ Result not available yet

Processing: Huachipato vs Universidad de Chile
    ⚠ API quota exhausted, using web scraper...
  ⚠ Result not available yet

Processing: 1. FC Köln vs RB Leipzig
    ⚠ API quota exhausted, using web scraper...
  ⚠ Result not available yet

Processing: Wolfsberger AC vs Grazer AK
    ⚠ API quota exhausted, using web scraper...
  ⚠ Result not available yet

Processing: SCR Altach vs FC BW Linz
    ⚠ API quota exhausted, using web scraper...
  ⚠ Result not available yet

============================================================

✓ Successfully processed: 0
⚠ Failed: 14

============================================================

📊 ACCUMULATOR ACCURACY STATISTICS

Total Predictions: 4
✅ Correct: 0 (0.0%)
❌ Incorrect: 0 (100.0%)
[Sun Feb  8 16:00:51 UTC 2026] Result fetch completed
[Sun Feb  8 16:00:51 UTC 2026] Result fetch completed
[Sun Feb  8 16:30:01 UTC 2026] Starting result fetch...
[Sun Feb  8 16:30:01 UTC 2026] Starting result fetch...
=== SmartAcca Post-Mortem Generator ===
📈 Including 9 major league matches
🌍 Including 10 other league matches
Found 19 match(es) to process.

Processing: Bayern München vs 1899 Hoffenheim
    ⚠ API quota exhausted, using web scraper...
  ⚠ Result not available yet

Processing: Liverpool vs Manchester City
    ⚠ API quota exhausted, using web scraper...
  ⚠ Result not available yet

Processing: Le Havre vs Strasbourg
    ⚠ API quota exhausted, using web scraper...
    ✓ Found via ESPN
  Result: Le Havre 0 - 0 Strasbourg (FT)
  ⚠ Suspicious FT status: 0-0 after only 15 minutes

Processing: Angers vs Toulouse
    ⚠ API quota exhausted, using web scraper...
    ✓ Found via ESPN
  Result: Angers 0 - 0 Toulouse (FT)
  ⚠ Suspicious FT status: 0-0 after only 15 minutes

Processing: Auxerre vs Paris FC
    ⚠ API quota exhausted, using web scraper...
    ✓ Found via ESPN
  Result: Auxerre 0 - 0 Paris FC (FT)
  ⚠ Suspicious FT status: 0-0 after only 15 minutes

Processing: Sturm Graz vs Ried
    ⚠ API quota exhausted, using web scraper...
  ⚠ Result not available yet

Processing: Groningen vs PSV Eindhoven
    ⚠ API quota exhausted, using web scraper...
    ✓ Found via ESPN
  Result: Groningen 1 - 0 PSV Eindhoven (FT)
  Prediction: ❌ UNKNOWN

Processing: Nacional vs Casa Pia
    ⚠ API quota exhausted, using web scraper...
    ✓ Found via ESPN
  Result: Nacional 0 - 0 Casa Pia (FT)
  ⚠ Suspicious FT status: 0-0 after only 60 minutes

Processing: FC Basel 1893 vs FC Zurich
    ⚠ API quota exhausted, using web scraper...
  ⚠ Result not available yet

Processing: Lausanne vs FC ST. Gallen
    ⚠ API quota exhausted, using web scraper...
  ⚠ Result not available yet

Processing: Cadiz vs Almeria
    ⚠ API quota exhausted, using web scraper...
  ⚠ Result not available yet

Processing: AD Ceuta FC vs Cordoba
    ⚠ API quota exhausted, using web scraper...
  ⚠ Result not available yet

Processing: Deportivo La Coruna vs Albacete
    ⚠ API quota exhausted, using web scraper...
  ⚠ Result not available yet

Processing: Union St. Gilloise vs RAAL La Louvière
    ⚠ API quota exhausted, using web scraper...
  ⚠ Result not available yet

Processing: FC Midtjylland vs FC Copenhagen
    ⚠ API quota exhausted, using web scraper...
  ⚠ Result not available yet

Processing: Huachipato vs Universidad de Chile
    ⚠ API quota exhausted, using web scraper...
  ⚠ Result not available yet

Processing: 1. FC Köln vs RB Leipzig
    ⚠ API quota exhausted, using web scraper...
  ⚠ Result not available yet

Processing: Wolfsberger AC vs Grazer AK
    ⚠ API quota exhausted, using web scraper...
  ⚠ Result not available yet

Processing: SCR Altach vs FC BW Linz
    ⚠ API quota exhausted, using web scraper...
  ⚠ Result not available yet

============================================================

✓ Successfully processed: 5
⚠ Failed: 14

============================================================

📊 ACCUMULATOR ACCURACY STATISTICS

Total Predictions: 4
✅ Correct: 0 (0.0%)
❌ Incorrect: 0 (100.0%)
=== SmartAcca Post-Mortem Generator ===
📈 Including 9 major league matches
🌍 Including 10 other league matches
Found 19 match(es) to process.

Processing: Bayern München vs 1899 Hoffenheim
    ⚠ API quota exhausted, using web scraper...
  ⚠ Result not available yet

Processing: Liverpool vs Manchester City
    ⚠ API quota exhausted, using web scraper...
  ⚠ Result not available yet

Processing: Le Havre vs Strasbourg
    ⚠ API quota exhausted, using web scraper...
    ✓ Found via ESPN
  Result: Le Havre 0 - 0 Strasbourg (FT)
  ⚠ Suspicious FT status: 0-0 after only 15 minutes

Processing: Angers vs Toulouse
    ⚠ API quota exhausted, using web scraper...
    ✓ Found via ESPN
  Result: Angers 0 - 0 Toulouse (FT)
  ⚠ Suspicious FT status: 0-0 after only 15 minutes

Processing: Auxerre vs Paris FC
    ⚠ API quota exhausted, using web scraper...
    ✓ Found via ESPN
  Result: Auxerre 0 - 0 Paris FC (FT)
  ⚠ Suspicious FT status: 0-0 after only 15 minutes

Processing: Sturm Graz vs Ried
    ⚠ API quota exhausted, using web scraper...
  ⚠ Result not available yet

Processing: Groningen vs PSV Eindhoven
    ⚠ API quota exhausted, using web scraper...
    ✓ Found via ESPN
  Result: Groningen 1 - 0 PSV Eindhoven (FT)
  Prediction: ❌ UNKNOWN

Processing: Nacional vs Casa Pia
    ⚠ API quota exhausted, using web scraper...
    ✓ Found via ESPN
  Result: Nacional 0 - 0 Casa Pia (FT)
  ⚠ Suspicious FT status: 0-0 after only 60 minutes

Processing: FC Basel 1893 vs FC Zurich
    ⚠ API quota exhausted, using web scraper...
  ⚠ Result not available yet

Processing: Lausanne vs FC ST. Gallen
    ⚠ API quota exhausted, using web scraper...
  ⚠ Result not available yet

Processing: Cadiz vs Almeria
    ⚠ API quota exhausted, using web scraper...
  ⚠ Result not available yet

Processing: AD Ceuta FC vs Cordoba
    ⚠ API quota exhausted, using web scraper...
  ⚠ Result not available yet

Processing: Deportivo La Coruna vs Albacete
    ⚠ API quota exhausted, using web scraper...
  ⚠ Result not available yet

Processing: Union St. Gilloise vs RAAL La Louvière
    ⚠ API quota exhausted, using web scraper...
  ⚠ Result not available yet

Processing: FC Midtjylland vs FC Copenhagen
    ⚠ API quota exhausted, using web scraper...
  ⚠ Result not available yet

Processing: Huachipato vs Universidad de Chile
    ⚠ API quota exhausted, using web scraper...
  ⚠ Result not available yet

Processing: 1. FC Köln vs RB Leipzig
    ⚠ API quota exhausted, using web scraper...
  ⚠ Result not available yet

Processing: Wolfsberger AC vs Grazer AK
    ⚠ API quota exhausted, using web scraper...
  ⚠ Result not available yet

Processing: SCR Altach vs FC BW Linz
    ⚠ API quota exhausted, using web scraper...
  ⚠ Result not available yet

============================================================

✓ Successfully processed: 5
⚠ Failed: 14

============================================================

📊 ACCUMULATOR ACCURACY STATISTICS

Total Predictions: 4
✅ Correct: 0 (0.0%)
❌ Incorrect: 0 (100.0%)
[Sun Feb  8 16:31:00 UTC 2026] Result fetch completed
[Sun Feb  8 16:31:00 UTC 2026] Result fetch completed
[Sun Feb  8 17:00:01 UTC 2026] Starting result fetch...
[Sun Feb  8 17:00:01 UTC 2026] Starting result fetch...
=== SmartAcca Post-Mortem Generator ===
📈 Including 7 major league matches
🌍 Including 10 other league matches
Found 17 match(es) to process.

Processing: Sassuolo vs Inter
    ⚠ API quota exhausted, using web scraper...
  ⚠ Result not available yet

Processing: Beşiktaş vs Alanyaspor
    ⚠ API quota exhausted, using web scraper...
  ⚠ Result not available yet

Processing: Brondby vs Randers FC
    ⚠ API quota exhausted, using web scraper...
  ⚠ Result not available yet

Processing: Bayern München vs 1899 Hoffenheim
    ⚠ API quota exhausted, using web scraper...
    ✓ Found via ESPN
  Result: Bayern München 1 - 0 1899 Hoffenheim (FT)
  ⚠ Suspicious FT status: Match marked as finished after only 30 minutes

Processing: Liverpool vs Manchester City
    ⚠ API quota exhausted, using web scraper...
    ✓ Found via ESPN
  Result: Liverpool 0 - 0 Manchester City (FT)
  ⚠ Suspicious FT status: 0-0 after only 30 minutes

Processing: Sturm Graz vs Ried
    ⚠ API quota exhausted, using web scraper...
  ⚠ Result not available yet

Processing: FC Basel 1893 vs FC Zurich
    ⚠ API quota exhausted, using web scraper...
  ⚠ Result not available yet

Processing: Lausanne vs FC ST. Gallen
    ⚠ API quota exhausted, using web scraper...
  ⚠ Result not available yet

Processing: Cadiz vs Almeria
    ⚠ API quota exhausted, using web scraper...
  ⚠ Result not available yet

Processing: AD Ceuta FC vs Cordoba
    ⚠ API quota exhausted, using web scraper...
  ⚠ Result not available yet

Processing: Deportivo La Coruna vs Albacete
    ⚠ API quota exhausted, using web scraper...
  ⚠ Result not available yet

Processing: Union St. Gilloise vs RAAL La Louvière
    ⚠ API quota exhausted, using web scraper...
  ⚠ Result not available yet

Processing: FC Midtjylland vs FC Copenhagen
    ⚠ API quota exhausted, using web scraper...
  ⚠ Result not available yet

Processing: Huachipato vs Universidad de Chile
    ⚠ API quota exhausted, using web scraper...
  ⚠ Result not available yet

Processing: 1. FC Köln vs RB Leipzig
    ⚠ API quota exhausted, using web scraper...
  ⚠ Result not available yet

Processing: Wolfsberger AC vs Grazer AK
    ⚠ API quota exhausted, using web scraper...
  ⚠ Result not available yet

Processing: SCR Altach vs FC BW Linz
    ⚠ API quota exhausted, using web scraper...
  ⚠ Result not available yet

============================================================

✓ Successfully processed: 2
⚠ Failed: 15

============================================================

📊 ACCUMULATOR ACCURACY STATISTICS

Total Predictions: 4
✅ Correct: 0 (0.0%)
❌ Incorrect: 0 (100.0%)
[Sun Feb  8 17:01:03 UTC 2026] Result fetch completed
=== SmartAcca Post-Mortem Generator ===
📈 Including 7 major league matches
🌍 Including 10 other league matches
Found 17 match(es) to process.

Processing: Sassuolo vs Inter
    ⚠ API quota exhausted, using web scraper...
  ⚠ Result not available yet

Processing: Beşiktaş vs Alanyaspor
    ⚠ API quota exhausted, using web scraper...
  ⚠ Result not available yet

Processing: Brondby vs Randers FC
    ⚠ API quota exhausted, using web scraper...
  ⚠ Result not available yet

Processing: Bayern München vs 1899 Hoffenheim
    ⚠ API quota exhausted, using web scraper...
    ✓ Found via ESPN
  Result: Bayern München 1 - 0 1899 Hoffenheim (FT)
  ⚠ Suspicious FT status: Match marked as finished after only 30 minutes

Processing: Liverpool vs Manchester City
    ⚠ API quota exhausted, using web scraper...
    ✓ Found via ESPN
  Result: Liverpool 0 - 0 Manchester City (FT)
  ⚠ Suspicious FT status: 0-0 after only 30 minutes

Processing: Sturm Graz vs Ried
    ⚠ API quota exhausted, using web scraper...
  ⚠ Result not available yet

Processing: FC Basel 1893 vs FC Zurich
    ⚠ API quota exhausted, using web scraper...
  ⚠ Result not available yet

Processing: Lausanne vs FC ST. Gallen
    ⚠ API quota exhausted, using web scraper...
  ⚠ Result not available yet

Processing: Cadiz vs Almeria
    ⚠ API quota exhausted, using web scraper...
  ⚠ Result not available yet

Processing: AD Ceuta FC vs Cordoba
    ⚠ API quota exhausted, using web scraper...
  ⚠ Result not available yet

Processing: Deportivo La Coruna vs Albacete
    ⚠ API quota exhausted, using web scraper...
  ⚠ Result not available yet

Processing: Union St. Gilloise vs RAAL La Louvière
    ⚠ API quota exhausted, using web scraper...
  ⚠ Result not available yet

Processing: FC Midtjylland vs FC Copenhagen
    ⚠ API quota exhausted, using web scraper...
  ⚠ Result not available yet

Processing: Huachipato vs Universidad de Chile
    ⚠ API quota exhausted, using web scraper...
  ⚠ Result not available yet

Processing: 1. FC Köln vs RB Leipzig
    ⚠ API quota exhausted, using web scraper...
  ⚠ Result not available yet

Processing: Wolfsberger AC vs Grazer AK
    ⚠ API quota exhausted, using web scraper...
  ⚠ Result not available yet

Processing: SCR Altach vs FC BW Linz
    ⚠ API quota exhausted, using web scraper...
  ⚠ Result not available yet

============================================================

✓ Successfully processed: 2
⚠ Failed: 15

============================================================

📊 ACCUMULATOR ACCURACY STATISTICS

Total Predictions: 4
✅ Correct: 0 (0.0%)
❌ Incorrect: 0 (100.0%)
[Sun Feb  8 17:01:04 UTC 2026] Result fetch completed
[Sun Feb  8 17:30:01 UTC 2026] Starting result fetch...
[Sun Feb  8 17:30:01 UTC 2026] Starting result fetch...
=== SmartAcca Post-Mortem Generator ===
📈 Including 6 major league matches
🌍 Including 10 other league matches
Found 16 match(es) to process.

Processing: Atletico Madrid vs Real Betis
    ⚠ API quota exhausted, using web scraper...
  ⚠ Result not available yet

Processing: Club Brugge KV vs Standard Liege
    ⚠ API quota exhausted, using web scraper...
  ⚠ Result not available yet

Processing: Sporting Gijon vs Huesca
    ⚠ API quota exhausted, using web scraper...
  ⚠ Result not available yet

Processing: Sassuolo vs Inter
    ⚠ API quota exhausted, using web scraper...
    ✓ Found via ESPN
  Result: Sassuolo 0 - 0 Inter (FT)
  ⚠ Suspicious FT status: 0-0 after only 30 minutes

Processing: Beşiktaş vs Alanyaspor
    ⚠ API quota exhausted, using web scraper...
  ⚠ Result not available yet

Processing: Brondby vs Randers FC
    ⚠ API quota exhausted, using web scraper...
  ⚠ Result not available yet

Processing: Sturm Graz vs Ried
    ⚠ API quota exhausted, using web scraper...
  ⚠ Result not available yet

Processing: FC Basel 1893 vs FC Zurich
    ⚠ API quota exhausted, using web scraper...
  ⚠ Result not available yet

Processing: Lausanne vs FC ST. Gallen
    ⚠ API quota exhausted, using web scraper...
  ⚠ Result not available yet

Processing: Cadiz vs Almeria
    ⚠ API quota exhausted, using web scraper...
  ⚠ Result not available yet

Processing: AD Ceuta FC vs Cordoba
    ⚠ API quota exhausted, using web scraper...
  ⚠ Result not available yet

Processing: Deportivo La Coruna vs Albacete
    ⚠ API quota exhausted, using web scraper...
  ⚠ Result not available yet

Processing: Union St. Gilloise vs RAAL La Louvière
    ⚠ API quota exhausted, using web scraper...
  ⚠ Result not available yet

Processing: 1. FC Köln vs RB Leipzig
    ⚠ API quota exhausted, using web scraper...
  ⚠ Result not available yet

Processing: Wolfsberger AC vs Grazer AK
    ⚠ API quota exhausted, using web scraper...
  ⚠ Result not available yet

Processing: SCR Altach vs FC BW Linz
    ⚠ API quota exhausted, using web scraper...
  ⚠ Result not available yet

============================================================

✓ Successfully processed: 1
⚠ Failed: 15

============================================================

📊 ACCUMULATOR ACCURACY STATISTICS

Total Predictions: 4
✅ Correct: 0 (0.0%)
❌ Incorrect: 0 (100.0%)
[Sun Feb  8 17:30:52 UTC 2026] Result fetch completed
=== SmartAcca Post-Mortem Generator ===
📈 Including 6 major league matches
🌍 Including 10 other league matches
Found 16 match(es) to process.

Processing: Atletico Madrid vs Real Betis
    ⚠ API quota exhausted, using web scraper...
  ⚠ Result not available yet

Processing: Club Brugge KV vs Standard Liege
    ⚠ API quota exhausted, using web scraper...
  ⚠ Result not available yet

Processing: Sporting Gijon vs Huesca
    ⚠ API quota exhausted, using web scraper...
  ⚠ Result not available yet

Processing: Sassuolo vs Inter
    ⚠ API quota exhausted, using web scraper...
    ✓ Found via ESPN
  Result: Sassuolo 0 - 0 Inter (FT)
  ⚠ Suspicious FT status: 0-0 after only 30 minutes

Processing: Beşiktaş vs Alanyaspor
    ⚠ API quota exhausted, using web scraper...
  ⚠ Result not available yet

Processing: Brondby vs Randers FC
    ⚠ API quota exhausted, using web scraper...
  ⚠ Result not available yet

Processing: Sturm Graz vs Ried
    ⚠ API quota exhausted, using web scraper...
  ⚠ Result not available yet

Processing: FC Basel 1893 vs FC Zurich
    ⚠ API quota exhausted, using web scraper...
  ⚠ Result not available yet

Processing: Lausanne vs FC ST. Gallen
    ⚠ API quota exhausted, using web scraper...
  ⚠ Result not available yet

Processing: Cadiz vs Almeria
    ⚠ API quota exhausted, using web scraper...
  ⚠ Result not available yet

Processing: AD Ceuta FC vs Cordoba
    ⚠ API quota exhausted, using web scraper...
  ⚠ Result not available yet

Processing: Deportivo La Coruna vs Albacete
    ⚠ API quota exhausted, using web scraper...
  ⚠ Result not available yet

Processing: Union St. Gilloise vs RAAL La Louvière
    ⚠ API quota exhausted, using web scraper...
  ⚠ Result not available yet

Processing: 1. FC Köln vs RB Leipzig
    ⚠ API quota exhausted, using web scraper...
  ⚠ Result not available yet

Processing: Wolfsberger AC vs Grazer AK
    ⚠ API quota exhausted, using web scraper...
  ⚠ Result not available yet

Processing: SCR Altach vs FC BW Linz
    ⚠ API quota exhausted, using web scraper...
  ⚠ Result not available yet

============================================================

✓ Successfully processed: 1
⚠ Failed: 15

============================================================

📊 ACCUMULATOR ACCURACY STATISTICS

Total Predictions: 4
✅ Correct: 0 (0.0%)
❌ Incorrect: 0 (100.0%)
[Sun Feb  8 17:30:52 UTC 2026] Result fetch completed
[Sun Feb  8 18:00:01 UTC 2026] Starting result fetch...
[Sun Feb  8 18:00:01 UTC 2026] Starting result fetch...
=== SmartAcca Post-Mortem Generator ===
📈 Including 5 major league matches
🌍 Including 10 other league matches
Found 15 match(es) to process.

Processing: SC Braga vs Rio Ave
    API returned status 503
  ⚠ Result not available yet

Processing: Atletico Madrid vs Real Betis
    ⚠ API quota exhausted, using web scraper...
    ✓ Found via ESPN
  Result: Atletico Madrid 0 - 0 Real Betis (FT)
  ⚠ Suspicious FT status: 0-0 after only 30 minutes

Processing: Club Brugge KV vs Standard Liege
    ⚠ API quota exhausted, using web scraper...
  ⚠ Result not available yet

Processing: Sporting Gijon vs Huesca
    ⚠ API quota exhausted, using web scraper...
  ⚠ Result not available yet

Processing: Beşiktaş vs Alanyaspor
    ⚠ API quota exhausted, using web scraper...
  ⚠ Result not available yet

Processing: Brondby vs Randers FC
    ⚠ API quota exhausted, using web scraper...
  ⚠ Result not available yet

Processing: Sturm Graz vs Ried
    ⚠ API quota exhausted, using web scraper...
  ⚠ Result not available yet

Processing: FC Basel 1893 vs FC Zurich
    ⚠ API quota exhausted, using web scraper...
  ⚠ Result not available yet

Processing: Lausanne vs FC ST. Gallen
    ⚠ API quota exhausted, using web scraper...
  ⚠ Result not available yet

Processing: Cadiz vs Almeria
    ⚠ API quota exhausted, using web scraper...
  ⚠ Result not available yet

Processing: AD Ceuta FC vs Cordoba
    ⚠ API quota exhausted, using web scraper...
  ⚠ Result not available yet

Processing: Deportivo La Coruna vs Albacete
    ⚠ API quota exhausted, using web scraper...
  ⚠ Result not available yet

Processing: 1. FC Köln vs RB Leipzig
    ⚠ API quota exhausted, using web scraper...
  ⚠ Result not available yet

Processing: Wolfsberger AC vs Grazer AK
    ⚠ API quota exhausted, using web scraper...
  ⚠ Result not available yet

Processing: SCR Altach vs FC BW Linz
    ⚠ API quota exhausted, using web scraper...
  ⚠ Result not available yet

============================================================

✓ Successfully processed: 1
⚠ Failed: 14

============================================================

📊 ACCUMULATOR ACCURACY STATISTICS

Total Predictions: 4
✅ Correct: 0 (0.0%)
❌ Incorrect: 0 (100.0%)
[Sun Feb  8 18:00:55 UTC 2026] Result fetch completed
=== SmartAcca Post-Mortem Generator ===
📈 Including 5 major league matches
🌍 Including 10 other league matches
Found 15 match(es) to process.

Processing: SC Braga vs Rio Ave
    ⚠ API quota exhausted, using web scraper...
  ⚠ Result not available yet

Processing: Atletico Madrid vs Real Betis
    ⚠ API quota exhausted, using web scraper...
    ✓ Found via ESPN
  Result: Atletico Madrid 0 - 0 Real Betis (FT)
  ⚠ Suspicious FT status: 0-0 after only 30 minutes

Processing: Club Brugge KV vs Standard Liege
    ⚠ API quota exhausted, using web scraper...
  ⚠ Result not available yet

Processing: Sporting Gijon vs Huesca
    ⚠ API quota exhausted, using web scraper...
  ⚠ Result not available yet

Processing: Beşiktaş vs Alanyaspor
    ⚠ API quota exhausted, using web scraper...
  ⚠ Result not available yet

Processing: Brondby vs Randers FC
    ⚠ API quota exhausted, using web scraper...
  ⚠ Result not available yet

Processing: Sturm Graz vs Ried
    ⚠ API quota exhausted, using web scraper...
  ⚠ Result not available yet

Processing: FC Basel 1893 vs FC Zurich
    ⚠ API quota exhausted, using web scraper...
  ⚠ Result not available yet

Processing: Lausanne vs FC ST. Gallen
    ⚠ API quota exhausted, using web scraper...
  ⚠ Result not available yet

Processing: Cadiz vs Almeria
    ⚠ API quota exhausted, using web scraper...
  ⚠ Result not available yet

Processing: AD Ceuta FC vs Cordoba
    ⚠ API quota exhausted, using web scraper...
  ⚠ Result not available yet

Processing: Deportivo La Coruna vs Albacete
    ⚠ API quota exhausted, using web scraper...
  ⚠ Result not available yet

Processing: 1. FC Köln vs RB Leipzig
    ⚠ API quota exhausted, using web scraper...
  ⚠ Result not available yet

Processing: Wolfsberger AC vs Grazer AK
    ⚠ API quota exhausted, using web scraper...
  ⚠ Result not available yet

Processing: SCR Altach vs FC BW Linz
    ⚠ API quota exhausted, using web scraper...
  ⚠ Result not available yet

============================================================

✓ Successfully processed: 1
⚠ Failed: 14

============================================================

📊 ACCUMULATOR ACCURACY STATISTICS

Total Predictions: 4
✅ Correct: 0 (0.0%)
❌ Incorrect: 0 (100.0%)
[Sun Feb  8 18:00:56 UTC 2026] Result fetch completed
[Sun Feb  8 18:30:01 UTC 2026] Starting result fetch...
[Sun Feb  8 18:30:01 UTC 2026] Starting result fetch...
=== SmartAcca Post-Mortem Generator ===
📈 Including 4 major league matches
🌍 Including 10 other league matches
Found 14 match(es) to process.

Processing: KV Mechelen vs Antwerp
    ⚠ API quota exhausted, using web scraper...
  ⚠ Result not available yet

Processing: SC Braga vs Rio Ave
    ⚠ API quota exhausted, using web scraper...
  ⚠ Result not available yet

Processing: Club Brugge KV vs Standard Liege
    ⚠ API quota exhausted, using web scraper...
  ⚠ Result not available yet

Processing: Sporting Gijon vs Huesca
    ⚠ API quota exhausted, using web scraper...
  ⚠ Result not available yet

Processing: Beşiktaş vs Alanyaspor
    ⚠ API quota exhausted, using web scraper...
  ⚠ Result not available yet

Processing: Brondby vs Randers FC
    ⚠ API quota exhausted, using web scraper...
  ⚠ Result not available yet

Processing: Sturm Graz vs Ried
    ⚠ API quota exhausted, using web scraper...
  ⚠ Result not available yet

Processing: FC Basel 1893 vs FC Zurich
    ⚠ API quota exhausted, using web scraper...
  ⚠ Result not available yet

Processing: Lausanne vs FC ST. Gallen
    ⚠ API quota exhausted, using web scraper...
  ⚠ Result not available yet

Processing: Cadiz vs Almeria
    ⚠ API quota exhausted, using web scraper...
  ⚠ Result not available yet

Processing: AD Ceuta FC vs Cordoba
    ⚠ API quota exhausted, using web scraper...
  ⚠ Result not available yet

Processing: 1. FC Köln vs RB Leipzig
    ⚠ API quota exhausted, using web scraper...
  ⚠ Result not available yet

Processing: Wolfsberger AC vs Grazer AK
    ⚠ API quota exhausted, using web scraper...
  ⚠ Result not available yet

Processing: SCR Altach vs FC BW Linz
    ⚠ API quota exhausted, using web scraper...
  ⚠ Result not available yet

============================================================

✓ Successfully processed: 0
⚠ Failed: 14

============================================================

📊 ACCUMULATOR ACCURACY STATISTICS

Total Predictions: 4
✅ Correct: 0 (0.0%)
❌ Incorrect: 0 (100.0%)
[Sun Feb  8 18:30:46 UTC 2026] Result fetch completed
=== SmartAcca Post-Mortem Generator ===
📈 Including 4 major league matches
🌍 Including 10 other league matches
Found 14 match(es) to process.

Processing: KV Mechelen vs Antwerp
    ⚠ API quota exhausted, using web scraper...
  ⚠ Result not available yet

Processing: SC Braga vs Rio Ave
    ⚠ API quota exhausted, using web scraper...
  ⚠ Result not available yet

Processing: Club Brugge KV vs Standard Liege
    ⚠ API quota exhausted, using web scraper...
  ⚠ Result not available yet

Processing: Sporting Gijon vs Huesca
    ⚠ API quota exhausted, using web scraper...
  ⚠ Result not available yet

Processing: Beşiktaş vs Alanyaspor
    ⚠ API quota exhausted, using web scraper...
  ⚠ Result not available yet

Processing: Brondby vs Randers FC
    ⚠ API quota exhausted, using web scraper...
  ⚠ Result not available yet

Processing: Sturm Graz vs Ried
    ⚠ API quota exhausted, using web scraper...
  ⚠ Result not available yet

Processing: FC Basel 1893 vs FC Zurich
    ⚠ API quota exhausted, using web scraper...
  ⚠ Result not available yet

Processing: Lausanne vs FC ST. Gallen
    ⚠ API quota exhausted, using web scraper...
  ⚠ Result not available yet

Processing: Cadiz vs Almeria
    ⚠ API quota exhausted, using web scraper...
  ⚠ Result not available yet

Processing: AD Ceuta FC vs Cordoba
    ⚠ API quota exhausted, using web scraper...
  ⚠ Result not available yet

Processing: 1. FC Köln vs RB Leipzig
    ⚠ API quota exhausted, using web scraper...
  ⚠ Result not available yet

Processing: Wolfsberger AC vs Grazer AK
    ⚠ API quota exhausted, using web scraper...
  ⚠ Result not available yet

Processing: SCR Altach vs FC BW Linz
    ⚠ API quota exhausted, using web scraper...
  ⚠ Result not available yet

============================================================

✓ Successfully processed: 0
⚠ Failed: 14

============================================================

📊 ACCUMULATOR ACCURACY STATISTICS

Total Predictions: 4
✅ Correct: 0 (0.0%)
❌ Incorrect: 0 (100.0%)
[Sun Feb  8 18:30:47 UTC 2026] Result fetch completed
[Sun Feb  8 19:00:02 UTC 2026] Starting result fetch...
[Sun Feb  8 19:00:02 UTC 2026] Starting result fetch...
=== SmartAcca Post-Mortem Generator ===
📈 Including 4 major league matches
🌍 Including 10 other league matches
Found 14 match(es) to process.

Processing: Fortaleza FC vs America de Cali
    ⚠ API quota exhausted, using web scraper...
  ⚠ Result not available yet

Processing: KV Mechelen vs Antwerp
    ⚠ API quota exhausted, using web scraper...
  ⚠ Result not available yet

Processing: SC Braga vs Rio Ave
    ⚠ API quota exhausted, using web scraper...
    ✓ Found via ESPN
  Result: SC Braga 1 - 0 Rio Ave (FT)
  Prediction: ❌ UNKNOWN

Processing: Club Brugge KV vs Standard Liege
    ⚠ API quota exhausted, using web scraper...
  ⚠ Result not available yet

Processing: Sporting Gijon vs Huesca
    ⚠ API quota exhausted, using web scraper...
  ⚠ Result not available yet

Processing: Beşiktaş vs Alanyaspor
    ⚠ API quota exhausted, using web scraper...
  ⚠ Result not available yet

Processing: Brondby vs Randers FC
    ⚠ API quota exhausted, using web scraper...
  ⚠ Result not available yet

Processing: Sturm Graz vs Ried
    ⚠ API quota exhausted, using web scraper...
  ⚠ Result not available yet

Processing: FC Basel 1893 vs FC Zurich
    ⚠ API quota exhausted, using web scraper...
  ⚠ Result not available yet

Processing: Lausanne vs FC ST. Gallen
    ⚠ API quota exhausted, using web scraper...
  ⚠ Result not available yet

Processing: Cadiz vs Almeria
    ⚠ API quota exhausted, using web scraper...
  ⚠ Result not available yet

Processing: 1. FC Köln vs RB Leipzig
    ⚠ API quota exhausted, using web scraper...
  ⚠ Result not available yet

Processing: Wolfsberger AC vs Grazer AK
    ⚠ API quota exhausted, using web scraper...
  ⚠ Result not available yet

Processing: SCR Altach vs FC BW Linz
    ⚠ API quota exhausted, using web scraper...
  ⚠ Result not available yet

============================================================

✓ Successfully processed: 1
⚠ Failed: 13

============================================================

📊 ACCUMULATOR ACCURACY STATISTICS

Total Predictions: 4
✅ Correct: 0 (0.0%)
❌ Incorrect: 0 (100.0%)
[Sun Feb  8 19:00:49 UTC 2026] Result fetch completed
=== SmartAcca Post-Mortem Generator ===
📈 Including 4 major league matches
🌍 Including 10 other league matches
Found 14 match(es) to process.

Processing: Fortaleza FC vs America de Cali
    ⚠ API quota exhausted, using web scraper...
  ⚠ Result not available yet

Processing: KV Mechelen vs Antwerp
    ⚠ API quota exhausted, using web scraper...
  ⚠ Result not available yet

Processing: SC Braga vs Rio Ave
    ⚠ API quota exhausted, using web scraper...
    ✓ Found via ESPN
  Result: SC Braga 1 - 0 Rio Ave (FT)
  Prediction: ❌ UNKNOWN

Processing: Club Brugge KV vs Standard Liege
    ⚠ API quota exhausted, using web scraper...
  ⚠ Result not available yet

Processing: Sporting Gijon vs Huesca
    ⚠ API quota exhausted, using web scraper...
  ⚠ Result not available yet

Processing: Beşiktaş vs Alanyaspor
    ⚠ API quota exhausted, using web scraper...
  ⚠ Result not available yet

Processing: Brondby vs Randers FC
    ⚠ API quota exhausted, using web scraper...
  ⚠ Result not available yet

Processing: Sturm Graz vs Ried
    ⚠ API quota exhausted, using web scraper...
  ⚠ Result not available yet

Processing: FC Basel 1893 vs FC Zurich
    ⚠ API quota exhausted, using web scraper...
  ⚠ Result not available yet

Processing: Lausanne vs FC ST. Gallen
    ⚠ API quota exhausted, using web scraper...
  ⚠ Result not available yet

Processing: Cadiz vs Almeria
    ⚠ API quota exhausted, using web scraper...
  ⚠ Result not available yet

Processing: 1. FC Köln vs RB Leipzig
    ⚠ API quota exhausted, using web scraper...
  ⚠ Result not available yet

Processing: Wolfsberger AC vs Grazer AK
    ⚠ API quota exhausted, using web scraper...
  ⚠ Result not available yet

Processing: SCR Altach vs FC BW Linz
    ⚠ API quota exhausted, using web scraper...
  ⚠ Result not available yet

============================================================

✓ Successfully processed: 1
⚠ Failed: 13

============================================================

📊 ACCUMULATOR ACCURACY STATISTICS

Total Predictions: 4
✅ Correct: 0 (0.0%)
❌ Incorrect: 0 (100.0%)
[Sun Feb  8 19:00:50 UTC 2026] Result fetch completed
[Sun Feb  8 19:30:01 UTC 2026] Starting result fetch...
[Sun Feb  8 19:30:01 UTC 2026] Starting result fetch...
=== SmartAcca Post-Mortem Generator ===
📈 Including 4 major league matches
🌍 Including 10 other league matches
Found 14 match(es) to process.

Processing: Fortaleza FC vs America de Cali
    ⚠ API quota exhausted, using web scraper...
  ⚠ Result not available yet

Processing: KV Mechelen vs Antwerp
    ⚠ API quota exhausted, using web scraper...
  ⚠ Result not available yet

Processing: Club Brugge KV vs Standard Liege
    ⚠ API quota exhausted, using web scraper...
  ⚠ Result not available yet

Processing: Sporting Gijon vs Huesca
    ⚠ API quota exhausted, using web scraper...
  ⚠ Result not available yet

Processing: Beşiktaş vs Alanyaspor
    ⚠ API quota exhausted, using web scraper...
  ⚠ Result not available yet

Processing: Brondby vs Randers FC
    ⚠ API quota exhausted, using web scraper...
  ⚠ Result not available yet

Processing: Sturm Graz vs Ried
    ⚠ API quota exhausted, using web scraper...
  ⚠ Result not available yet

Processing: FC Basel 1893 vs FC Zurich
    ⚠ API quota exhausted, using web scraper...
  ⚠ Result not available yet

Processing: Lausanne vs FC ST. Gallen
    ⚠ API quota exhausted, using web scraper...
  ⚠ Result not available yet

Processing: Cadiz vs Almeria
    ⚠ API quota exhausted, using web scraper...
  ⚠ Result not available yet

Processing: AD Ceuta FC vs Cordoba
    ⚠ API quota exhausted, using web scraper...
  ⚠ Result not available yet

Processing: 1. FC Köln vs RB Leipzig
    ⚠ API quota exhausted, using web scraper...
  ⚠ Result not available yet

Processing: Wolfsberger AC vs Grazer AK
    ⚠ API quota exhausted, using web scraper...
  ⚠ Result not available yet

Processing: SCR Altach vs FC BW Linz
    ⚠ API quota exhausted, using web scraper...
  ⚠ Result not available yet

============================================================

✓ Successfully processed: 0
⚠ Failed: 14

============================================================

📊 ACCUMULATOR ACCURACY STATISTICS

Total Predictions: 4
✅ Correct: 0 (0.0%)
❌ Incorrect: 0 (100.0%)
[Sun Feb  8 19:30:45 UTC 2026] Result fetch completed
=== SmartAcca Post-Mortem Generator ===
📈 Including 4 major league matches
🌍 Including 10 other league matches
Found 14 match(es) to process.

Processing: Fortaleza FC vs America de Cali
    ⚠ API quota exhausted, using web scraper...
  ⚠ Result not available yet

Processing: KV Mechelen vs Antwerp
    ⚠ API quota exhausted, using web scraper...
  ⚠ Result not available yet

Processing: Club Brugge KV vs Standard Liege
    ⚠ API quota exhausted, using web scraper...
  ⚠ Result not available yet

Processing: Sporting Gijon vs Huesca
    ⚠ API quota exhausted, using web scraper...
  ⚠ Result not available yet

Processing: Beşiktaş vs Alanyaspor
    ⚠ API quota exhausted, using web scraper...
  ⚠ Result not available yet

Processing: Brondby vs Randers FC
    ⚠ API quota exhausted, using web scraper...
  ⚠ Result not available yet

Processing: Sturm Graz vs Ried
    ⚠ API quota exhausted, using web scraper...
  ⚠ Result not available yet

Processing: FC Basel 1893 vs FC Zurich
    ⚠ API quota exhausted, using web scraper...
  ⚠ Result not available yet

Processing: Lausanne vs FC ST. Gallen
    ⚠ API quota exhausted, using web scraper...
  ⚠ Result not available yet

Processing: Cadiz vs Almeria
    ⚠ API quota exhausted, using web scraper...
  ⚠ Result not available yet

Processing: AD Ceuta FC vs Cordoba
    ⚠ API quota exhausted, using web scraper...
  ⚠ Result not available yet

Processing: 1. FC Köln vs RB Leipzig
    ⚠ API quota exhausted, using web scraper...
  ⚠ Result not available yet

Processing: Wolfsberger AC vs Grazer AK
    ⚠ API quota exhausted, using web scraper...
  ⚠ Result not available yet

Processing: SCR Altach vs FC BW Linz
    ⚠ API quota exhausted, using web scraper...
  ⚠ Result not available yet

============================================================

✓ Successfully processed: 0
⚠ Failed: 14

============================================================

📊 ACCUMULATOR ACCURACY STATISTICS

Total Predictions: 4
✅ Correct: 0 (0.0%)
❌ Incorrect: 0 (100.0%)
[Sun Feb  8 19:30:47 UTC 2026] Result fetch completed
[Sun Feb  8 20:00:01 UTC 2026] Starting result fetch...
[Sun Feb  8 20:00:01 UTC 2026] Starting result fetch...
=== SmartAcca Post-Mortem Generator ===
📈 Including 7 major league matches
🌍 Including 10 other league matches
Found 17 match(es) to process.

Processing: Valencia vs Real Madrid
    ⚠ API quota exhausted, using web scraper...
  ⚠ Result not available yet

Processing: Malaga vs Cultural Leonesa
    ⚠ API quota exhausted, using web scraper...
  ⚠ Result not available yet

Processing: Platense vs Independiente
    ⚠ API quota exhausted, using web scraper...
  ⚠ Result not available yet

Processing: Sarmiento Junin vs Atletico Tucuman
    ⚠ API quota exhausted, using web scraper...
  ⚠ Result not available yet

Processing: Juventus vs Lazio
    ⚠ API quota exhausted, using web scraper...
    ✓ Found via ESPN
  Result: Juventus 0 - 0 Lazio (FT)
  ⚠ Suspicious FT status: 0-0 after only 15 minutes

Processing: Paris Saint Germain vs Marseille
    ⚠ API quota exhausted, using web scraper...
  ⚠ Result not available yet

Processing: Fortaleza FC vs America de Cali
    ⚠ API quota exhausted, using web scraper...
  ⚠ Result not available yet

Processing: KV Mechelen vs Antwerp
    ⚠ API quota exhausted, using web scraper...
  ⚠ Result not available yet

Processing: Club Brugge KV vs Standard Liege
    ⚠ API quota exhausted, using web scraper...
  ⚠ Result not available yet

Processing: Sporting Gijon vs Huesca
    ⚠ API quota exhausted, using web scraper...
  ⚠ Result not available yet

Processing: Beşiktaş vs Alanyaspor
    ⚠ API quota exhausted, using web scraper...
  ⚠ Result not available yet

Processing: Brondby vs Randers FC
    ⚠ API quota exhausted, using web scraper...
  ⚠ Result not available yet

Processing: Sturm Graz vs Ried
    ⚠ API quota exhausted, using web scraper...
  ⚠ Result not available yet

Processing: FC Basel 1893 vs FC Zurich
    ⚠ API quota exhausted, using web scraper...
  ⚠ Result not available yet

Processing: 1. FC Köln vs RB Leipzig
    ⚠ API quota exhausted, using web scraper...
  ⚠ Result not available yet

Processing: Wolfsberger AC vs Grazer AK
    ⚠ API quota exhausted, using web scraper...
  ⚠ Result not available yet

Processing: SCR Altach vs FC BW Linz
    ⚠ API quota exhausted, using web scraper...
  ⚠ Result not available yet

============================================================

✓ Successfully processed: 1
⚠ Failed: 16

============================================================

📊 ACCUMULATOR ACCURACY STATISTICS

Total Predictions: 4
✅ Correct: 0 (0.0%)
❌ Incorrect: 0 (100.0%)
[Sun Feb  8 20:00:55 UTC 2026] Result fetch completed
=== SmartAcca Post-Mortem Generator ===
📈 Including 7 major league matches
🌍 Including 10 other league matches
Found 17 match(es) to process.

Processing: Valencia vs Real Madrid
    ⚠ API quota exhausted, using web scraper...
  ⚠ Result not available yet

Processing: Malaga vs Cultural Leonesa
    ⚠ API quota exhausted, using web scraper...
  ⚠ Result not available yet

Processing: Platense vs Independiente
    ⚠ API quota exhausted, using web scraper...
  ⚠ Result not available yet

Processing: Sarmiento Junin vs Atletico Tucuman
    ⚠ API quota exhausted, using web scraper...
  ⚠ Result not available yet

Processing: Juventus vs Lazio
    ⚠ API quota exhausted, using web scraper...
    ✓ Found via ESPN
  Result: Juventus 0 - 0 Lazio (FT)
  ⚠ Suspicious FT status: 0-0 after only 15 minutes

Processing: Paris Saint Germain vs Marseille
    ⚠ API quota exhausted, using web scraper...
  ⚠ Result not available yet

Processing: Fortaleza FC vs America de Cali
    ⚠ API quota exhausted, using web scraper...
  ⚠ Result not available yet

Processing: KV Mechelen vs Antwerp
    ⚠ API quota exhausted, using web scraper...
  ⚠ Result not available yet

Processing: Club Brugge KV vs Standard Liege
    ⚠ API quota exhausted, using web scraper...
  ⚠ Result not available yet

Processing: Sporting Gijon vs Huesca
    ⚠ API quota exhausted, using web scraper...
  ⚠ Result not available yet

Processing: Beşiktaş vs Alanyaspor
    ⚠ API quota exhausted, using web scraper...
  ⚠ Result not available yet

Processing: Brondby vs Randers FC
    ⚠ API quota exhausted, using web scraper...
  ⚠ Result not available yet

Processing: Sturm Graz vs Ried
    ⚠ API quota exhausted, using web scraper...
  ⚠ Result not available yet

Processing: FC Basel 1893 vs FC Zurich
    ⚠ API quota exhausted, using web scraper...
  ⚠ Result not available yet

Processing: 1. FC Köln vs RB Leipzig
    ⚠ API quota exhausted, using web scraper...
  ⚠ Result not available yet

Processing: Wolfsberger AC vs Grazer AK
    ⚠ API quota exhausted, using web scraper...
  ⚠ Result not available yet

Processing: SCR Altach vs FC BW Linz
    ⚠ API quota exhausted, using web scraper...
  ⚠ Result not available yet

============================================================

✓ Successfully processed: 1
⚠ Failed: 16

============================================================

📊 ACCUMULATOR ACCURACY STATISTICS

Total Predictions: 4
✅ Correct: 0 (0.0%)
❌ Incorrect: 0 (100.0%)
[Sun Feb  8 20:00:55 UTC 2026] Result fetch completed
[Sun Feb  8 20:30:01 UTC 2026] Starting result fetch...
[Sun Feb  8 20:30:01 UTC 2026] Starting result fetch...
=== SmartAcca Post-Mortem Generator ===
📈 Including 6 major league matches
🌍 Including 10 other league matches
Found 16 match(es) to process.

Processing: Benfica vs Alverca
    ⚠ API quota exhausted, using web scraper...
  ⚠ Result not available yet

Processing: Valencia vs Real Madrid
    ⚠ API quota exhausted, using web scraper...
    ✓ Found via ESPN
  Result: Valencia 0 - 0 Real Madrid (FT)
  ⚠ Suspicious FT status: 0-0 after only 30 minutes

Processing: Malaga vs Cultural Leonesa
    ⚠ API quota exhausted, using web scraper...
  ⚠ Result not available yet

Processing: Platense vs Independiente
    ⚠ API quota exhausted, using web scraper...
  ⚠ Result not available yet

Processing: Sarmiento Junin vs Atletico Tucuman
    ⚠ API quota exhausted, using web scraper...
  ⚠ Result not available yet

Processing: Paris Saint Germain vs Marseille
    ⚠ API quota exhausted, using web scraper...
    ✓ Found via ESPN
  Result: Paris Saint Germain 1 - 0 Marseille (FT)
  Prediction: ❌ LOSS

Processing: Fortaleza FC vs America de Cali
    ⚠ API quota exhausted, using web scraper...
  ⚠ Result not available yet

Processing: KV Mechelen vs Antwerp
    ⚠ API quota exhausted, using web scraper...
  ⚠ Result not available yet

Processing: Club Brugge KV vs Standard Liege
    ⚠ API quota exhausted, using web scraper...
  ⚠ Result not available yet

Processing: Sporting Gijon vs Huesca
    ⚠ API quota exhausted, using web scraper...
  ⚠ Result not available yet

Processing: Beşiktaş vs Alanyaspor
    ⚠ API quota exhausted, using web scraper...
  ⚠ Result not available yet

Processing: Brondby vs Randers FC
    ⚠ API quota exhausted, using web scraper...
  ⚠ Result not available yet

Processing: Sturm Graz vs Ried
    ⚠ API quota exhausted, using web scraper...
  ⚠ Result not available yet

Processing: 1. FC Köln vs RB Leipzig
    ⚠ API quota exhausted, using web scraper...
  ⚠ Result not available yet

Processing: Wolfsberger AC vs Grazer AK
    ⚠ API quota exhausted, using web scraper...
  ⚠ Result not available yet

Processing: SCR Altach vs FC BW Linz
    ⚠ API quota exhausted, using web scraper...
  ⚠ Result not available yet

============================================================

✓ Successfully processed: 2
⚠ Failed: 14

============================================================

📊 ACCUMULATOR ACCURACY STATISTICS

Total Predictions: 4
✅ Correct: 0 (0.0%)
❌ Incorrect: 0 (100.0%)
[Sun Feb  8 20:30:48 UTC 2026] Result fetch completed
=== SmartAcca Post-Mortem Generator ===
📈 Including 6 major league matches
🌍 Including 10 other league matches
Found 16 match(es) to process.

Processing: Benfica vs Alverca
    ⚠ API quota exhausted, using web scraper...
  ⚠ Result not available yet

Processing: Valencia vs Real Madrid
    ⚠ API quota exhausted, using web scraper...
    ✓ Found via ESPN
  Result: Valencia 0 - 0 Real Madrid (FT)
  ⚠ Suspicious FT status: 0-0 after only 30 minutes

Processing: Malaga vs Cultural Leonesa
    ⚠ API quota exhausted, using web scraper...
  ⚠ Result not available yet

Processing: Platense vs Independiente
    ⚠ API quota exhausted, using web scraper...
  ⚠ Result not available yet

Processing: Sarmiento Junin vs Atletico Tucuman
    ⚠ API quota exhausted, using web scraper...
  ⚠ Result not available yet

Processing: Paris Saint Germain vs Marseille
    ⚠ API quota exhausted, using web scraper...
    ✓ Found via ESPN
  Result: Paris Saint Germain 1 - 0 Marseille (FT)
  Prediction: ❌ LOSS

Processing: Fortaleza FC vs America de Cali
    ⚠ API quota exhausted, using web scraper...
  ⚠ Result not available yet

Processing: KV Mechelen vs Antwerp
    ⚠ API quota exhausted, using web scraper...
  ⚠ Result not available yet

Processing: Club Brugge KV vs Standard Liege
    ⚠ API quota exhausted, using web scraper...
  ⚠ Result not available yet

Processing: Sporting Gijon vs Huesca
    ⚠ API quota exhausted, using web scraper...
  ⚠ Result not available yet

Processing: Beşiktaş vs Alanyaspor
    ⚠ API quota exhausted, using web scraper...
  ⚠ Result not available yet

Processing: Brondby vs Randers FC
    ⚠ API quota exhausted, using web scraper...
  ⚠ Result not available yet

Processing: Sturm Graz vs Ried
    ⚠ API quota exhausted, using web scraper...
  ⚠ Result not available yet

Processing: 1. FC Köln vs RB Leipzig
    ⚠ API quota exhausted, using web scraper...
  ⚠ Result not available yet

Processing: Wolfsberger AC vs Grazer AK
    ⚠ API quota exhausted, using web scraper...
  ⚠ Result not available yet

Processing: SCR Altach vs FC BW Linz
    ⚠ API quota exhausted, using web scraper...
  ⚠ Result not available yet

============================================================

✓ Successfully processed: 2
⚠ Failed: 14

============================================================

📊 ACCUMULATOR ACCURACY STATISTICS

Total Predictions: 4
✅ Correct: 0 (0.0%)
❌ Incorrect: 0 (100.0%)
[Sun Feb  8 20:30:51 UTC 2026] Result fetch completed
[Sun Feb  8 21:00:01 UTC 2026] Starting result fetch...
[Sun Feb  8 21:00:01 UTC 2026] Starting result fetch...
=== SmartAcca Post-Mortem Generator ===
📈 Including 4 major league matches
🌍 Including 10 other league matches
Found 14 match(es) to process.

Processing: Nublense vs Deportes Limache
    ⚠ API quota exhausted, using web scraper...
  ⚠ Result not available yet

Processing: Benfica vs Alverca
    ⚠ API quota exhausted, using web scraper...
    ✓ Found via ESPN
  Result: Benfica 1 - 0 Alverca (FT)
  ⚠ Suspicious FT status: Match marked as finished after only 30 minutes

Processing: Malaga vs Cultural Leonesa
    ⚠ API quota exhausted, using web scraper...
  ⚠ Result not available yet

Processing: Platense vs Independiente
    ⚠ API quota exhausted, using web scraper...
  ⚠ Result not available yet

Processing: Sarmiento Junin vs Atletico Tucuman
    ⚠ API quota exhausted, using web scraper...
  ⚠ Result not available yet

Processing: Fortaleza FC vs America de Cali
    ⚠ API quota exhausted, using web scraper...
  ⚠ Result not available yet

Processing: KV Mechelen vs Antwerp
    ⚠ API quota exhausted, using web scraper...
  ⚠ Result not available yet

Processing: Club Brugge KV vs Standard Liege
    ⚠ API quota exhausted, using web scraper...
  ⚠ Result not available yet

Processing: Sporting Gijon vs Huesca
    ⚠ API quota exhausted, using web scraper...
  ⚠ Result not available yet

Processing: Beşiktaş vs Alanyaspor
    ⚠ API quota exhausted, using web scraper...
  ⚠ Result not available yet

Processing: Sturm Graz vs Ried
    ⚠ API quota exhausted, using web scraper...
  ⚠ Result not available yet

Processing: 1. FC Köln vs RB Leipzig
    ⚠ API quota exhausted, using web scraper...
  ⚠ Result not available yet

Processing: Wolfsberger AC vs Grazer AK
    ⚠ API quota exhausted, using web scraper...
  ⚠ Result not available yet

Processing: SCR Altach vs FC BW Linz
    ⚠ API quota exhausted, using web scraper...
  ⚠ Result not available yet

============================================================

✓ Successfully processed: 1
⚠ Failed: 13

============================================================

📊 ACCUMULATOR ACCURACY STATISTICS

Total Predictions: 4
✅ Correct: 0 (0.0%)
❌ Incorrect: 0 (100.0%)
=== SmartAcca Post-Mortem Generator ===
📈 Including 4 major league matches
🌍 Including 10 other league matches
Found 14 match(es) to process.

Processing: Nublense vs Deportes Limache
    ⚠ API quota exhausted, using web scraper...
  ⚠ Result not available yet

Processing: Benfica vs Alverca
    ⚠ API quota exhausted, using web scraper...
    ✓ Found via ESPN
  Result: Benfica 1 - 0 Alverca (FT)
  ⚠ Suspicious FT status: Match marked as finished after only 30 minutes

Processing: Malaga vs Cultural Leonesa
    ⚠ API quota exhausted, using web scraper...
  ⚠ Result not available yet

Processing: Platense vs Independiente
    ⚠ API quota exhausted, using web scraper...
  ⚠ Result not available yet

Processing: Sarmiento Junin vs Atletico Tucuman
    ⚠ API quota exhausted, using web scraper...
  ⚠ Result not available yet

Processing: Fortaleza FC vs America de Cali
    ⚠ API quota exhausted, using web scraper...
  ⚠ Result not available yet

Processing: KV Mechelen vs Antwerp
    ⚠ API quota exhausted, using web scraper...
  ⚠ Result not available yet

Processing: Club Brugge KV vs Standard Liege
    ⚠ API quota exhausted, using web scraper...
  ⚠ Result not available yet

Processing: Sporting Gijon vs Huesca
    ⚠ API quota exhausted, using web scraper...
  ⚠ Result not available yet

Processing: Beşiktaş vs Alanyaspor
    ⚠ API quota exhausted, using web scraper...
  ⚠ Result not available yet

Processing: Sturm Graz vs Ried
    ⚠ API quota exhausted, using web scraper...
  ⚠ Result not available yet

Processing: 1. FC Köln vs RB Leipzig
    ⚠ API quota exhausted, using web scraper...
  ⚠ Result not available yet

Processing: Wolfsberger AC vs Grazer AK
    ⚠ API quota exhausted, using web scraper...
  ⚠ Result not available yet

Processing: SCR Altach vs FC BW Linz
    ⚠ API quota exhausted, using web scraper...
  ⚠ Result not available yet

============================================================

✓ Successfully processed: 1
⚠ Failed: 13

============================================================

📊 ACCUMULATOR ACCURACY STATISTICS

Total Predictions: 4
✅ Correct: 0 (0.0%)
❌ Incorrect: 0 (100.0%)
[Sun Feb  8 21:00:47 UTC 2026] Result fetch completed
[Sun Feb  8 21:00:47 UTC 2026] Result fetch completed
[Sun Feb  8 21:30:01 UTC 2026] Starting result fetch...
[Sun Feb  8 21:30:01 UTC 2026] Starting result fetch...
=== SmartAcca Post-Mortem Generator ===
📈 Including 4 major league matches
🌍 Including 10 other league matches
Found 14 match(es) to process.

Processing: Alianza Valledupar vs Once Caldas
    ⚠ API quota exhausted, using web scraper...
  ⚠ Result not available yet

Processing: Nublense vs Deportes Limache
    ⚠ API quota exhausted, using web scraper...
  ⚠ Result not available yet

Processing: Malaga vs Cultural Leonesa
    ⚠ API quota exhausted, using web scraper...
  ⚠ Result not available yet

Processing: Platense vs Independiente
    ⚠ API quota exhausted, using web scraper...
  ⚠ Result not available yet

Processing: Sarmiento Junin vs Atletico Tucuman
    ⚠ API quota exhausted, using web scraper...
  ⚠ Result not available yet

Processing: Fortaleza FC vs America de Cali
    ⚠ API quota exhausted, using web scraper...
  ⚠ Result not available yet

Processing: KV Mechelen vs Antwerp
    ⚠ API quota exhausted, using web scraper...
  ⚠ Result not available yet

Processing: Club Brugge KV vs Standard Liege
    ⚠ API quota exhausted, using web scraper...
  ⚠ Result not available yet

Processing: Sporting Gijon vs Huesca
    ⚠ API quota exhausted, using web scraper...
  ⚠ Result not available yet

Processing: Beşiktaş vs Alanyaspor
    ⚠ API quota exhausted, using web scraper...
  ⚠ Result not available yet

Processing: Sturm Graz vs Ried
    ⚠ API quota exhausted, using web scraper...
  ⚠ Result not available yet

Processing: 1. FC Köln vs RB Leipzig
    ⚠ API quota exhausted, using web scraper...
  ⚠ Result not available yet

Processing: Wolfsberger AC vs Grazer AK
    ⚠ API quota exhausted, using web scraper...
  ⚠ Result not available yet

Processing: SCR Altach vs FC BW Linz
    ⚠ API quota exhausted, using web scraper...
  ⚠ Result not available yet

============================================================

✓ Successfully processed: 0
⚠ Failed: 14

============================================================

📊 ACCUMULATOR ACCURACY STATISTICS

Total Predictions: 4
✅ Correct: 0 (0.0%)
❌ Incorrect: 0 (100.0%)
[Sun Feb  8 21:30:41 UTC 2026] Result fetch completed
=== SmartAcca Post-Mortem Generator ===
📈 Including 4 major league matches
🌍 Including 10 other league matches
Found 14 match(es) to process.

Processing: Alianza Valledupar vs Once Caldas
    ⚠ API quota exhausted, using web scraper...
  ⚠ Result not available yet

Processing: Nublense vs Deportes Limache
    ⚠ API quota exhausted, using web scraper...
  ⚠ Result not available yet

Processing: Malaga vs Cultural Leonesa
    ⚠ API quota exhausted, using web scraper...
  ⚠ Result not available yet

Processing: Platense vs Independiente
    ⚠ API quota exhausted, using web scraper...
  ⚠ Result not available yet

Processing: Sarmiento Junin vs Atletico Tucuman
    ⚠ API quota exhausted, using web scraper...
  ⚠ Result not available yet

Processing: Fortaleza FC vs America de Cali
    ⚠ API quota exhausted, using web scraper...
  ⚠ Result not available yet

Processing: KV Mechelen vs Antwerp
    ⚠ API quota exhausted, using web scraper...
  ⚠ Result not available yet

Processing: Club Brugge KV vs Standard Liege
    ⚠ API quota exhausted, using web scraper...
  ⚠ Result not available yet

Processing: Sporting Gijon vs Huesca
    ⚠ API quota exhausted, using web scraper...
  ⚠ Result not available yet

Processing: Beşiktaş vs Alanyaspor
    ⚠ API quota exhausted, using web scraper...
  ⚠ Result not available yet

Processing: Sturm Graz vs Ried
    ⚠ API quota exhausted, using web scraper...
  ⚠ Result not available yet

Processing: 1. FC Köln vs RB Leipzig
    ⚠ API quota exhausted, using web scraper...
  ⚠ Result not available yet

Processing: Wolfsberger AC vs Grazer AK
    ⚠ API quota exhausted, using web scraper...
  ⚠ Result not available yet

Processing: SCR Altach vs FC BW Linz
    ⚠ API quota exhausted, using web scraper...
  ⚠ Result not available yet

============================================================

✓ Successfully processed: 0
⚠ Failed: 14

============================================================

📊 ACCUMULATOR ACCURACY STATISTICS

Total Predictions: 4
✅ Correct: 0 (0.0%)
❌ Incorrect: 0 (100.0%)
[Sun Feb  8 21:30:44 UTC 2026] Result fetch completed
[Sun Feb  8 22:00:01 UTC 2026] Starting result fetch...
[Sun Feb  8 22:00:01 UTC 2026] Starting result fetch...
=== SmartAcca Post-Mortem Generator ===
📈 Including 4 major league matches
🌍 Including 10 other league matches
Found 14 match(es) to process.

Processing: Alianza Valledupar vs Once Caldas
    ⚠ API quota exhausted, using web scraper...
  ⚠ Result not available yet

Processing: Nublense vs Deportes Limache
    ⚠ API quota exhausted, using web scraper...
  ⚠ Result not available yet

Processing: Malaga vs Cultural Leonesa
    ⚠ API quota exhausted, using web scraper...
  ⚠ Result not available yet

Processing: Platense vs Independiente
    ⚠ API quota exhausted, using web scraper...
  ⚠ Result not available yet

Processing: Sarmiento Junin vs Atletico Tucuman
    ⚠ API quota exhausted, using web scraper...
  ⚠ Result not available yet

Processing: Fortaleza FC vs America de Cali
    ⚠ API quota exhausted, using web scraper...
  ⚠ Result not available yet

Processing: KV Mechelen vs Antwerp
    ⚠ API quota exhausted, using web scraper...
  ⚠ Result not available yet

Processing: Club Brugge KV vs Standard Liege
    ⚠ API quota exhausted, using web scraper...
  ⚠ Result not available yet

Processing: Sporting Gijon vs Huesca
    ⚠ API quota exhausted, using web scraper...
  ⚠ Result not available yet

Processing: Beşiktaş vs Alanyaspor
    ⚠ API quota exhausted, using web scraper...
  ⚠ Result not available yet

Processing: Sturm Graz vs Ried
    ⚠ API quota exhausted, using web scraper...
  ⚠ Result not available yet

Processing: 1. FC Köln vs RB Leipzig
    ⚠ API quota exhausted, using web scraper...
  ⚠ Result not available yet

Processing: Wolfsberger AC vs Grazer AK
    ⚠ API quota exhausted, using web scraper...
  ⚠ Result not available yet

Processing: SCR Altach vs FC BW Linz
    ⚠ API quota exhausted, using web scraper...
  ⚠ Result not available yet

============================================================

✓ Successfully processed: 0
⚠ Failed: 14

============================================================

📊 ACCUMULATOR ACCURACY STATISTICS

Total Predictions: 4
✅ Correct: 0 (0.0%)
❌ Incorrect: 0 (100.0%)
[Sun Feb  8 22:00:45 UTC 2026] Result fetch completed
=== SmartAcca Post-Mortem Generator ===
📈 Including 4 major league matches
🌍 Including 10 other league matches
Found 14 match(es) to process.

Processing: Alianza Valledupar vs Once Caldas
    ⚠ API quota exhausted, using web scraper...
  ⚠ Result not available yet

Processing: Nublense vs Deportes Limache
    ⚠ API quota exhausted, using web scraper...
  ⚠ Result not available yet

Processing: Malaga vs Cultural Leonesa
    ⚠ API quota exhausted, using web scraper...
  ⚠ Result not available yet

Processing: Platense vs Independiente
    ⚠ API quota exhausted, using web scraper...
  ⚠ Result not available yet

Processing: Sarmiento Junin vs Atletico Tucuman
    ⚠ API quota exhausted, using web scraper...
  ⚠ Result not available yet

Processing: Fortaleza FC vs America de Cali
    ⚠ API quota exhausted, using web scraper...
  ⚠ Result not available yet

Processing: KV Mechelen vs Antwerp
    ⚠ API quota exhausted, using web scraper...
  ⚠ Result not available yet

Processing: Club Brugge KV vs Standard Liege
    ⚠ API quota exhausted, using web scraper...
  ⚠ Result not available yet

Processing: Sporting Gijon vs Huesca
    ⚠ API quota exhausted, using web scraper...
  ⚠ Result not available yet

Processing: Beşiktaş vs Alanyaspor
    ⚠ API quota exhausted, using web scraper...
  ⚠ Result not available yet

Processing: Sturm Graz vs Ried
    ⚠ API quota exhausted, using web scraper...
  ⚠ Result not available yet

Processing: 1. FC Köln vs RB Leipzig
    ⚠ API quota exhausted, using web scraper...
  ⚠ Result not available yet

Processing: Wolfsberger AC vs Grazer AK
    ⚠ API quota exhausted, using web scraper...
  ⚠ Result not available yet

Processing: SCR Altach vs FC BW Linz
    ⚠ API quota exhausted, using web scraper...
  ⚠ Result not available yet

============================================================

✓ Successfully processed: 0
⚠ Failed: 14

============================================================

📊 ACCUMULATOR ACCURACY STATISTICS

Total Predictions: 4
✅ Correct: 0 (0.0%)
❌ Incorrect: 0 (100.0%)
[Sun Feb  8 22:00:46 UTC 2026] Result fetch completed
[Sun Feb  8 22:30:01 UTC 2026] Starting result fetch...
[Sun Feb  8 22:30:01 UTC 2026] Starting result fetch...
=== SmartAcca Post-Mortem Generator ===
📈 Including 4 major league matches
🌍 Including 10 other league matches
Found 14 match(es) to process.

Processing: Huracan vs San Lorenzo
    ⚠ API quota exhausted, using web scraper...
  ⚠ Result not available yet

Processing: Alianza Valledupar vs Once Caldas
    ⚠ API quota exhausted, using web scraper...
  ⚠ Result not available yet

Processing: Nublense vs Deportes Limache
    ⚠ API quota exhausted, using web scraper...
  ⚠ Result not available yet

Processing: Malaga vs Cultural Leonesa
    ⚠ API quota exhausted, using web scraper...
  ⚠ Result not available yet

Processing: Platense vs Independiente
    ⚠ API quota exhausted, using web scraper...
  ⚠ Result not available yet

Processing: Sarmiento Junin vs Atletico Tucuman
    ⚠ API quota exhausted, using web scraper...
  ⚠ Result not available yet

Processing: Fortaleza FC vs America de Cali
    ⚠ API quota exhausted, using web scraper...
  ⚠ Result not available yet

Processing: KV Mechelen vs Antwerp
    ⚠ API quota exhausted, using web scraper...
  ⚠ Result not available yet

Processing: Club Brugge KV vs Standard Liege
    ⚠ API quota exhausted, using web scraper...
  ⚠ Result not available yet

Processing: Sporting Gijon vs Huesca
    ⚠ API quota exhausted, using web scraper...
  ⚠ Result not available yet

Processing: Sturm Graz vs Ried
    ⚠ API quota exhausted, using web scraper...
  ⚠ Result not available yet

Processing: 1. FC Köln vs RB Leipzig
    ⚠ API quota exhausted, using web scraper...
  ⚠ Result not available yet

Processing: Wolfsberger AC vs Grazer AK
    ⚠ API quota exhausted, using web scraper...
  ⚠ Result not available yet

Processing: SCR Altach vs FC BW Linz
    ⚠ API quota exhausted, using web scraper...
  ⚠ Result not available yet

============================================================

✓ Successfully processed: 0
⚠ Failed: 14

============================================================

📊 ACCUMULATOR ACCURACY STATISTICS

Total Predictions: 4
✅ Correct: 0 (0.0%)
❌ Incorrect: 0 (100.0%)
[Sun Feb  8 22:30:40 UTC 2026] Result fetch completed
=== SmartAcca Post-Mortem Generator ===
📈 Including 4 major league matches
🌍 Including 10 other league matches
Found 14 match(es) to process.

Processing: Huracan vs San Lorenzo
    ⚠ API quota exhausted, using web scraper...
  ⚠ Result not available yet

Processing: Alianza Valledupar vs Once Caldas
    ⚠ API quota exhausted, using web scraper...
  ⚠ Result not available yet

Processing: Nublense vs Deportes Limache
    ⚠ API quota exhausted, using web scraper...
  ⚠ Result not available yet

Processing: Malaga vs Cultural Leonesa
    ⚠ API quota exhausted, using web scraper...
  ⚠ Result not available yet

Processing: Platense vs Independiente
    ⚠ API quota exhausted, using web scraper...
  ⚠ Result not available yet

Processing: Sarmiento Junin vs Atletico Tucuman
    ⚠ API quota exhausted, using web scraper...
  ⚠ Result not available yet

Processing: Fortaleza FC vs America de Cali
    ⚠ API quota exhausted, using web scraper...
  ⚠ Result not available yet

Processing: KV Mechelen vs Antwerp
    ⚠ API quota exhausted, using web scraper...
  ⚠ Result not available yet

Processing: Club Brugge KV vs Standard Liege
    ⚠ API quota exhausted, using web scraper...
  ⚠ Result not available yet

Processing: Sporting Gijon vs Huesca
    ⚠ API quota exhausted, using web scraper...
  ⚠ Result not available yet

Processing: Sturm Graz vs Ried
    ⚠ API quota exhausted, using web scraper...
  ⚠ Result not available yet

Processing: 1. FC Köln vs RB Leipzig
    ⚠ API quota exhausted, using web scraper...
  ⚠ Result not available yet

Processing: Wolfsberger AC vs Grazer AK
    ⚠ API quota exhausted, using web scraper...
  ⚠ Result not available yet

Processing: SCR Altach vs FC BW Linz
    ⚠ API quota exhausted, using web scraper...
  ⚠ Result not available yet

============================================================

✓ Successfully processed: 0
⚠ Failed: 14

============================================================

📊 ACCUMULATOR ACCURACY STATISTICS

Total Predictions: 4
✅ Correct: 0 (0.0%)
❌ Incorrect: 0 (100.0%)
[Sun Feb  8 22:30:43 UTC 2026] Result fetch completed
[Sun Feb  8 23:00:01 UTC 2026] Starting result fetch...
[Sun Feb  8 23:00:01 UTC 2026] Starting result fetch...
=== SmartAcca Post-Mortem Generator ===
📈 Including 4 major league matches
🌍 Including 10 other league matches
Found 14 match(es) to process.

Processing: Huracan vs San Lorenzo
    ⚠ API quota exhausted, using web scraper...
  ⚠ Result not available yet

Processing: Alianza Valledupar vs Once Caldas
    ⚠ API quota exhausted, using web scraper...
  ⚠ Result not available yet

Processing: Nublense vs Deportes Limache
    ⚠ API quota exhausted, using web scraper...
  ⚠ Result not available yet

Processing: Malaga vs Cultural Leonesa
    ⚠ API quota exhausted, using web scraper...
  ⚠ Result not available yet

Processing: Platense vs Independiente
    ⚠ API quota exhausted, using web scraper...
  ⚠ Result not available yet

Processing: Sarmiento Junin vs Atletico Tucuman
    ⚠ API quota exhausted, using web scraper...
  ⚠ Result not available yet

Processing: Fortaleza FC vs America de Cali
    ⚠ API quota exhausted, using web scraper...
  ⚠ Result not available yet

Processing: KV Mechelen vs Antwerp
    ⚠ API quota exhausted, using web scraper...
  ⚠ Result not available yet

Processing: Club Brugge KV vs Standard Liege
    ⚠ API quota exhausted, using web scraper...
  ⚠ Result not available yet

Processing: Sporting Gijon vs Huesca
    ⚠ API quota exhausted, using web scraper...
  ⚠ Result not available yet

Processing: Sturm Graz vs Ried
    ⚠ API quota exhausted, using web scraper...
  ⚠ Result not available yet

Processing: 1. FC Köln vs RB Leipzig
    ⚠ API quota exhausted, using web scraper...
  ⚠ Result not available yet

Processing: Wolfsberger AC vs Grazer AK
    ⚠ API quota exhausted, using web scraper...
  ⚠ Result not available yet

Processing: SCR Altach vs FC BW Linz
    ⚠ API quota exhausted, using web scraper...
  ⚠ Result not available yet

============================================================

✓ Successfully processed: 0
⚠ Failed: 14

============================================================

📊 ACCUMULATOR ACCURACY STATISTICS

Total Predictions: 4
✅ Correct: 0 (0.0%)
❌ Incorrect: 0 (100.0%)
[Sun Feb  8 23:00:44 UTC 2026] Result fetch completed
=== SmartAcca Post-Mortem Generator ===
📈 Including 4 major league matches
🌍 Including 10 other league matches
Found 14 match(es) to process.

Processing: Huracan vs San Lorenzo
    ⚠ API quota exhausted, using web scraper...
  ⚠ Result not available yet

Processing: Alianza Valledupar vs Once Caldas
    ⚠ API quota exhausted, using web scraper...
  ⚠ Result not available yet

Processing: Nublense vs Deportes Limache
    ⚠ API quota exhausted, using web scraper...
  ⚠ Result not available yet

Processing: Malaga vs Cultural Leonesa
    ⚠ API quota exhausted, using web scraper...
  ⚠ Result not available yet

Processing: Platense vs Independiente
    ⚠ API quota exhausted, using web scraper...
  ⚠ Result not available yet

Processing: Sarmiento Junin vs Atletico Tucuman
    ⚠ API quota exhausted, using web scraper...
  ⚠ Result not available yet

Processing: Fortaleza FC vs America de Cali
    ⚠ API quota exhausted, using web scraper...
  ⚠ Result not available yet

Processing: KV Mechelen vs Antwerp
    ⚠ API quota exhausted, using web scraper...
  ⚠ Result not available yet

Processing: Club Brugge KV vs Standard Liege
    ⚠ API quota exhausted, using web scraper...
  ⚠ Result not available yet

Processing: Sporting Gijon vs Huesca
    ⚠ API quota exhausted, using web scraper...
  ⚠ Result not available yet

Processing: Sturm Graz vs Ried
    ⚠ API quota exhausted, using web scraper...
  ⚠ Result not available yet

Processing: 1. FC Köln vs RB Leipzig
    ⚠ API quota exhausted, using web scraper...
  ⚠ Result not available yet

Processing: Wolfsberger AC vs Grazer AK
    ⚠ API quota exhausted, using web scraper...
  ⚠ Result not available yet

Processing: SCR Altach vs FC BW Linz
    ⚠ API quota exhausted, using web scraper...
  ⚠ Result not available yet

============================================================

✓ Successfully processed: 0
⚠ Failed: 14

============================================================

📊 ACCUMULATOR ACCURACY STATISTICS

Total Predictions: 4
✅ Correct: 0 (0.0%)
❌ Incorrect: 0 (100.0%)
[Sun Feb  8 23:00:44 UTC 2026] Result fetch completed
[Sun Feb  8 23:30:01 UTC 2026] Starting result fetch...
[Sun Feb  8 23:30:01 UTC 2026] Starting result fetch...
=== SmartAcca Post-Mortem Generator ===
📈 Including 4 major league matches
🌍 Including 10 other league matches
Found 14 match(es) to process.

Processing: U. Catolica vs Concepción
    ⚠ API quota exhausted, using web scraper...
  ⚠ Result not available yet

Processing: Deportivo Cali vs Millonarios
    ⚠ API quota exhausted, using web scraper...
  ⚠ Result not available yet

Processing: Huracan vs San Lorenzo
    ⚠ API quota exhausted, using web scraper...
  ⚠ Result not available yet

Processing: Alianza Valledupar vs Once Caldas
    ⚠ API quota exhausted, using web scraper...
  ⚠ Result not available yet

Processing: Nublense vs Deportes Limache
    ⚠ API quota exhausted, using web scraper...
  ⚠ Result not available yet

Processing: Malaga vs Cultural Leonesa
    ⚠ API quota exhausted, using web scraper...
  ⚠ Result not available yet

Processing: Platense vs Independiente
    ⚠ API quota exhausted, using web scraper...
  ⚠ Result not available yet

Processing: Sarmiento Junin vs Atletico Tucuman
    ⚠ API quota exhausted, using web scraper...
  ⚠ Result not available yet

Processing: Fortaleza FC vs America de Cali
    ⚠ API quota exhausted, using web scraper...
  ⚠ Result not available yet

Processing: KV Mechelen vs Antwerp
    ⚠ API quota exhausted, using web scraper...
  ⚠ Result not available yet

Processing: Sturm Graz vs Ried
    ⚠ API quota exhausted, using web scraper...
  ⚠ Result not available yet

Processing: 1. FC Köln vs RB Leipzig
    ⚠ API quota exhausted, using web scraper...
  ⚠ Result not available yet

Processing: Wolfsberger AC vs Grazer AK
    ⚠ API quota exhausted, using web scraper...
  ⚠ Result not available yet

Processing: SCR Altach vs FC BW Linz
    ⚠ API quota exhausted, using web scraper...
  ⚠ Result not available yet

============================================================

✓ Successfully processed: 0
⚠ Failed: 14

============================================================

📊 ACCUMULATOR ACCURACY STATISTICS

Total Predictions: 4
✅ Correct: 0 (0.0%)
❌ Incorrect: 0 (100.0%)
[Sun Feb  8 23:30:43 UTC 2026] Result fetch completed
=== SmartAcca Post-Mortem Generator ===
📈 Including 4 major league matches
🌍 Including 10 other league matches
Found 14 match(es) to process.

Processing: U. Catolica vs Concepción
    ⚠ API quota exhausted, using web scraper...
  ⚠ Result not available yet

Processing: Deportivo Cali vs Millonarios
    ⚠ API quota exhausted, using web scraper...
  ⚠ Result not available yet

Processing: Huracan vs San Lorenzo
    ⚠ API quota exhausted, using web scraper...
  ⚠ Result not available yet

Processing: Alianza Valledupar vs Once Caldas
    ⚠ API quota exhausted, using web scraper...
  ⚠ Result not available yet

Processing: Nublense vs Deportes Limache
    ⚠ API quota exhausted, using web scraper...
  ⚠ Result not available yet

Processing: Malaga vs Cultural Leonesa
    ⚠ API quota exhausted, using web scraper...
  ⚠ Result not available yet

Processing: Platense vs Independiente
    ⚠ API quota exhausted, using web scraper...
  ⚠ Result not available yet

Processing: Sarmiento Junin vs Atletico Tucuman
    ⚠ API quota exhausted, using web scraper...
  ⚠ Result not available yet

Processing: Fortaleza FC vs America de Cali
    ⚠ API quota exhausted, using web scraper...
  ⚠ Result not available yet

Processing: KV Mechelen vs Antwerp
    ⚠ API quota exhausted, using web scraper...
  ⚠ Result not available yet

Processing: Sturm Graz vs Ried
    ⚠ API quota exhausted, using web scraper...
  ⚠ Result not available yet

Processing: 1. FC Köln vs RB Leipzig
    ⚠ API quota exhausted, using web scraper...
  ⚠ Result not available yet

Processing: Wolfsberger AC vs Grazer AK
    ⚠ API quota exhausted, using web scraper...
  ⚠ Result not available yet

Processing: SCR Altach vs FC BW Linz
    ⚠ API quota exhausted, using web scraper...
  ⚠ Result not available yet

============================================================

✓ Successfully processed: 0
⚠ Failed: 14

============================================================

📊 ACCUMULATOR ACCURACY STATISTICS

Total Predictions: 4
✅ Correct: 0 (0.0%)
❌ Incorrect: 0 (100.0%)
[Sun Feb  8 23:30:45 UTC 2026] Result fetch completed
[Mon Feb  9 00:00:01 UTC 2026] Starting result fetch...
[Mon Feb  9 00:00:01 UTC 2026] Starting result fetch...
=== SmartAcca Post-Mortem Generator ===
📈 Including 4 major league matches
🌍 Including 10 other league matches
Found 14 match(es) to process.

Processing: U. Catolica vs Concepción
  ⚠ Result not available yet

Processing: Deportivo Cali vs Millonarios
  ⚠ Result not available yet

Processing: Huracan vs San Lorenzo
  ⚠ Result not available yet

Processing: Alianza Valledupar vs Once Caldas
  ⚠ Result not available yet

Processing: Nublense vs Deportes Limache
  ⚠ Result not available yet

Processing: Malaga vs Cultural Leonesa
  ⚠ Result not available yet

Processing: Platense vs Independiente
  ⚠ Result not available yet

Processing: Sarmiento Junin vs Atletico Tucuman
  ⚠ Result not available yet

Processing: Fortaleza FC vs America de Cali
  ⚠ Result not available yet

Processing: KV Mechelen vs Antwerp
  ⚠ Result not available yet

Processing: Sturm Graz vs Ried
  ⚠ Result not available yet

Processing: 1. FC Köln vs RB Leipzig
  ⚠ Result not available yet

Processing: Wolfsberger AC vs Grazer AK
  ⚠ Result not available yet

Processing: SCR Altach vs FC BW Linz
  ⚠ Result not available yet

============================================================

✓ Successfully processed: 0
⚠ Failed: 14

============================================================

📊 ACCUMULATOR ACCURACY STATISTICS

Total Predictions: 4
✅ Correct: 0 (0.0%)
❌ Incorrect: 0 (100.0%)
=== SmartAcca Post-Mortem Generator ===
📈 Including 4 major league matches
🌍 Including 10 other league matches
Found 14 match(es) to process.

Processing: U. Catolica vs Concepción
  ⚠ Result not available yet

Processing: Deportivo Cali vs Millonarios
  ⚠ Result not available yet

Processing: Huracan vs San Lorenzo
  ⚠ Result not available yet

Processing: Alianza Valledupar vs Once Caldas
  ⚠ Result not available yet

Processing: Nublense vs Deportes Limache
  ⚠ Result not available yet

Processing: Malaga vs Cultural Leonesa
  ⚠ Result not available yet

Processing: Platense vs Independiente
  ⚠ Result not available yet

Processing: Sarmiento Junin vs Atletico Tucuman
  ⚠ Result not available yet

Processing: Fortaleza FC vs America de Cali
  ⚠ Result not available yet

Processing: KV Mechelen vs Antwerp
  ⚠ Result not available yet

Processing: Sturm Graz vs Ried
  ⚠ Result not available yet

Processing: 1. FC Köln vs RB Leipzig
  ⚠ Result not available yet

Processing: Wolfsberger AC vs Grazer AK
  ⚠ Result not available yet

Processing: SCR Altach vs FC BW Linz
  ⚠ Result not available yet

============================================================

✓ Successfully processed: 0
⚠ Failed: 14

============================================================

📊 ACCUMULATOR ACCURACY STATISTICS

Total Predictions: 4
✅ Correct: 0 (0.0%)
❌ Incorrect: 0 (100.0%)
[Mon Feb  9 00:00:23 UTC 2026] Result fetch completed
[Mon Feb  9 00:00:23 UTC 2026] Result fetch completed
[Mon Feb  9 00:30:01 UTC 2026] Starting result fetch...
[Mon Feb  9 00:30:01 UTC 2026] Starting result fetch...
=== SmartAcca Post-Mortem Generator ===
📈 Including 4 major league matches
🌍 Including 10 other league matches
Found 14 match(es) to process.

Processing: U. Catolica vs Concepción
  Result: U. Catolica 0 - 0 Concepción (HT)

Processing: Deportivo Cali vs Millonarios
  Result: Deportivo Cali 0 - 0 Millonarios (HT)

Processing: Huracan vs San Lorenzo
  Result: Huracan 1 - 0 San Lorenzo (FT)
  Prediction: ❌ UNKNOWN

Processing: Alianza Valledupar vs Once Caldas
  Result: Alianza Valledupar 1 - 1 Once Caldas (FT)
  Prediction: ❌ UNKNOWN

Processing: Nublense vs Deportes Limache
  Result: Nublense 1 - 1 Deportes Limache (FT)
  Prediction: ❌ UNKNOWN

Processing: Malaga vs Cultural Leonesa
  ⚠ Result not available yet

Processing: Platense vs Independiente
  ⚠ Result not available yet

Processing: Sarmiento Junin vs Atletico Tucuman
  ⚠ Result not available yet

Processing: Fortaleza FC vs America de Cali
  ⚠ Result not available yet

Processing: KV Mechelen vs Antwerp
  ⚠ Result not available yet

Processing: Sturm Graz vs Ried
  ⚠ Result not available yet

Processing: 1. FC Köln vs RB Leipzig
  ⚠ Result not available yet

Processing: Wolfsberger AC vs Grazer AK
  ⚠ Result not available yet

Processing: SCR Altach vs FC BW Linz
  ⚠ Result not available yet

============================================================

✓ Successfully processed: 5
⚠ Failed: 9

============================================================

📊 ACCUMULATOR ACCURACY STATISTICS

Total Predictions: 4
✅ Correct: 0 (0.0%)
❌ Incorrect: 0 (100.0%)
=== SmartAcca Post-Mortem Generator ===
📈 Including 4 major league matches
🌍 Including 10 other league matches
Found 14 match(es) to process.

Processing: U. Catolica vs Concepción
  Result: U. Catolica 0 - 0 Concepción (HT)

Processing: Deportivo Cali vs Millonarios
  Result: Deportivo Cali 0 - 0 Millonarios (HT)

Processing: Huracan vs San Lorenzo
  Result: Huracan 1 - 0 San Lorenzo (FT)
  Prediction: ❌ UNKNOWN

Processing: Alianza Valledupar vs Once Caldas
  Result: Alianza Valledupar 1 - 1 Once Caldas (FT)
  Prediction: ❌ UNKNOWN

Processing: Nublense vs Deportes Limache
  Result: Nublense 1 - 1 Deportes Limache (FT)
  Prediction: ❌ UNKNOWN

Processing: Malaga vs Cultural Leonesa
  ⚠ Result not available yet

Processing: Platense vs Independiente
  ⚠ Result not available yet

Processing: Sarmiento Junin vs Atletico Tucuman
  ⚠ Result not available yet

Processing: Fortaleza FC vs America de Cali
  ⚠ Result not available yet

Processing: KV Mechelen vs Antwerp
  ⚠ Result not available yet

Processing: Sturm Graz vs Ried
  ⚠ Result not available yet

Processing: 1. FC Köln vs RB Leipzig
  ⚠ Result not available yet

Processing: Wolfsberger AC vs Grazer AK
  ⚠ Result not available yet

Processing: SCR Altach vs FC BW Linz
  ⚠ Result not available yet

============================================================

✓ Successfully processed: 5
⚠ Failed: 9

============================================================

📊 ACCUMULATOR ACCURACY STATISTICS

Total Predictions: 4
✅ Correct: 0 (0.0%)
❌ Incorrect: 0 (100.0%)
[Mon Feb  9 00:30:22 UTC 2026] Result fetch completed
[Mon Feb  9 00:30:22 UTC 2026] Result fetch completed
[Mon Feb  9 01:00:02 UTC 2026] Starting result fetch...
[Mon Feb  9 01:00:02 UTC 2026] Starting result fetch...
=== SmartAcca Post-Mortem Generator ===
📈 Including 4 major league matches
🌍 Including 10 other league matches
Found 14 match(es) to process.

Processing: U. Catolica vs Concepción
  Result: U. Catolica 1 - 0 Concepción (2H)

Processing: Deportivo Cali vs Millonarios
  Result: Deportivo Cali 0 - 0 Millonarios (2H)

Processing: Malaga vs Cultural Leonesa
  Result: Malaga 2 - 1 Cultural Leonesa (FT)
  Prediction: ❌ UNKNOWN

Processing: Platense vs Independiente
  ⚠ Result not available yet

Processing: Sarmiento Junin vs Atletico Tucuman
  ⚠ Result not available yet

Processing: Fortaleza FC vs America de Cali
  ⚠ Result not available yet

Processing: KV Mechelen vs Antwerp
  ⚠ Result not available yet

Processing: Club Brugge KV vs Standard Liege
  ⚠ Result not available yet

Processing: Sporting Gijon vs Huesca
  ⚠ Result not available yet

Processing: Beşiktaş vs Alanyaspor
  ⚠ Result not available yet

Processing: Sturm Graz vs Ried
  ⚠ Result not available yet

Processing: 1. FC Köln vs RB Leipzig
  ⚠ Result not available yet

Processing: Wolfsberger AC vs Grazer AK
  ⚠ Result not available yet

Processing: SCR Altach vs FC BW Linz
  ⚠ Result not available yet

============================================================

✓ Successfully processed: 3
⚠ Failed: 11

============================================================

📊 ACCUMULATOR ACCURACY STATISTICS

Total Predictions: 4
✅ Correct: 0 (0.0%)
❌ Incorrect: 0 (100.0%)
[Mon Feb  9 01:00:25 UTC 2026] Result fetch completed
=== SmartAcca Post-Mortem Generator ===
📈 Including 4 major league matches
🌍 Including 10 other league matches
Found 14 match(es) to process.

Processing: U. Catolica vs Concepción
  Result: U. Catolica 1 - 0 Concepción (2H)

Processing: Deportivo Cali vs Millonarios
  Result: Deportivo Cali 0 - 0 Millonarios (2H)

Processing: Malaga vs Cultural Leonesa
  Result: Malaga 2 - 1 Cultural Leonesa (FT)
  Prediction: ❌ UNKNOWN

Processing: Platense vs Independiente
  ⚠ Result not available yet

Processing: Sarmiento Junin vs Atletico Tucuman
  ⚠ Result not available yet

Processing: Fortaleza FC vs America de Cali
  ⚠ Result not available yet

Processing: KV Mechelen vs Antwerp
  ⚠ Result not available yet

Processing: Club Brugge KV vs Standard Liege
  ⚠ Result not available yet

Processing: Sporting Gijon vs Huesca
  ⚠ Result not available yet

Processing: Beşiktaş vs Alanyaspor
  ⚠ Result not available yet

Processing: Sturm Graz vs Ried
  ⚠ Result not available yet

Processing: 1. FC Köln vs RB Leipzig
  ⚠ Result not available yet

Processing: Wolfsberger AC vs Grazer AK
  ⚠ Result not available yet

Processing: SCR Altach vs FC BW Linz
  ⚠ Result not available yet

============================================================

✓ Successfully processed: 3
⚠ Failed: 11

============================================================

📊 ACCUMULATOR ACCURACY STATISTICS

Total Predictions: 4
✅ Correct: 0 (0.0%)
❌ Incorrect: 0 (100.0%)
[Mon Feb  9 01:00:26 UTC 2026] Result fetch completed
[Mon Feb  9 01:30:02 UTC 2026] Starting result fetch...
[Mon Feb  9 01:30:02 UTC 2026] Starting result fetch...
=== SmartAcca Post-Mortem Generator ===
📈 Including 4 major league matches
🌍 Including 10 other league matches
Found 14 match(es) to process.

Processing: U. Catolica vs Concepción
  Result: U. Catolica 2 - 0 Concepción (FT)
  Prediction: ❌ UNKNOWN

Processing: Deportivo Cali vs Millonarios
  Result: Deportivo Cali 0 - 0 Millonarios (FT)
  Prediction: ❌ UNKNOWN

Processing: Sarmiento Junin vs Atletico Tucuman
  Result: Sarmiento Junin 2 - 1 Atletico Tucuman (FT)
  Prediction: ❌ UNKNOWN

Processing: Fortaleza FC vs America de Cali
  Result: Fortaleza FC None - None America de Cali (PST)

Processing: KV Mechelen vs Antwerp
  Result: KV Mechelen 2 - 0 Antwerp (FT)
  Prediction: ❌ UNKNOWN

Processing: Club Brugge KV vs Standard Liege
  ⚠ Result not available yet

Processing: Sporting Gijon vs Huesca
  ⚠ Result not available yet

Processing: Beşiktaş vs Alanyaspor
  ⚠ Result not available yet

Processing: Brondby vs Randers FC
  ⚠ Result not available yet

Processing: Sturm Graz vs Ried
  ⚠ Result not available yet

Processing: FC Basel 1893 vs FC Zurich
  ⚠ Result not available yet

Processing: 1. FC Köln vs RB Leipzig
  ⚠ Result not available yet

Processing: Wolfsberger AC vs Grazer AK
  ⚠ Result not available yet

Processing: SCR Altach vs FC BW Linz
  ⚠ Result not available yet

============================================================

✓ Successfully processed: 5
⚠ Failed: 9

============================================================

📊 ACCUMULATOR ACCURACY STATISTICS

Total Predictions: 4
✅ Correct: 0 (0.0%)
❌ Incorrect: 0 (100.0%)
=== SmartAcca Post-Mortem Generator ===
📈 Including 4 major league matches
🌍 Including 10 other league matches
Found 14 match(es) to process.

Processing: U. Catolica vs Concepción
  Result: U. Catolica 2 - 0 Concepción (FT)
  Prediction: ❌ UNKNOWN

Processing: Deportivo Cali vs Millonarios
  Result: Deportivo Cali 0 - 0 Millonarios (FT)
  Prediction: ❌ UNKNOWN

Processing: Sarmiento Junin vs Atletico Tucuman
  Result: Sarmiento Junin 2 - 1 Atletico Tucuman (FT)
  Prediction: ❌ UNKNOWN

Processing: Fortaleza FC vs America de Cali
  Result: Fortaleza FC None - None America de Cali (PST)

Processing: KV Mechelen vs Antwerp
  Result: KV Mechelen 2 - 0 Antwerp (FT)
  Prediction: ❌ UNKNOWN

Processing: Club Brugge KV vs Standard Liege
  ⚠ Result not available yet

Processing: Sporting Gijon vs Huesca
  ⚠ Result not available yet

Processing: Beşiktaş vs Alanyaspor
  ⚠ Result not available yet

Processing: Brondby vs Randers FC
  ⚠ Result not available yet

Processing: Sturm Graz vs Ried
  ⚠ Result not available yet

Processing: FC Basel 1893 vs FC Zurich
  ⚠ Result not available yet

Processing: 1. FC Köln vs RB Leipzig
  ⚠ Result not available yet

Processing: Wolfsberger AC vs Grazer AK
  ⚠ Result not available yet

Processing: SCR Altach vs FC BW Linz
  ⚠ Result not available yet

============================================================

✓ Successfully processed: 5
⚠ Failed: 9

============================================================

📊 ACCUMULATOR ACCURACY STATISTICS

Total Predictions: 4
✅ Correct: 0 (0.0%)
❌ Incorrect: 0 (100.0%)
[Mon Feb  9 01:30:23 UTC 2026] Result fetch completed
[Mon Feb  9 01:30:23 UTC 2026] Result fetch completed
[Mon Feb  9 02:00:01 UTC 2026] Starting result fetch...
[Mon Feb  9 02:00:01 UTC 2026] Starting result fetch...
=== SmartAcca Post-Mortem Generator ===
📈 Including 4 major league matches
🌍 Including 10 other league matches
Found 14 match(es) to process.

Processing: Fortaleza FC vs America de Cali
  Result: Fortaleza FC None - None America de Cali (PST)

Processing: Club Brugge KV vs Standard Liege
  Result: Club Brugge KV 3 - 0 Standard Liege (FT)
  Prediction: ❌ UNKNOWN

Processing: Sporting Gijon vs Huesca
  Result: Sporting Gijon 2 - 1 Huesca (FT)
  Prediction: ❌ UNKNOWN

Processing: Beşiktaş vs Alanyaspor
  ⚠ Result not available yet

Processing: Brondby vs Randers FC
  ⚠ Result not available yet

Processing: Sturm Graz vs Ried
  ⚠ Result not available yet

Processing: FC Basel 1893 vs FC Zurich
  ⚠ Result not available yet

Processing: Lausanne vs FC ST. Gallen
  ⚠ Result not available yet

Processing: Cadiz vs Almeria
  ⚠ Result not available yet

Processing: AD Ceuta FC vs Cordoba
  ⚠ Result not available yet

Processing: Deportivo La Coruna vs Albacete
  ⚠ Result not available yet

Processing: 1. FC Köln vs RB Leipzig
  ⚠ Result not available yet

Processing: Wolfsberger AC vs Grazer AK
  ⚠ Result not available yet

Processing: SCR Altach vs FC BW Linz
  ⚠ Result not available yet

============================================================

✓ Successfully processed: 3
⚠ Failed: 11

============================================================

📊 ACCUMULATOR ACCURACY STATISTICS

Total Predictions: 4
✅ Correct: 0 (0.0%)
❌ Incorrect: 0 (100.0%)
[Mon Feb  9 02:00:25 UTC 2026] Result fetch completed
=== SmartAcca Post-Mortem Generator ===
📈 Including 4 major league matches
🌍 Including 10 other league matches
Found 14 match(es) to process.

Processing: Fortaleza FC vs America de Cali
  Result: Fortaleza FC None - None America de Cali (PST)

Processing: Club Brugge KV vs Standard Liege
  Result: Club Brugge KV 3 - 0 Standard Liege (FT)
  Prediction: ❌ UNKNOWN

Processing: Sporting Gijon vs Huesca
  Result: Sporting Gijon 2 - 1 Huesca (FT)
  Prediction: ❌ UNKNOWN

Processing: Beşiktaş vs Alanyaspor
  ⚠ Result not available yet

Processing: Brondby vs Randers FC
  ⚠ Result not available yet

Processing: Sturm Graz vs Ried
  ⚠ Result not available yet

Processing: FC Basel 1893 vs FC Zurich
  ⚠ Result not available yet

Processing: Lausanne vs FC ST. Gallen
  ⚠ Result not available yet

Processing: Cadiz vs Almeria
  ⚠ Result not available yet

Processing: AD Ceuta FC vs Cordoba
  ⚠ Result not available yet

Processing: Deportivo La Coruna vs Albacete
  ⚠ Result not available yet

Processing: 1. FC Köln vs RB Leipzig
  ⚠ Result not available yet

Processing: Wolfsberger AC vs Grazer AK
  ⚠ Result not available yet

Processing: SCR Altach vs FC BW Linz
  ⚠ Result not available yet

============================================================

✓ Successfully processed: 3
⚠ Failed: 11

============================================================

📊 ACCUMULATOR ACCURACY STATISTICS

Total Predictions: 4
✅ Correct: 0 (0.0%)
❌ Incorrect: 0 (100.0%)
[Mon Feb  9 02:00:25 UTC 2026] Result fetch completed
[Mon Feb  9 02:30:01 UTC 2026] Starting result fetch...
[Mon Feb  9 02:30:02 UTC 2026] Starting result fetch...
=== SmartAcca Post-Mortem Generator ===
📈 Including 4 major league matches
🌍 Including 10 other league matches
Found 14 match(es) to process.

Processing: Fortaleza FC vs America de Cali
  Result: Fortaleza FC None - None America de Cali (PST)

Processing: Brondby vs Randers FC
  Result: Brondby 0 - 0 Randers FC (FT)
  Prediction: ❌ UNKNOWN

Processing: Sturm Graz vs Ried
  Result: Sturm Graz 1 - 0 Ried (FT)
  Prediction: ❌ LOSS

Processing: FC Basel 1893 vs FC Zurich
  Result: FC Basel 1893 2 - 1 FC Zurich (FT)
  Prediction: ❌ UNKNOWN

Processing: Lausanne vs FC ST. Gallen
  Result: Lausanne 1 - 1 FC ST. Gallen (FT)
  Prediction: ❌ UNKNOWN

Processing: Cadiz vs Almeria
  ⚠ Result not available yet

Processing: AD Ceuta FC vs Cordoba
  ⚠ Result not available yet

Processing: Deportivo La Coruna vs Albacete
  ⚠ Result not available yet

Processing: Union St. Gilloise vs RAAL La Louvière
  ⚠ Result not available yet

Processing: FC Midtjylland vs FC Copenhagen
  ⚠ Result not available yet

Processing: Huachipato vs Universidad de Chile
  ⚠ Result not available yet

Processing: 1. FC Köln vs RB Leipzig
  ⚠ Result not available yet

Processing: Wolfsberger AC vs Grazer AK
  ⚠ Result not available yet

Processing: SCR Altach vs FC BW Linz
  ⚠ Result not available yet

============================================================

✓ Successfully processed: 5
⚠ Failed: 9

============================================================

📊 ACCUMULATOR ACCURACY STATISTICS

Total Predictions: 4
✅ Correct: 0 (0.0%)
❌ Incorrect: 0 (100.0%)
=== SmartAcca Post-Mortem Generator ===
📈 Including 4 major league matches
🌍 Including 10 other league matches
Found 14 match(es) to process.

Processing: Fortaleza FC vs America de Cali
  Result: Fortaleza FC None - None America de Cali (PST)

Processing: Brondby vs Randers FC
  Result: Brondby 0 - 0 Randers FC (FT)
  Prediction: ❌ UNKNOWN

Processing: Sturm Graz vs Ried
  Result: Sturm Graz 1 - 0 Ried (FT)
  Prediction: ❌ LOSS

Processing: FC Basel 1893 vs FC Zurich
  Result: FC Basel 1893 2 - 1 FC Zurich (FT)
  Prediction: ❌ UNKNOWN

Processing: Lausanne vs FC ST. Gallen
  Result: Lausanne 1 - 1 FC ST. Gallen (FT)
  Prediction: ❌ UNKNOWN

Processing: Cadiz vs Almeria
  ⚠ Result not available yet

Processing: AD Ceuta FC vs Cordoba
  ⚠ Result not available yet

Processing: Deportivo La Coruna vs Albacete
  ⚠ Result not available yet

Processing: Union St. Gilloise vs RAAL La Louvière
  ⚠ Result not available yet

Processing: FC Midtjylland vs FC Copenhagen
  ⚠ Result not available yet

Processing: Huachipato vs Universidad de Chile
  ⚠ Result not available yet

Processing: 1. FC Köln vs RB Leipzig
  ⚠ Result not available yet

Processing: Wolfsberger AC vs Grazer AK
  ⚠ Result not available yet

Processing: SCR Altach vs FC BW Linz
  ⚠ Result not available yet

============================================================

✓ Successfully processed: 5
⚠ Failed: 9

============================================================

📊 ACCUMULATOR ACCURACY STATISTICS

Total Predictions: 4
✅ Correct: 0 (0.0%)
❌ Incorrect: 0 (100.0%)
[Mon Feb  9 02:30:22 UTC 2026] Result fetch completed
[Mon Feb  9 02:30:22 UTC 2026] Result fetch completed
[Mon Feb  9 03:00:02 UTC 2026] Starting result fetch...
[Mon Feb  9 03:00:02 UTC 2026] Starting result fetch...
=== SmartAcca Post-Mortem Generator ===
📈 Including 3 major league matches
🌍 Including 10 other league matches
Found 13 match(es) to process.

Processing: Fortaleza FC vs America de Cali
  Result: Fortaleza FC None - None America de Cali (PST)

Processing: Cadiz vs Almeria
  Result: Cadiz 1 - 2 Almeria (FT)
  Prediction: ❌ UNKNOWN

Processing: AD Ceuta FC vs Cordoba
  Result: AD Ceuta FC None - None Cordoba (PST)

Processing: Deportivo La Coruna vs Albacete
  Result: Deportivo La Coruna 2 - 1 Albacete (FT)
  Prediction: ❌ UNKNOWN

Processing: Union St. Gilloise vs RAAL La Louvière
  ⚠ Result not available yet

Processing: FC Midtjylland vs FC Copenhagen
  ⚠ Result not available yet

Processing: Huachipato vs Universidad de Chile
  ⚠ Result not available yet

Processing: 1. FC Köln vs RB Leipzig
  ⚠ Result not available yet

Processing: Konyaspor vs Göztepe
  ⚠ Result not available yet

Processing: Rizespor vs Galatasaray
  ⚠ Result not available yet

Processing: Wolfsberger AC vs Grazer AK
  ⚠ Result not available yet

Processing: SCR Altach vs FC BW Linz
  ⚠ Result not available yet

Processing: Valladolid vs Castellón
  ⚠ Result not available yet

============================================================

✓ Successfully processed: 4
⚠ Failed: 9

============================================================

📊 ACCUMULATOR ACCURACY STATISTICS

Total Predictions: 4
✅ Correct: 0 (0.0%)
❌ Incorrect: 0 (100.0%)
[Mon Feb  9 03:00:26 UTC 2026] Result fetch completed
=== SmartAcca Post-Mortem Generator ===
📈 Including 3 major league matches
🌍 Including 10 other league matches
Found 13 match(es) to process.

Processing: Fortaleza FC vs America de Cali
  Result: Fortaleza FC None - None America de Cali (PST)

Processing: Cadiz vs Almeria
  Result: Cadiz 1 - 2 Almeria (FT)
  Prediction: ❌ UNKNOWN

Processing: AD Ceuta FC vs Cordoba
  Result: AD Ceuta FC None - None Cordoba (PST)

Processing: Deportivo La Coruna vs Albacete
  ⚠ Result not available yet

Processing: Union St. Gilloise vs RAAL La Louvière
  ⚠ Result not available yet

Processing: FC Midtjylland vs FC Copenhagen
  ⚠ Result not available yet

Processing: Huachipato vs Universidad de Chile
  ⚠ Result not available yet

Processing: 1. FC Köln vs RB Leipzig
  ⚠ Result not available yet

Processing: Konyaspor vs Göztepe
  ⚠ Result not available yet

Processing: Rizespor vs Galatasaray
  ⚠ Result not available yet

Processing: Wolfsberger AC vs Grazer AK
  ⚠ Result not available yet

Processing: SCR Altach vs FC BW Linz
  ⚠ Result not available yet

Processing: Valladolid vs Castellón
  ⚠ Result not available yet

============================================================

✓ Successfully processed: 3
⚠ Failed: 10

============================================================

📊 ACCUMULATOR ACCURACY STATISTICS

Total Predictions: 4
✅ Correct: 0 (0.0%)
❌ Incorrect: 0 (100.0%)
[Mon Feb  9 03:00:27 UTC 2026] Result fetch completed
[Mon Feb  9 03:30:01 UTC 2026] Starting result fetch...
[Mon Feb  9 03:30:01 UTC 2026] Starting result fetch...
=== SmartAcca Post-Mortem Generator ===
📈 Including 3 major league matches
🌍 Including 10 other league matches
Found 13 match(es) to process.

Processing: Fortaleza FC vs America de Cali
  Result: Fortaleza FC None - None America de Cali (PST)

Processing: AD Ceuta FC vs Cordoba
  Result: AD Ceuta FC None - None Cordoba (PST)

Processing: Union St. Gilloise vs RAAL La Louvière
  Result: Union St. Gilloise 2 - 1 RAAL La Louvière (FT)
  Prediction: ❌ UNKNOWN

Processing: FC Midtjylland vs FC Copenhagen
  Result: FC Midtjylland 2 - 1 FC Copenhagen (FT)
  Prediction: ❌ UNKNOWN

Processing: Huachipato vs Universidad de Chile
  Result: Huachipato 2 - 1 Universidad de Chile (FT)
  Prediction: ❌ UNKNOWN

Processing: 1. FC Köln vs RB Leipzig
  ⚠ Result not available yet

Processing: Konyaspor vs Göztepe
  ⚠ Result not available yet

Processing: Rizespor vs Galatasaray
  ⚠ Result not available yet

Processing: Wolfsberger AC vs Grazer AK
  ⚠ Result not available yet

Processing: SCR Altach vs FC BW Linz
  ⚠ Result not available yet

Processing: Valladolid vs Castellón
  ⚠ Result not available yet

Processing: FC Nordsjaelland vs Sonderjyske
  ⚠ Result not available yet

Processing: Silkeborg vs Viborg
  ⚠ Result not available yet

============================================================

✓ Successfully processed: 5
⚠ Failed: 8

============================================================

📊 ACCUMULATOR ACCURACY STATISTICS

Total Predictions: 4
✅ Correct: 0 (0.0%)
❌ Incorrect: 0 (100.0%)
=== SmartAcca Post-Mortem Generator ===
📈 Including 3 major league matches
🌍 Including 10 other league matches
Found 13 match(es) to process.

Processing: Fortaleza FC vs America de Cali
  Result: Fortaleza FC None - None America de Cali (PST)

Processing: AD Ceuta FC vs Cordoba
  Result: AD Ceuta FC None - None Cordoba (PST)

Processing: Union St. Gilloise vs RAAL La Louvière
  Result: Union St. Gilloise 2 - 1 RAAL La Louvière (FT)
  Prediction: ❌ UNKNOWN

Processing: FC Midtjylland vs FC Copenhagen
  Result: FC Midtjylland 2 - 1 FC Copenhagen (FT)
  Prediction: ❌ UNKNOWN

Processing: Huachipato vs Universidad de Chile
  Result: Huachipato 2 - 1 Universidad de Chile (FT)
  Prediction: ❌ UNKNOWN

Processing: 1. FC Köln vs RB Leipzig
  Result: 1. FC Köln 1 - 2 RB Leipzig (FT)
  Prediction: ✅ WIN

Processing: Konyaspor vs Göztepe
  ⚠ Result not available yet

Processing: Rizespor vs Galatasaray
  ⚠ Result not available yet

Processing: Wolfsberger AC vs Grazer AK
  ⚠ Result not available yet

Processing: SCR Altach vs FC BW Linz
  ⚠ Result not available yet

Processing: Valladolid vs Castellón
  ⚠ Result not available yet

Processing: FC Nordsjaelland vs Sonderjyske
  ⚠ Result not available yet

Processing: Silkeborg vs Viborg
  ⚠ Result not available yet

============================================================

✓ Successfully processed: 6
⚠ Failed: 7

============================================================

📊 ACCUMULATOR ACCURACY STATISTICS

Total Predictions: 4
✅ Correct: 0 (0.0%)
❌ Incorrect: 0 (100.0%)
[Mon Feb  9 03:30:21 UTC 2026] Result fetch completed
[Mon Feb  9 03:30:21 UTC 2026] Result fetch completed
[Mon Feb  9 04:00:01 UTC 2026] Starting result fetch...
[Mon Feb  9 04:00:01 UTC 2026] Starting result fetch...
=== SmartAcca Post-Mortem Generator ===
📈 Including 2 major league matches
🌍 Including 10 other league matches
Found 12 match(es) to process.

Processing: Fortaleza FC vs America de Cali
  Result: Fortaleza FC None - None America de Cali (PST)

Processing: AD Ceuta FC vs Cordoba
  Result: AD Ceuta FC None - None Cordoba (PST)

Processing: Konyaspor vs Göztepe
  Result: Konyaspor 0 - 0 Göztepe (FT)
  Prediction: ❌ UNKNOWN

Processing: Rizespor vs Galatasaray
  ⚠ Result not available yet

Processing: Wolfsberger AC vs Grazer AK
  ⚠ Result not available yet

Processing: SCR Altach vs FC BW Linz
  ⚠ Result not available yet

Processing: Valladolid vs Castellón
  ⚠ Result not available yet

Processing: FC Nordsjaelland vs Sonderjyske
  ⚠ Result not available yet

Processing: Silkeborg vs Viborg
  ⚠ Result not available yet

Processing: Servette FC vs FC Thun
  ⚠ Result not available yet

Processing: Genk vs Anderlecht
  ⚠ Result not available yet

Processing: Eyüpspor vs Başakşehir
  ⚠ Result not available yet

============================================================

✓ Successfully processed: 3
⚠ Failed: 9

============================================================

📊 ACCUMULATOR ACCURACY STATISTICS

Total Predictions: 4
✅ Correct: 0 (0.0%)
❌ Incorrect: 0 (100.0%)
=== SmartAcca Post-Mortem Generator ===
📈 Including 2 major league matches
🌍 Including 10 other league matches
Found 12 match(es) to process.

Processing: Fortaleza FC vs America de Cali
  Result: Fortaleza FC None - None America de Cali (PST)

Processing: AD Ceuta FC vs Cordoba
  Result: AD Ceuta FC None - None Cordoba (PST)

Processing: Konyaspor vs Göztepe
  Result: Konyaspor 0 - 0 Göztepe (FT)
  Prediction: ❌ UNKNOWN

Processing: Rizespor vs Galatasaray
  ⚠ Result not available yet

Processing: Wolfsberger AC vs Grazer AK
  ⚠ Result not available yet

Processing: SCR Altach vs FC BW Linz
  ⚠ Result not available yet

Processing: Valladolid vs Castellón
  ⚠ Result not available yet

Processing: FC Nordsjaelland vs Sonderjyske
  ⚠ Result not available yet

Processing: Silkeborg vs Viborg
  ⚠ Result not available yet

Processing: Servette FC vs FC Thun
  ⚠ Result not available yet

Processing: Genk vs Anderlecht
  ⚠ Result not available yet

Processing: Eyüpspor vs Başakşehir
  ⚠ Result not available yet

============================================================

✓ Successfully processed: 3
⚠ Failed: 9

============================================================

📊 ACCUMULATOR ACCURACY STATISTICS

Total Predictions: 4
✅ Correct: 0 (0.0%)
❌ Incorrect: 0 (100.0%)
[Mon Feb  9 04:00:22 UTC 2026] Result fetch completed
[Mon Feb  9 04:00:23 UTC 2026] Result fetch completed
[Mon Feb  9 04:30:01 UTC 2026] Starting result fetch...
[Mon Feb  9 04:30:01 UTC 2026] Starting result fetch...
=== SmartAcca Post-Mortem Generator ===
📈 Including 2 major league matches
🌍 Including 10 other league matches
Found 12 match(es) to process.

Processing: Fortaleza FC vs America de Cali
  Result: Fortaleza FC None - None America de Cali (PST)

Processing: AD Ceuta FC vs Cordoba
  Result: AD Ceuta FC None - None Cordoba (PST)

Processing: Wolfsberger AC vs Grazer AK
  Result: Wolfsberger AC 2 - 2 Grazer AK (FT)
  Prediction: ❌ LOSS

Processing: SCR Altach vs FC BW Linz
  Result: SCR Altach 1 - 0 FC BW Linz (FT)
  Prediction: ✅ WIN

Processing: Valladolid vs Castellón
  Result: Valladolid 0 - 4 Castellón (FT)
  Prediction: ❌ UNKNOWN

Processing: FC Nordsjaelland vs Sonderjyske
  ⚠ Result not available yet

Processing: Silkeborg vs Viborg
  ⚠ Result not available yet

Processing: Servette FC vs FC Thun
  ⚠ Result not available yet

Processing: Genk vs Anderlecht
  ⚠ Result not available yet

Processing: Eyüpspor vs Başakşehir
  ⚠ Result not available yet

Processing: Tokyo Verdy vs Mito Hollyhock
  ⚠ Result not available yet

Processing: Adelaide United vs Newcastle Jets
  ⚠ Result not available yet

============================================================

✓ Successfully processed: 5
⚠ Failed: 7

============================================================

📊 ACCUMULATOR ACCURACY STATISTICS

Total Predictions: 4
✅ Correct: 0 (0.0%)
❌ Incorrect: 0 (100.0%)
=== SmartAcca Post-Mortem Generator ===
📈 Including 2 major league matches
🌍 Including 10 other league matches
Found 12 match(es) to process.

Processing: Fortaleza FC vs America de Cali
  Result: Fortaleza FC None - None America de Cali (PST)

Processing: AD Ceuta FC vs Cordoba
  Result: AD Ceuta FC None - None Cordoba (PST)

Processing: Wolfsberger AC vs Grazer AK
  Result: Wolfsberger AC 2 - 2 Grazer AK (FT)
  Prediction: ❌ LOSS

Processing: SCR Altach vs FC BW Linz
  Result: SCR Altach 1 - 0 FC BW Linz (FT)
  Prediction: ✅ WIN

Processing: Valladolid vs Castellón
  Result: Valladolid 0 - 4 Castellón (FT)
  Prediction: ❌ UNKNOWN

Processing: FC Nordsjaelland vs Sonderjyske
  ⚠ Result not available yet

Processing: Silkeborg vs Viborg
  ⚠ Result not available yet

Processing: Servette FC vs FC Thun
  ⚠ Result not available yet

Processing: Genk vs Anderlecht
  ⚠ Result not available yet

Processing: Eyüpspor vs Başakşehir
  ⚠ Result not available yet

Processing: Tokyo Verdy vs Mito Hollyhock
  ⚠ Result not available yet

Processing: Adelaide United vs Newcastle Jets
  ⚠ Result not available yet

============================================================

✓ Successfully processed: 5
⚠ Failed: 7

============================================================

📊 ACCUMULATOR ACCURACY STATISTICS

Total Predictions: 4
✅ Correct: 0 (0.0%)
❌ Incorrect: 0 (100.0%)
[Mon Feb  9 04:30:20 UTC 2026] Result fetch completed
[Mon Feb  9 04:30:20 UTC 2026] Result fetch completed
[Mon Feb  9 05:00:01 UTC 2026] Starting result fetch...
[Mon Feb  9 05:00:01 UTC 2026] Starting result fetch...
=== SmartAcca Post-Mortem Generator ===
🌍 Including 10 other league matches
Found 10 match(es) to process.

Processing: Fortaleza FC vs America de Cali
  Result: Fortaleza FC None - None America de Cali (PST)

Processing: AD Ceuta FC vs Cordoba
  Result: AD Ceuta FC None - None Cordoba (PST)

Processing: FC Nordsjaelland vs Sonderjyske
  ⚠ Result not available yet

Processing: Silkeborg vs Viborg
  ⚠ Result not available yet

Processing: Servette FC vs FC Thun
  ⚠ Result not available yet

Processing: Genk vs Anderlecht
  ⚠ Result not available yet

Processing: Eyüpspor vs Başakşehir
  ⚠ Result not available yet

Processing: Tokyo Verdy vs Mito Hollyhock
  ⚠ Result not available yet

Processing: Adelaide United vs Newcastle Jets
  ⚠ Result not available yet

Processing: Kawasaki Frontale vs Kashiwa Reysol
  ⚠ Result not available yet

============================================================

✓ Successfully processed: 2
⚠ Failed: 8

============================================================

📊 ACCUMULATOR ACCURACY STATISTICS

Total Predictions: 4
✅ Correct: 0 (0.0%)
❌ Incorrect: 0 (100.0%)
=== SmartAcca Post-Mortem Generator ===
🌍 Including 10 other league matches
Found 10 match(es) to process.

Processing: Fortaleza FC vs America de Cali
  Result: Fortaleza FC None - None America de Cali (PST)

Processing: AD Ceuta FC vs Cordoba
  Result: AD Ceuta FC None - None Cordoba (PST)

Processing: FC Nordsjaelland vs Sonderjyske
  ⚠ Result not available yet

Processing: Silkeborg vs Viborg
  ⚠ Result not available yet

Processing: Servette FC vs FC Thun
  ⚠ Result not available yet

Processing: Genk vs Anderlecht
  ⚠ Result not available yet

Processing: Eyüpspor vs Başakşehir
  ⚠ Result not available yet

Processing: Tokyo Verdy vs Mito Hollyhock
  ⚠ Result not available yet

Processing: Adelaide United vs Newcastle Jets
  ⚠ Result not available yet

Processing: Kawasaki Frontale vs Kashiwa Reysol
  ⚠ Result not available yet

============================================================

✓ Successfully processed: 2
⚠ Failed: 8

============================================================

📊 ACCUMULATOR ACCURACY STATISTICS

Total Predictions: 4
✅ Correct: 0 (0.0%)
❌ Incorrect: 0 (100.0%)
[Mon Feb  9 05:00:20 UTC 2026] Result fetch completed
[Mon Feb  9 05:00:20 UTC 2026] Result fetch completed
[Mon Feb  9 05:30:01 UTC 2026] Starting result fetch...
[Mon Feb  9 05:30:01 UTC 2026] Starting result fetch...
=== SmartAcca Post-Mortem Generator ===
🌍 Including 10 other league matches
Found 10 match(es) to process.

Processing: Jaguares vs Deportivo Pereira
    ⚠ API quota exhausted, using web scraper...
  ⚠ Result not available yet

Processing: Velez Sarsfield vs Boca Juniors
    ⚠ API quota exhausted, using web scraper...
  ⚠ Result not available yet

Processing: Gimnasia M. vs Instituto Cordoba
    ⚠ API quota exhausted, using web scraper...
  ⚠ Result not available yet

Processing: Fortaleza FC vs America de Cali
    ⚠ API quota exhausted, using web scraper...
  ⚠ Result not available yet

Processing: AD Ceuta FC vs Cordoba
    ⚠ API quota exhausted, using web scraper...
  ⚠ Result not available yet

Processing: Silkeborg vs Viborg
    ⚠ API quota exhausted, using web scraper...
  ⚠ Result not available yet

Processing: Servette FC vs FC Thun
    ⚠ API quota exhausted, using web scraper...
  ⚠ Result not available yet

Processing: Genk vs Anderlecht
    ⚠ API quota exhausted, using web scraper...
  ⚠ Result not available yet

Processing: Eyüpspor vs Başakşehir
    ⚠ API quota exhausted, using web scraper...
  ⚠ Result not available yet

Processing: Tokyo Verdy vs Mito Hollyhock
    ⚠ API quota exhausted, using web scraper...
  ⚠ Result not available yet

============================================================

✓ Successfully processed: 0
⚠ Failed: 10

============================================================

📊 ACCUMULATOR ACCURACY STATISTICS

Total Predictions: 4
✅ Correct: 0 (0.0%)
❌ Incorrect: 0 (100.0%)
[Mon Feb  9 05:30:32 UTC 2026] Result fetch completed
=== SmartAcca Post-Mortem Generator ===
🌍 Including 10 other league matches
Found 10 match(es) to process.

Processing: Jaguares vs Deportivo Pereira
    ⚠ API quota exhausted, using web scraper...
  ⚠ Result not available yet

Processing: Velez Sarsfield vs Boca Juniors
    ⚠ API quota exhausted, using web scraper...
  ⚠ Result not available yet

Processing: Gimnasia M. vs Instituto Cordoba
    ⚠ API quota exhausted, using web scraper...
  ⚠ Result not available yet

Processing: Fortaleza FC vs America de Cali
    ⚠ API quota exhausted, using web scraper...
  ⚠ Result not available yet

Processing: AD Ceuta FC vs Cordoba
    ⚠ API quota exhausted, using web scraper...
  ⚠ Result not available yet

Processing: Silkeborg vs Viborg
    ⚠ API quota exhausted, using web scraper...
  ⚠ Result not available yet

Processing: Servette FC vs FC Thun
    ⚠ API quota exhausted, using web scraper...
  ⚠ Result not available yet

Processing: Genk vs Anderlecht
    ⚠ API quota exhausted, using web scraper...
  ⚠ Result not available yet

Processing: Eyüpspor vs Başakşehir
    ⚠ API quota exhausted, using web scraper...
  ⚠ Result not available yet

Processing: Tokyo Verdy vs Mito Hollyhock
    ⚠ API quota exhausted, using web scraper...
  ⚠ Result not available yet

============================================================

✓ Successfully processed: 0
⚠ Failed: 10

============================================================

📊 ACCUMULATOR ACCURACY STATISTICS

Total Predictions: 4
✅ Correct: 0 (0.0%)
❌ Incorrect: 0 (100.0%)
[Mon Feb  9 05:30:33 UTC 2026] Result fetch completed
[Mon Feb  9 06:00:01 UTC 2026] Starting result fetch...
[Mon Feb  9 06:00:01 UTC 2026] Starting result fetch...
=== SmartAcca Post-Mortem Generator ===
🌍 Including 10 other league matches
Found 10 match(es) to process.

Processing: Jaguares vs Deportivo Pereira
    ⚠ API quota exhausted, using web scraper...
  ⚠ Result not available yet

Processing: Velez Sarsfield vs Boca Juniors
    ⚠ API quota exhausted, using web scraper...
  ⚠ Result not available yet

Processing: Gimnasia M. vs Instituto Cordoba
    ⚠ API quota exhausted, using web scraper...
  ⚠ Result not available yet

Processing: Fortaleza FC vs America de Cali
    ⚠ API quota exhausted, using web scraper...
  ⚠ Result not available yet

Processing: AD Ceuta FC vs Cordoba
    ⚠ API quota exhausted, using web scraper...
  ⚠ Result not available yet

Processing: Silkeborg vs Viborg
    ⚠ API quota exhausted, using web scraper...
  ⚠ Result not available yet

Processing: Servette FC vs FC Thun
    ⚠ API quota exhausted, using web scraper...
  ⚠ Result not available yet

Processing: Genk vs Anderlecht
    ⚠ API quota exhausted, using web scraper...
  ⚠ Result not available yet

Processing: Eyüpspor vs Başakşehir
    ⚠ API quota exhausted, using web scraper...
  ⚠ Result not available yet

Processing: Tokyo Verdy vs Mito Hollyhock
    ⚠ API quota exhausted, using web scraper...
  ⚠ Result not available yet

============================================================

✓ Successfully processed: 0
⚠ Failed: 10

============================================================

📊 ACCUMULATOR ACCURACY STATISTICS

Total Predictions: 4
✅ Correct: 0 (0.0%)
❌ Incorrect: 0 (100.0%)
[Mon Feb  9 06:00:33 UTC 2026] Result fetch completed
=== SmartAcca Post-Mortem Generator ===
🌍 Including 10 other league matches
Found 10 match(es) to process.

Processing: Jaguares vs Deportivo Pereira
    ⚠ API quota exhausted, using web scraper...
  ⚠ Result not available yet

Processing: Velez Sarsfield vs Boca Juniors
    ⚠ API quota exhausted, using web scraper...
  ⚠ Result not available yet

Processing: Gimnasia M. vs Instituto Cordoba
    ⚠ API quota exhausted, using web scraper...
  ⚠ Result not available yet

Processing: Fortaleza FC vs America de Cali
    ⚠ API quota exhausted, using web scraper...
  ⚠ Result not available yet

Processing: AD Ceuta FC vs Cordoba
    ⚠ API quota exhausted, using web scraper...
  ⚠ Result not available yet

Processing: Silkeborg vs Viborg
    ⚠ API quota exhausted, using web scraper...
  ⚠ Result not available yet

Processing: Servette FC vs FC Thun
    ⚠ API quota exhausted, using web scraper...
  ⚠ Result not available yet

Processing: Genk vs Anderlecht
    ⚠ API quota exhausted, using web scraper...
  ⚠ Result not available yet

Processing: Eyüpspor vs Başakşehir
    ⚠ API quota exhausted, using web scraper...
  ⚠ Result not available yet

Processing: Tokyo Verdy vs Mito Hollyhock
    ⚠ API quota exhausted, using web scraper...
  ⚠ Result not available yet

============================================================

✓ Successfully processed: 0
⚠ Failed: 10

============================================================

📊 ACCUMULATOR ACCURACY STATISTICS

Total Predictions: 4
✅ Correct: 0 (0.0%)
❌ Incorrect: 0 (100.0%)
[Mon Feb  9 06:00:35 UTC 2026] Result fetch completed
[Mon Feb  9 06:30:01 UTC 2026] Starting result fetch...
[Mon Feb  9 06:30:01 UTC 2026] Starting result fetch...
=== SmartAcca Post-Mortem Generator ===
🌍 Including 10 other league matches
Found 10 match(es) to process.

Processing: Jaguares vs Deportivo Pereira
    ⚠ API quota exhausted, using web scraper...
  ⚠ Result not available yet

Processing: Velez Sarsfield vs Boca Juniors
    ⚠ API quota exhausted, using web scraper...
  ⚠ Result not available yet

Processing: Gimnasia M. vs Instituto Cordoba
    ⚠ API quota exhausted, using web scraper...
  ⚠ Result not available yet

Processing: Fortaleza FC vs America de Cali
    ⚠ API quota exhausted, using web scraper...
  ⚠ Result not available yet

Processing: AD Ceuta FC vs Cordoba
    ⚠ API quota exhausted, using web scraper...
  ⚠ Result not available yet

Processing: Silkeborg vs Viborg
    ⚠ API quota exhausted, using web scraper...
  ⚠ Result not available yet

Processing: Servette FC vs FC Thun
    ⚠ API quota exhausted, using web scraper...
  ⚠ Result not available yet

Processing: Genk vs Anderlecht
    ⚠ API quota exhausted, using web scraper...
  ⚠ Result not available yet

Processing: Eyüpspor vs Başakşehir
    ⚠ API quota exhausted, using web scraper...
  ⚠ Result not available yet

Processing: Tokyo Verdy vs Mito Hollyhock
    ⚠ API quota exhausted, using web scraper...
  ⚠ Result not available yet

============================================================

✓ Successfully processed: 0
⚠ Failed: 10

============================================================

📊 ACCUMULATOR ACCURACY STATISTICS

Total Predictions: 4
✅ Correct: 0 (0.0%)
❌ Incorrect: 0 (100.0%)
[Mon Feb  9 06:30:33 UTC 2026] Result fetch completed
=== SmartAcca Post-Mortem Generator ===
🌍 Including 10 other league matches
Found 10 match(es) to process.

Processing: Jaguares vs Deportivo Pereira
    ⚠ API quota exhausted, using web scraper...
  ⚠ Result not available yet

Processing: Velez Sarsfield vs Boca Juniors
    ⚠ API quota exhausted, using web scraper...
  ⚠ Result not available yet

Processing: Gimnasia M. vs Instituto Cordoba
    ⚠ API quota exhausted, using web scraper...
  ⚠ Result not available yet

Processing: Fortaleza FC vs America de Cali
    ⚠ API quota exhausted, using web scraper...
  ⚠ Result not available yet

Processing: AD Ceuta FC vs Cordoba
    ⚠ API quota exhausted, using web scraper...
  ⚠ Result not available yet

Processing: Silkeborg vs Viborg
    ⚠ API quota exhausted, using web scraper...
  ⚠ Result not available yet

Processing: Servette FC vs FC Thun
    ⚠ API quota exhausted, using web scraper...
  ⚠ Result not available yet

Processing: Genk vs Anderlecht
    ⚠ API quota exhausted, using web scraper...
  ⚠ Result not available yet

Processing: Eyüpspor vs Başakşehir
    ⚠ API quota exhausted, using web scraper...
  ⚠ Result not available yet

Processing: Tokyo Verdy vs Mito Hollyhock
    ⚠ API quota exhausted, using web scraper...
  ⚠ Result not available yet

============================================================

✓ Successfully processed: 0
⚠ Failed: 10

============================================================

📊 ACCUMULATOR ACCURACY STATISTICS

Total Predictions: 4
✅ Correct: 0 (0.0%)
❌ Incorrect: 0 (100.0%)
[Mon Feb  9 06:30:33 UTC 2026] Result fetch completed
[Mon Feb  9 07:00:02 UTC 2026] Starting result fetch...
[Mon Feb  9 07:00:02 UTC 2026] Starting result fetch...
=== SmartAcca Post-Mortem Generator ===
🌍 Including 9 other league matches
Found 9 match(es) to process.

Processing: Jaguares vs Deportivo Pereira
    ⚠ API quota exhausted, using web scraper...
  ⚠ Result not available yet

Processing: Velez Sarsfield vs Boca Juniors
    ⚠ API quota exhausted, using web scraper...
  ⚠ Result not available yet

Processing: Gimnasia M. vs Instituto Cordoba
    ⚠ API quota exhausted, using web scraper...
  ⚠ Result not available yet

Processing: Fortaleza FC vs America de Cali
    ⚠ API quota exhausted, using web scraper...
  ⚠ Result not available yet

Processing: AD Ceuta FC vs Cordoba
    ⚠ API quota exhausted, using web scraper...
  ⚠ Result not available yet

Processing: Silkeborg vs Viborg
    ⚠ API quota exhausted, using web scraper...
  ⚠ Result not available yet

Processing: Servette FC vs FC Thun
    ⚠ API quota exhausted, using web scraper...
  ⚠ Result not available yet

Processing: Genk vs Anderlecht
    ⚠ API quota exhausted, using web scraper...
  ⚠ Result not available yet

Processing: Eyüpspor vs Başakşehir
    ⚠ API quota exhausted, using web scraper...
  ⚠ Result not available yet

============================================================

✓ Successfully processed: 0
⚠ Failed: 9

============================================================

📊 ACCUMULATOR ACCURACY STATISTICS

Total Predictions: 4
✅ Correct: 0 (0.0%)
❌ Incorrect: 0 (100.0%)
=== SmartAcca Post-Mortem Generator ===
🌍 Including 9 other league matches
Found 9 match(es) to process.

Processing: Jaguares vs Deportivo Pereira
    ⚠ API quota exhausted, using web scraper...
  ⚠ Result not available yet

Processing: Velez Sarsfield vs Boca Juniors
    ⚠ API quota exhausted, using web scraper...
  ⚠ Result not available yet

Processing: Gimnasia M. vs Instituto Cordoba
    ⚠ API quota exhausted, using web scraper...
  ⚠ Result not available yet

Processing: Fortaleza FC vs America de Cali
    ⚠ API quota exhausted, using web scraper...
  ⚠ Result not available yet

Processing: AD Ceuta FC vs Cordoba
    ⚠ API quota exhausted, using web scraper...
  ⚠ Result not available yet

Processing: Silkeborg vs Viborg
    ⚠ API quota exhausted, using web scraper...
  ⚠ Result not available yet

Processing: Servette FC vs FC Thun
    ⚠ API quota exhausted, using web scraper...
  ⚠ Result not available yet

Processing: Genk vs Anderlecht
    ⚠ API quota exhausted, using web scraper...
  ⚠ Result not available yet

Processing: Eyüpspor vs Başakşehir
    ⚠ API quota exhausted, using web scraper...
  ⚠ Result not available yet

============================================================

✓ Successfully processed: 0
⚠ Failed: 9

============================================================

📊 ACCUMULATOR ACCURACY STATISTICS

Total Predictions: 4
✅ Correct: 0 (0.0%)
❌ Incorrect: 0 (100.0%)
[Mon Feb  9 07:00:31 UTC 2026] Result fetch completed
[Mon Feb  9 07:00:32 UTC 2026] Result fetch completed
[Mon Feb  9 07:30:01 UTC 2026] Starting result fetch...
[Mon Feb  9 07:30:01 UTC 2026] Starting result fetch...
=== SmartAcca Post-Mortem Generator ===
🌍 Including 9 other league matches
Found 9 match(es) to process.

Processing: Jaguares vs Deportivo Pereira
    ⚠ API quota exhausted, using web scraper...
  ⚠ Result not available yet

Processing: Velez Sarsfield vs Boca Juniors
    ⚠ API quota exhausted, using web scraper...
  ⚠ Result not available yet

Processing: Gimnasia M. vs Instituto Cordoba
    ⚠ API quota exhausted, using web scraper...
  ⚠ Result not available yet

Processing: Fortaleza FC vs America de Cali
    ⚠ API quota exhausted, using web scraper...
  ⚠ Result not available yet

Processing: AD Ceuta FC vs Cordoba
    ⚠ API quota exhausted, using web scraper...
  ⚠ Result not available yet

Processing: Silkeborg vs Viborg
    ⚠ API quota exhausted, using web scraper...
  ⚠ Result not available yet

Processing: Servette FC vs FC Thun
    ⚠ API quota exhausted, using web scraper...
  ⚠ Result not available yet

Processing: Genk vs Anderlecht
    ⚠ API quota exhausted, using web scraper...
  ⚠ Result not available yet

Processing: Eyüpspor vs Başakşehir
    ⚠ API quota exhausted, using web scraper...
  ⚠ Result not available yet

============================================================

✓ Successfully processed: 0
⚠ Failed: 9

============================================================

📊 ACCUMULATOR ACCURACY STATISTICS

Total Predictions: 4
✅ Correct: 0 (0.0%)
❌ Incorrect: 0 (100.0%)
[Mon Feb  9 07:30:29 UTC 2026] Result fetch completed
=== SmartAcca Post-Mortem Generator ===
🌍 Including 9 other league matches
Found 9 match(es) to process.

Processing: Jaguares vs Deportivo Pereira
    ⚠ API quota exhausted, using web scraper...
  ⚠ Result not available yet

Processing: Velez Sarsfield vs Boca Juniors
    ⚠ API quota exhausted, using web scraper...
  ⚠ Result not available yet

Processing: Gimnasia M. vs Instituto Cordoba
    ⚠ API quota exhausted, using web scraper...
  ⚠ Result not available yet

Processing: Fortaleza FC vs America de Cali
    ⚠ API quota exhausted, using web scraper...
  ⚠ Result not available yet

Processing: AD Ceuta FC vs Cordoba
    ⚠ API quota exhausted, using web scraper...
  ⚠ Result not available yet

Processing: Silkeborg vs Viborg
    ⚠ API quota exhausted, using web scraper...
  ⚠ Result not available yet

Processing: Servette FC vs FC Thun
    ⚠ API quota exhausted, using web scraper...
  ⚠ Result not available yet

Processing: Genk vs Anderlecht
    ⚠ API quota exhausted, using web scraper...
  ⚠ Result not available yet

Processing: Eyüpspor vs Başakşehir
    ⚠ API quota exhausted, using web scraper...
  ⚠ Result not available yet

============================================================

✓ Successfully processed: 0
⚠ Failed: 9

============================================================

📊 ACCUMULATOR ACCURACY STATISTICS

Total Predictions: 4
✅ Correct: 0 (0.0%)
❌ Incorrect: 0 (100.0%)
[Mon Feb  9 07:30:30 UTC 2026] Result fetch completed
[Mon Feb  9 08:00:01 UTC 2026] Starting result fetch...
[Mon Feb  9 08:00:01 UTC 2026] Starting result fetch...
=== SmartAcca Post-Mortem Generator ===
🌍 Including 9 other league matches
Found 9 match(es) to process.

Processing: Jaguares vs Deportivo Pereira
    ⚠ API quota exhausted, using web scraper...
  ⚠ Result not available yet

Processing: Velez Sarsfield vs Boca Juniors
    ⚠ API quota exhausted, using web scraper...
  ⚠ Result not available yet

Processing: Gimnasia M. vs Instituto Cordoba
    ⚠ API quota exhausted, using web scraper...
  ⚠ Result not available yet

Processing: Fortaleza FC vs America de Cali
    ⚠ API quota exhausted, using web scraper...
  ⚠ Result not available yet

Processing: AD Ceuta FC vs Cordoba
    ⚠ API quota exhausted, using web scraper...
  ⚠ Result not available yet

Processing: Silkeborg vs Viborg
    ⚠ API quota exhausted, using web scraper...
  ⚠ Result not available yet

Processing: Servette FC vs FC Thun
    ⚠ API quota exhausted, using web scraper...
  ⚠ Result not available yet

Processing: Genk vs Anderlecht
    ⚠ API quota exhausted, using web scraper...
  ⚠ Result not available yet

Processing: Eyüpspor vs Başakşehir
    ⚠ API quota exhausted, using web scraper...
  ⚠ Result not available yet

============================================================

✓ Successfully processed: 0
⚠ Failed: 9

============================================================

📊 ACCUMULATOR ACCURACY STATISTICS

Total Predictions: 4
✅ Correct: 0 (0.0%)
❌ Incorrect: 0 (100.0%)
=== SmartAcca Post-Mortem Generator ===
🌍 Including 9 other league matches
Found 9 match(es) to process.

Processing: Jaguares vs Deportivo Pereira
    ⚠ API quota exhausted, using web scraper...
  ⚠ Result not available yet

Processing: Velez Sarsfield vs Boca Juniors
    ⚠ API quota exhausted, using web scraper...
  ⚠ Result not available yet

Processing: Gimnasia M. vs Instituto Cordoba
    ⚠ API quota exhausted, using web scraper...
  ⚠ Result not available yet

Processing: Fortaleza FC vs America de Cali
    ⚠ API quota exhausted, using web scraper...
  ⚠ Result not available yet

Processing: AD Ceuta FC vs Cordoba
    ⚠ API quota exhausted, using web scraper...
  ⚠ Result not available yet

Processing: Silkeborg vs Viborg
    ⚠ API quota exhausted, using web scraper...
  ⚠ Result not available yet

Processing: Servette FC vs FC Thun
    ⚠ API quota exhausted, using web scraper...
  ⚠ Result not available yet

Processing: Genk vs Anderlecht
    ⚠ API quota exhausted, using web scraper...
  ⚠ Result not available yet

Processing: Eyüpspor vs Başakşehir
    ⚠ API quota exhausted, using web scraper...
  ⚠ Result not available yet

============================================================

✓ Successfully processed: 0
⚠ Failed: 9

============================================================

📊 ACCUMULATOR ACCURACY STATISTICS

Total Predictions: 4
✅ Correct: 0 (0.0%)
❌ Incorrect: 0 (100.0%)
[Mon Feb  9 08:00:30 UTC 2026] Result fetch completed
[Mon Feb  9 08:00:30 UTC 2026] Result fetch completed
[Mon Feb  9 08:30:01 UTC 2026] Starting result fetch...
[Mon Feb  9 08:30:01 UTC 2026] Starting result fetch...
=== SmartAcca Post-Mortem Generator ===
🌍 Including 9 other league matches
Found 9 match(es) to process.

Processing: Jaguares vs Deportivo Pereira
    ⚠ API quota exhausted, using web scraper...
  ⚠ Result not available yet

Processing: Velez Sarsfield vs Boca Juniors
    ⚠ API quota exhausted, using web scraper...
  ⚠ Result not available yet

Processing: Gimnasia M. vs Instituto Cordoba
    ⚠ API quota exhausted, using web scraper...
  ⚠ Result not available yet

Processing: Fortaleza FC vs America de Cali
    ⚠ API quota exhausted, using web scraper...
  ⚠ Result not available yet

Processing: AD Ceuta FC vs Cordoba
    ⚠ API quota exhausted, using web scraper...
  ⚠ Result not available yet

Processing: Silkeborg vs Viborg
    ⚠ API quota exhausted, using web scraper...
  ⚠ Result not available yet

Processing: Servette FC vs FC Thun
    ⚠ API quota exhausted, using web scraper...
  ⚠ Result not available yet

Processing: Genk vs Anderlecht
    ⚠ API quota exhausted, using web scraper...
  ⚠ Result not available yet

Processing: Eyüpspor vs Başakşehir
    ⚠ API quota exhausted, using web scraper...
  ⚠ Result not available yet

============================================================

✓ Successfully processed: 0
⚠ Failed: 9

============================================================

📊 ACCUMULATOR ACCURACY STATISTICS

Total Predictions: 4
✅ Correct: 0 (0.0%)
❌ Incorrect: 0 (100.0%)
=== SmartAcca Post-Mortem Generator ===
🌍 Including 9 other league matches
Found 9 match(es) to process.

Processing: Jaguares vs Deportivo Pereira
    ⚠ API quota exhausted, using web scraper...
  ⚠ Result not available yet

Processing: Velez Sarsfield vs Boca Juniors
    ⚠ API quota exhausted, using web scraper...
  ⚠ Result not available yet

Processing: Gimnasia M. vs Instituto Cordoba
    ⚠ API quota exhausted, using web scraper...
  ⚠ Result not available yet

Processing: Fortaleza FC vs America de Cali
    ⚠ API quota exhausted, using web scraper...
  ⚠ Result not available yet

Processing: AD Ceuta FC vs Cordoba
    ⚠ API quota exhausted, using web scraper...
  ⚠ Result not available yet

Processing: Silkeborg vs Viborg
    ⚠ API quota exhausted, using web scraper...
  ⚠ Result not available yet

Processing: Servette FC vs FC Thun
    ⚠ API quota exhausted, using web scraper...
  ⚠ Result not available yet

Processing: Genk vs Anderlecht
    ⚠ API quota exhausted, using web scraper...
  ⚠ Result not available yet

Processing: Eyüpspor vs Başakşehir
    ⚠ API quota exhausted, using web scraper...
  ⚠ Result not available yet

============================================================

✓ Successfully processed: 0
⚠ Failed: 9

============================================================

📊 ACCUMULATOR ACCURACY STATISTICS

Total Predictions: 4
✅ Correct: 0 (0.0%)
❌ Incorrect: 0 (100.0%)
[Mon Feb  9 08:30:31 UTC 2026] Result fetch completed
[Mon Feb  9 08:30:31 UTC 2026] Result fetch completed
[Mon Feb  9 09:00:01 UTC 2026] Starting result fetch...
[Mon Feb  9 09:00:01 UTC 2026] Starting result fetch...
=== SmartAcca Post-Mortem Generator ===
🌍 Including 9 other league matches
Found 9 match(es) to process.

Processing: Jaguares vs Deportivo Pereira
    ⚠ API quota exhausted, using web scraper...
  ⚠ Result not available yet

Processing: Velez Sarsfield vs Boca Juniors
    ⚠ API quota exhausted, using web scraper...
  ⚠ Result not available yet

Processing: Gimnasia M. vs Instituto Cordoba
    ⚠ API quota exhausted, using web scraper...
  ⚠ Result not available yet

Processing: Fortaleza FC vs America de Cali
    ⚠ API quota exhausted, using web scraper...
  ⚠ Result not available yet

Processing: AD Ceuta FC vs Cordoba
    ⚠ API quota exhausted, using web scraper...
  ⚠ Result not available yet

Processing: Silkeborg vs Viborg
    ⚠ API quota exhausted, using web scraper...
  ⚠ Result not available yet

Processing: Servette FC vs FC Thun
    ⚠ API quota exhausted, using web scraper...
  ⚠ Result not available yet

Processing: Genk vs Anderlecht
    ⚠ API quota exhausted, using web scraper...
  ⚠ Result not available yet

Processing: Eyüpspor vs Başakşehir
    ⚠ API quota exhausted, using web scraper...
  ⚠ Result not available yet

============================================================

✓ Successfully processed: 0
⚠ Failed: 9

============================================================

📊 ACCUMULATOR ACCURACY STATISTICS

Total Predictions: 4
✅ Correct: 0 (0.0%)
❌ Incorrect: 0 (100.0%)
[Mon Feb  9 09:00:32 UTC 2026] Result fetch completed
=== SmartAcca Post-Mortem Generator ===
🌍 Including 9 other league matches
Found 9 match(es) to process.

Processing: Jaguares vs Deportivo Pereira
    ⚠ API quota exhausted, using web scraper...
  ⚠ Result not available yet

Processing: Velez Sarsfield vs Boca Juniors
    ⚠ API quota exhausted, using web scraper...
  ⚠ Result not available yet

Processing: Gimnasia M. vs Instituto Cordoba
    ⚠ API quota exhausted, using web scraper...
  ⚠ Result not available yet

Processing: Fortaleza FC vs America de Cali
    ⚠ API quota exhausted, using web scraper...
  ⚠ Result not available yet

Processing: AD Ceuta FC vs Cordoba
    ⚠ API quota exhausted, using web scraper...
  ⚠ Result not available yet

Processing: Silkeborg vs Viborg
    ⚠ API quota exhausted, using web scraper...
  ⚠ Result not available yet

Processing: Servette FC vs FC Thun
    ⚠ API quota exhausted, using web scraper...
  ⚠ Result not available yet

Processing: Genk vs Anderlecht
    ⚠ API quota exhausted, using web scraper...
  ⚠ Result not available yet

Processing: Eyüpspor vs Başakşehir
    ⚠ API quota exhausted, using web scraper...
  ⚠ Result not available yet

============================================================

✓ Successfully processed: 0
⚠ Failed: 9

============================================================

📊 ACCUMULATOR ACCURACY STATISTICS

Total Predictions: 4
✅ Correct: 0 (0.0%)
❌ Incorrect: 0 (100.0%)
[Mon Feb  9 09:00:33 UTC 2026] Result fetch completed
[Mon Feb  9 09:30:01 UTC 2026] Starting result fetch...
[Mon Feb  9 09:30:01 UTC 2026] Starting result fetch...
=== SmartAcca Post-Mortem Generator ===
🌍 Including 9 other league matches
Found 9 match(es) to process.

Processing: Jaguares vs Deportivo Pereira
    ⚠ API quota exhausted, using web scraper...
  ⚠ Result not available yet

Processing: Velez Sarsfield vs Boca Juniors
    ⚠ API quota exhausted, using web scraper...
  ⚠ Result not available yet

Processing: Gimnasia M. vs Instituto Cordoba
    ⚠ API quota exhausted, using web scraper...
  ⚠ Result not available yet

Processing: Fortaleza FC vs America de Cali
    ⚠ API quota exhausted, using web scraper...
  ⚠ Result not available yet

Processing: AD Ceuta FC vs Cordoba
    ⚠ API quota exhausted, using web scraper...
  ⚠ Result not available yet

Processing: Silkeborg vs Viborg
    ⚠ API quota exhausted, using web scraper...
  ⚠ Result not available yet

Processing: Servette FC vs FC Thun
    ⚠ API quota exhausted, using web scraper...
  ⚠ Result not available yet

Processing: Genk vs Anderlecht
    ⚠ API quota exhausted, using web scraper...
  ⚠ Result not available yet

Processing: Eyüpspor vs Başakşehir
    ⚠ API quota exhausted, using web scraper...
  ⚠ Result not available yet

============================================================

✓ Successfully processed: 0
⚠ Failed: 9

============================================================

📊 ACCUMULATOR ACCURACY STATISTICS

Total Predictions: 4
✅ Correct: 0 (0.0%)
❌ Incorrect: 0 (100.0%)
=== SmartAcca Post-Mortem Generator ===
🌍 Including 9 other league matches
Found 9 match(es) to process.

Processing: Jaguares vs Deportivo Pereira
    ⚠ API quota exhausted, using web scraper...
  ⚠ Result not available yet

Processing: Velez Sarsfield vs Boca Juniors
    ⚠ API quota exhausted, using web scraper...
  ⚠ Result not available yet

Processing: Gimnasia M. vs Instituto Cordoba
    ⚠ API quota exhausted, using web scraper...
  ⚠ Result not available yet

Processing: Fortaleza FC vs America de Cali
    ⚠ API quota exhausted, using web scraper...
  ⚠ Result not available yet

Processing: AD Ceuta FC vs Cordoba
    ⚠ API quota exhausted, using web scraper...
  ⚠ Result not available yet

Processing: Silkeborg vs Viborg
    ⚠ API quota exhausted, using web scraper...
  ⚠ Result not available yet

Processing: Servette FC vs FC Thun
    ⚠ API quota exhausted, using web scraper...
  ⚠ Result not available yet

Processing: Genk vs Anderlecht
    ⚠ API quota exhausted, using web scraper...
  ⚠ Result not available yet

Processing: Eyüpspor vs Başakşehir
    ⚠ API quota exhausted, using web scraper...
  ⚠ Result not available yet

============================================================

✓ Successfully processed: 0
⚠ Failed: 9

============================================================

📊 ACCUMULATOR ACCURACY STATISTICS

Total Predictions: 4
✅ Correct: 0 (0.0%)
❌ Incorrect: 0 (100.0%)
[Mon Feb  9 09:30:33 UTC 2026] Result fetch completed
[Mon Feb  9 09:30:33 UTC 2026] Result fetch completed
[Mon Feb  9 10:00:01 UTC 2026] Starting result fetch...
[Mon Feb  9 10:00:01 UTC 2026] Starting result fetch...
=== SmartAcca Post-Mortem Generator ===
🌍 Including 9 other league matches
Found 9 match(es) to process.

Processing: Jaguares vs Deportivo Pereira
    ⚠ API quota exhausted, using web scraper...
  ⚠ Result not available yet

Processing: Velez Sarsfield vs Boca Juniors
    ⚠ API quota exhausted, using web scraper...
  ⚠ Result not available yet

Processing: Gimnasia M. vs Instituto Cordoba
    ⚠ API quota exhausted, using web scraper...
  ⚠ Result not available yet

Processing: Fortaleza FC vs America de Cali
    ⚠ API quota exhausted, using web scraper...
  ⚠ Result not available yet

Processing: AD Ceuta FC vs Cordoba
    ⚠ API quota exhausted, using web scraper...
  ⚠ Result not available yet

Processing: Silkeborg vs Viborg
    ⚠ API quota exhausted, using web scraper...
  ⚠ Result not available yet

Processing: Servette FC vs FC Thun
    ⚠ API quota exhausted, using web scraper...
  ⚠ Result not available yet

Processing: Genk vs Anderlecht
    ⚠ API quota exhausted, using web scraper...
  ⚠ Result not available yet

Processing: Eyüpspor vs Başakşehir
    ⚠ API quota exhausted, using web scraper...
  ⚠ Result not available yet

============================================================

✓ Successfully processed: 0
⚠ Failed: 9

============================================================

📊 ACCUMULATOR ACCURACY STATISTICS

Total Predictions: 4
✅ Correct: 0 (0.0%)
❌ Incorrect: 0 (100.0%)
[Mon Feb  9 10:00:28 UTC 2026] Result fetch completed
=== SmartAcca Post-Mortem Generator ===
🌍 Including 9 other league matches
Found 9 match(es) to process.

Processing: Jaguares vs Deportivo Pereira
    ⚠ API quota exhausted, using web scraper...
  ⚠ Result not available yet

Processing: Velez Sarsfield vs Boca Juniors
    ⚠ API quota exhausted, using web scraper...
  ⚠ Result not available yet

Processing: Gimnasia M. vs Instituto Cordoba
    ⚠ API quota exhausted, using web scraper...
  ⚠ Result not available yet

Processing: Fortaleza FC vs America de Cali
    ⚠ API quota exhausted, using web scraper...
  ⚠ Result not available yet

Processing: AD Ceuta FC vs Cordoba
    ⚠ API quota exhausted, using web scraper...
  ⚠ Result not available yet

Processing: Silkeborg vs Viborg
    ⚠ API quota exhausted, using web scraper...
  ⚠ Result not available yet

Processing: Servette FC vs FC Thun
    ⚠ API quota exhausted, using web scraper...
  ⚠ Result not available yet

Processing: Genk vs Anderlecht
    ⚠ API quota exhausted, using web scraper...
  ⚠ Result not available yet

Processing: Eyüpspor vs Başakşehir
    ⚠ API quota exhausted, using web scraper...
  ⚠ Result not available yet

============================================================

✓ Successfully processed: 0
⚠ Failed: 9

============================================================

📊 ACCUMULATOR ACCURACY STATISTICS

Total Predictions: 4
✅ Correct: 0 (0.0%)
❌ Incorrect: 0 (100.0%)
[Mon Feb  9 10:00:31 UTC 2026] Result fetch completed
[Mon Feb  9 10:30:01 UTC 2026] Starting result fetch...
[Mon Feb  9 10:30:01 UTC 2026] Starting result fetch...
=== SmartAcca Post-Mortem Generator ===
🌍 Including 9 other league matches
Found 9 match(es) to process.

Processing: Jaguares vs Deportivo Pereira
    ⚠ API quota exhausted, using web scraper...
  ⚠ Result not available yet

Processing: Velez Sarsfield vs Boca Juniors
    ⚠ API quota exhausted, using web scraper...
  ⚠ Result not available yet

Processing: Gimnasia M. vs Instituto Cordoba
    ⚠ API quota exhausted, using web scraper...
  ⚠ Result not available yet

Processing: Fortaleza FC vs America de Cali
    ⚠ API quota exhausted, using web scraper...
  ⚠ Result not available yet

Processing: AD Ceuta FC vs Cordoba
    ⚠ API quota exhausted, using web scraper...
  ⚠ Result not available yet

Processing: Silkeborg vs Viborg
    ⚠ API quota exhausted, using web scraper...
  ⚠ Result not available yet

Processing: Servette FC vs FC Thun
    ⚠ API quota exhausted, using web scraper...
  ⚠ Result not available yet

Processing: Genk vs Anderlecht
    ⚠ API quota exhausted, using web scraper...
  ⚠ Result not available yet

Processing: Eyüpspor vs Başakşehir
    ⚠ API quota exhausted, using web scraper...
  ⚠ Result not available yet

============================================================

✓ Successfully processed: 0
⚠ Failed: 9

============================================================

📊 ACCUMULATOR ACCURACY STATISTICS

Total Predictions: 4
✅ Correct: 0 (0.0%)
❌ Incorrect: 0 (100.0%)
=== SmartAcca Post-Mortem Generator ===
🌍 Including 9 other league matches
Found 9 match(es) to process.

Processing: Jaguares vs Deportivo Pereira
    ⚠ API quota exhausted, using web scraper...
  ⚠ Result not available yet

Processing: Velez Sarsfield vs Boca Juniors
    ⚠ API quota exhausted, using web scraper...
  ⚠ Result not available yet

Processing: Gimnasia M. vs Instituto Cordoba
    ⚠ API quota exhausted, using web scraper...
  ⚠ Result not available yet

Processing: Fortaleza FC vs America de Cali
    ⚠ API quota exhausted, using web scraper...
  ⚠ Result not available yet

Processing: AD Ceuta FC vs Cordoba
    ⚠ API quota exhausted, using web scraper...
  ⚠ Result not available yet

Processing: Silkeborg vs Viborg
    ⚠ API quota exhausted, using web scraper...
  ⚠ Result not available yet

Processing: Servette FC vs FC Thun
    ⚠ API quota exhausted, using web scraper...
  ⚠ Result not available yet

Processing: Genk vs Anderlecht
    ⚠ API quota exhausted, using web scraper...
  ⚠ Result not available yet

Processing: Eyüpspor vs Başakşehir
    ⚠ API quota exhausted, using web scraper...
  ⚠ Result not available yet

============================================================

✓ Successfully processed: 0
⚠ Failed: 9

============================================================

📊 ACCUMULATOR ACCURACY STATISTICS

Total Predictions: 4
✅ Correct: 0 (0.0%)
❌ Incorrect: 0 (100.0%)
[Mon Feb  9 10:30:31 UTC 2026] Result fetch completed
[Mon Feb  9 10:30:31 UTC 2026] Result fetch completed
[Mon Feb  9 11:00:01 UTC 2026] Starting result fetch...
[Mon Feb  9 11:00:01 UTC 2026] Starting result fetch...
=== SmartAcca Post-Mortem Generator ===
🌍 Including 9 other league matches
Found 9 match(es) to process.

Processing: Jaguares vs Deportivo Pereira
    ⚠ API quota exhausted, using web scraper...
  ⚠ Result not available yet

Processing: Velez Sarsfield vs Boca Juniors
    ⚠ API quota exhausted, using web scraper...
  ⚠ Result not available yet

Processing: Gimnasia M. vs Instituto Cordoba
    ⚠ API quota exhausted, using web scraper...
  ⚠ Result not available yet

Processing: Fortaleza FC vs America de Cali
    ⚠ API quota exhausted, using web scraper...
  ⚠ Result not available yet

Processing: AD Ceuta FC vs Cordoba
    ⚠ API quota exhausted, using web scraper...
  ⚠ Result not available yet

Processing: Silkeborg vs Viborg
    ⚠ API quota exhausted, using web scraper...
  ⚠ Result not available yet

Processing: Servette FC vs FC Thun
    ⚠ API quota exhausted, using web scraper...
  ⚠ Result not available yet

Processing: Genk vs Anderlecht
    ⚠ API quota exhausted, using web scraper...
  ⚠ Result not available yet

Processing: Eyüpspor vs Başakşehir
    ⚠ API quota exhausted, using web scraper...
  ⚠ Result not available yet

============================================================

✓ Successfully processed: 0
⚠ Failed: 9

============================================================

📊 ACCUMULATOR ACCURACY STATISTICS

Total Predictions: 4
✅ Correct: 0 (0.0%)
❌ Incorrect: 0 (100.0%)
[Mon Feb  9 11:00:31 UTC 2026] Result fetch completed
=== SmartAcca Post-Mortem Generator ===
🌍 Including 9 other league matches
Found 9 match(es) to process.

Processing: Jaguares vs Deportivo Pereira
    ⚠ API quota exhausted, using web scraper...
  ⚠ Result not available yet

Processing: Velez Sarsfield vs Boca Juniors
    ⚠ API quota exhausted, using web scraper...
  ⚠ Result not available yet

Processing: Gimnasia M. vs Instituto Cordoba
    ⚠ API quota exhausted, using web scraper...
  ⚠ Result not available yet

Processing: Fortaleza FC vs America de Cali
    ⚠ API quota exhausted, using web scraper...
  ⚠ Result not available yet

Processing: AD Ceuta FC vs Cordoba
    ⚠ API quota exhausted, using web scraper...
  ⚠ Result not available yet

Processing: Silkeborg vs Viborg
    ⚠ API quota exhausted, using web scraper...
  ⚠ Result not available yet

Processing: Servette FC vs FC Thun
    ⚠ API quota exhausted, using web scraper...
  ⚠ Result not available yet

Processing: Genk vs Anderlecht
    ⚠ API quota exhausted, using web scraper...
  ⚠ Result not available yet

Processing: Eyüpspor vs Başakşehir
    ⚠ API quota exhausted, using web scraper...
  ⚠ Result not available yet

============================================================

✓ Successfully processed: 0
⚠ Failed: 9

============================================================

📊 ACCUMULATOR ACCURACY STATISTICS

Total Predictions: 4
✅ Correct: 0 (0.0%)
❌ Incorrect: 0 (100.0%)
[Mon Feb  9 11:00:32 UTC 2026] Result fetch completed
[Mon Feb  9 11:30:01 UTC 2026] Starting result fetch...
[Mon Feb  9 11:30:01 UTC 2026] Starting result fetch...
=== SmartAcca Post-Mortem Generator ===
🌍 Including 8 other league matches
Found 8 match(es) to process.

Processing: Jaguares vs Deportivo Pereira
    ⚠ API quota exhausted, using web scraper...
  ⚠ Result not available yet

Processing: Velez Sarsfield vs Boca Juniors
    ⚠ API quota exhausted, using web scraper...
  ⚠ Result not available yet

Processing: Gimnasia M. vs Instituto Cordoba
    ⚠ API quota exhausted, using web scraper...
  ⚠ Result not available yet

Processing: Fortaleza FC vs America de Cali
    ⚠ API quota exhausted, using web scraper...
  ⚠ Result not available yet

Processing: AD Ceuta FC vs Cordoba
    ⚠ API quota exhausted, using web scraper...
  ⚠ Result not available yet

Processing: Silkeborg vs Viborg
    ⚠ API quota exhausted, using web scraper...
  ⚠ Result not available yet

Processing: Servette FC vs FC Thun
    ⚠ API quota exhausted, using web scraper...
  ⚠ Result not available yet

Processing: Genk vs Anderlecht
    ⚠ API quota exhausted, using web scraper...
  ⚠ Result not available yet

============================================================

✓ Successfully processed: 0
⚠ Failed: 8

============================================================

📊 ACCUMULATOR ACCURACY STATISTICS

Total Predictions: 4
✅ Correct: 0 (0.0%)
❌ Incorrect: 0 (100.0%)
=== SmartAcca Post-Mortem Generator ===
🌍 Including 8 other league matches
Found 8 match(es) to process.

Processing: Jaguares vs Deportivo Pereira
    ⚠ API quota exhausted, using web scraper...
  ⚠ Result not available yet

Processing: Velez Sarsfield vs Boca Juniors
    ⚠ API quota exhausted, using web scraper...
  ⚠ Result not available yet

Processing: Gimnasia M. vs Instituto Cordoba
    ⚠ API quota exhausted, using web scraper...
  ⚠ Result not available yet

Processing: Fortaleza FC vs America de Cali
    ⚠ API quota exhausted, using web scraper...
  ⚠ Result not available yet

Processing: AD Ceuta FC vs Cordoba
    ⚠ API quota exhausted, using web scraper...
  ⚠ Result not available yet

Processing: Silkeborg vs Viborg
    ⚠ API quota exhausted, using web scraper...
  ⚠ Result not available yet

Processing: Servette FC vs FC Thun
    ⚠ API quota exhausted, using web scraper...
  ⚠ Result not available yet

Processing: Genk vs Anderlecht
    ⚠ API quota exhausted, using web scraper...
  ⚠ Result not available yet

============================================================

✓ Successfully processed: 0
⚠ Failed: 8

============================================================

📊 ACCUMULATOR ACCURACY STATISTICS

Total Predictions: 4
✅ Correct: 0 (0.0%)
❌ Incorrect: 0 (100.0%)
[Mon Feb  9 11:30:28 UTC 2026] Result fetch completed
[Mon Feb  9 11:30:28 UTC 2026] Result fetch completed
[Mon Feb  9 12:00:02 UTC 2026] Starting result fetch...
[Mon Feb  9 12:00:02 UTC 2026] Starting result fetch...
=== SmartAcca Post-Mortem Generator ===
🌍 Including 8 other league matches
Found 8 match(es) to process.

Processing: Jaguares vs Deportivo Pereira
    ⚠ API quota exhausted, using web scraper...
  ⚠ Result not available yet

Processing: Velez Sarsfield vs Boca Juniors
    ⚠ API quota exhausted, using web scraper...
  ⚠ Result not available yet

Processing: Gimnasia M. vs Instituto Cordoba
    ⚠ API quota exhausted, using web scraper...
  ⚠ Result not available yet

Processing: Fortaleza FC vs America de Cali
    ⚠ API quota exhausted, using web scraper...
  ⚠ Result not available yet

Processing: AD Ceuta FC vs Cordoba
    ⚠ API quota exhausted, using web scraper...
  ⚠ Result not available yet

Processing: Silkeborg vs Viborg
    ⚠ API quota exhausted, using web scraper...
  ⚠ Result not available yet

Processing: Servette FC vs FC Thun
    ⚠ API quota exhausted, using web scraper...
  ⚠ Result not available yet

Processing: Genk vs Anderlecht
    ⚠ API quota exhausted, using web scraper...
  ⚠ Result not available yet

============================================================

✓ Successfully processed: 0
⚠ Failed: 8

============================================================

📊 ACCUMULATOR ACCURACY STATISTICS

Total Predictions: 4
✅ Correct: 0 (0.0%)
❌ Incorrect: 0 (100.0%)
[Mon Feb  9 12:00:30 UTC 2026] Result fetch completed
=== SmartAcca Post-Mortem Generator ===
🌍 Including 8 other league matches
Found 8 match(es) to process.

Processing: Jaguares vs Deportivo Pereira
    ⚠ API quota exhausted, using web scraper...
  ⚠ Result not available yet

Processing: Velez Sarsfield vs Boca Juniors
    ⚠ API quota exhausted, using web scraper...
  ⚠ Result not available yet

Processing: Gimnasia M. vs Instituto Cordoba
    ⚠ API quota exhausted, using web scraper...
  ⚠ Result not available yet

Processing: Fortaleza FC vs America de Cali
    ⚠ API quota exhausted, using web scraper...
  ⚠ Result not available yet

Processing: AD Ceuta FC vs Cordoba
    ⚠ API quota exhausted, using web scraper...
  ⚠ Result not available yet

Processing: Silkeborg vs Viborg
    ⚠ API quota exhausted, using web scraper...
  ⚠ Result not available yet

Processing: Servette FC vs FC Thun
    ⚠ API quota exhausted, using web scraper...
  ⚠ Result not available yet

Processing: Genk vs Anderlecht
    ⚠ API quota exhausted, using web scraper...
  ⚠ Result not available yet

============================================================

✓ Successfully processed: 0
⚠ Failed: 8

============================================================

📊 ACCUMULATOR ACCURACY STATISTICS

Total Predictions: 4
✅ Correct: 0 (0.0%)
❌ Incorrect: 0 (100.0%)
[Mon Feb  9 12:00:33 UTC 2026] Result fetch completed
[Mon Feb  9 12:30:01 UTC 2026] Starting result fetch...
[Mon Feb  9 12:30:01 UTC 2026] Starting result fetch...
=== SmartAcca Post-Mortem Generator ===
🌍 Including 7 other league matches
Found 7 match(es) to process.

Processing: Jaguares vs Deportivo Pereira
    ⚠ API quota exhausted, using web scraper...
  ⚠ Result not available yet

Processing: Velez Sarsfield vs Boca Juniors
    ⚠ API quota exhausted, using web scraper...
  ⚠ Result not available yet

Processing: Gimnasia M. vs Instituto Cordoba
    ⚠ API quota exhausted, using web scraper...
  ⚠ Result not available yet

Processing: Fortaleza FC vs America de Cali
    ⚠ API quota exhausted, using web scraper...
  ⚠ Result not available yet

Processing: AD Ceuta FC vs Cordoba
    ⚠ API quota exhausted, using web scraper...
  ⚠ Result not available yet

Processing: Silkeborg vs Viborg
    ⚠ API quota exhausted, using web scraper...
  ⚠ Result not available yet

Processing: Servette FC vs FC Thun
    ⚠ API quota exhausted, using web scraper...
  ⚠ Result not available yet

============================================================

✓ Successfully processed: 0
⚠ Failed: 7

============================================================

📊 ACCUMULATOR ACCURACY STATISTICS

Total Predictions: 4
✅ Correct: 0 (0.0%)
❌ Incorrect: 0 (100.0%)
[Mon Feb  9 12:30:26 UTC 2026] Result fetch completed
=== SmartAcca Post-Mortem Generator ===
🌍 Including 7 other league matches
Found 7 match(es) to process.

Processing: Jaguares vs Deportivo Pereira
    ⚠ API quota exhausted, using web scraper...
  ⚠ Result not available yet

Processing: Velez Sarsfield vs Boca Juniors
    ⚠ API quota exhausted, using web scraper...
  ⚠ Result not available yet

Processing: Gimnasia M. vs Instituto Cordoba
    ⚠ API quota exhausted, using web scraper...
  ⚠ Result not available yet

Processing: Fortaleza FC vs America de Cali
    ⚠ API quota exhausted, using web scraper...
  ⚠ Result not available yet

Processing: AD Ceuta FC vs Cordoba
    ⚠ API quota exhausted, using web scraper...
  ⚠ Result not available yet

Processing: Silkeborg vs Viborg
    ⚠ API quota exhausted, using web scraper...
  ⚠ Result not available yet

Processing: Servette FC vs FC Thun
    ⚠ API quota exhausted, using web scraper...
  ⚠ Result not available yet

============================================================

✓ Successfully processed: 0
⚠ Failed: 7

============================================================

📊 ACCUMULATOR ACCURACY STATISTICS

Total Predictions: 4
✅ Correct: 0 (0.0%)
❌ Incorrect: 0 (100.0%)
[Mon Feb  9 12:30:27 UTC 2026] Result fetch completed
[Mon Feb  9 13:00:01 UTC 2026] Starting result fetch...
[Mon Feb  9 13:00:01 UTC 2026] Starting result fetch...
=== SmartAcca Post-Mortem Generator ===
🌍 Including 5 other league matches
Found 5 match(es) to process.

Processing: Jaguares vs Deportivo Pereira
    ⚠ API quota exhausted, using web scraper...
  ⚠ Result not available yet

Processing: Velez Sarsfield vs Boca Juniors
    ⚠ API quota exhausted, using web scraper...
  ⚠ Result not available yet

Processing: Gimnasia M. vs Instituto Cordoba
    ⚠ API quota exhausted, using web scraper...
  ⚠ Result not available yet

Processing: Fortaleza FC vs America de Cali
    ⚠ API quota exhausted, using web scraper...
  ⚠ Result not available yet

Processing: AD Ceuta FC vs Cordoba
    ⚠ API quota exhausted, using web scraper...
  ⚠ Result not available yet

============================================================

✓ Successfully processed: 0
⚠ Failed: 5

============================================================

📊 ACCUMULATOR ACCURACY STATISTICS

Total Predictions: 4
✅ Correct: 0 (0.0%)
❌ Incorrect: 0 (100.0%)
[Mon Feb  9 13:00:20 UTC 2026] Result fetch completed
=== SmartAcca Post-Mortem Generator ===
🌍 Including 5 other league matches
Found 5 match(es) to process.

Processing: Jaguares vs Deportivo Pereira
    ⚠ API quota exhausted, using web scraper...
  ⚠ Result not available yet

Processing: Velez Sarsfield vs Boca Juniors
    ⚠ API quota exhausted, using web scraper...
  ⚠ Result not available yet

Processing: Gimnasia M. vs Instituto Cordoba
    ⚠ API quota exhausted, using web scraper...
  ⚠ Result not available yet

Processing: Fortaleza FC vs America de Cali
    ⚠ API quota exhausted, using web scraper...
  ⚠ Result not available yet

Processing: AD Ceuta FC vs Cordoba
    ⚠ API quota exhausted, using web scraper...
  ⚠ Result not available yet

============================================================

✓ Successfully processed: 0
⚠ Failed: 5

============================================================

📊 ACCUMULATOR ACCURACY STATISTICS

Total Predictions: 4
✅ Correct: 0 (0.0%)
❌ Incorrect: 0 (100.0%)
[Mon Feb  9 13:00:21 UTC 2026] Result fetch completed
[Mon Feb  9 13:30:02 UTC 2026] Starting result fetch...
[Mon Feb  9 13:30:02 UTC 2026] Starting result fetch...
=== SmartAcca Post-Mortem Generator ===
🌍 Including 5 other league matches
Found 5 match(es) to process.

Processing: Jaguares vs Deportivo Pereira
    ⚠ API quota exhausted, using web scraper...
  ⚠ Result not available yet

Processing: Velez Sarsfield vs Boca Juniors
    ⚠ API quota exhausted, using web scraper...
  ⚠ Result not available yet

Processing: Gimnasia M. vs Instituto Cordoba
    ⚠ API quota exhausted, using web scraper...
  ⚠ Result not available yet

Processing: Fortaleza FC vs America de Cali
    ⚠ API quota exhausted, using web scraper...
  ⚠ Result not available yet

Processing: AD Ceuta FC vs Cordoba
    ⚠ API quota exhausted, using web scraper...
  ⚠ Result not available yet

============================================================

✓ Successfully processed: 0
⚠ Failed: 5

============================================================

📊 ACCUMULATOR ACCURACY STATISTICS

Total Predictions: 4
✅ Correct: 0 (0.0%)
❌ Incorrect: 0 (100.0%)
=== SmartAcca Post-Mortem Generator ===
🌍 Including 5 other league matches
Found 5 match(es) to process.

Processing: Jaguares vs Deportivo Pereira
    ⚠ API quota exhausted, using web scraper...
  ⚠ Result not available yet

Processing: Velez Sarsfield vs Boca Juniors
    ⚠ API quota exhausted, using web scraper...
  ⚠ Result not available yet

Processing: Gimnasia M. vs Instituto Cordoba
    ⚠ API quota exhausted, using web scraper...
  ⚠ Result not available yet

Processing: Fortaleza FC vs America de Cali
    ⚠ API quota exhausted, using web scraper...
  ⚠ Result not available yet

Processing: AD Ceuta FC vs Cordoba
    ⚠ API quota exhausted, using web scraper...
  ⚠ Result not available yet

============================================================

✓ Successfully processed: 0
⚠ Failed: 5

============================================================

📊 ACCUMULATOR ACCURACY STATISTICS

Total Predictions: 4
✅ Correct: 0 (0.0%)
❌ Incorrect: 0 (100.0%)
[Mon Feb  9 13:30:20 UTC 2026] Result fetch completed
[Mon Feb  9 13:30:20 UTC 2026] Result fetch completed
[Mon Feb  9 14:00:01 UTC 2026] Starting result fetch...
[Mon Feb  9 14:00:01 UTC 2026] Starting result fetch...
=== SmartAcca Post-Mortem Generator ===
🌍 Including 6 other league matches
Found 6 match(es) to process.

Processing: Kayserispor vs Kocaelispor
    ⚠ API quota exhausted, using web scraper...
  ⚠ Result not available yet

Processing: Jaguares vs Deportivo Pereira
    ⚠ API quota exhausted, using web scraper...
  ⚠ Result not available yet

Processing: Velez Sarsfield vs Boca Juniors
    ⚠ API quota exhausted, using web scraper...
  ⚠ Result not available yet

Processing: Gimnasia M. vs Instituto Cordoba
    ⚠ API quota exhausted, using web scraper...
  ⚠ Result not available yet

Processing: Fortaleza FC vs America de Cali
    ⚠ API quota exhausted, using web scraper...
  ⚠ Result not available yet

Processing: AD Ceuta FC vs Cordoba
    ⚠ API quota exhausted, using web scraper...
  ⚠ Result not available yet

============================================================

✓ Successfully processed: 0
⚠ Failed: 6

============================================================

📊 ACCUMULATOR ACCURACY STATISTICS

Total Predictions: 4
✅ Correct: 0 (0.0%)
❌ Incorrect: 0 (100.0%)
[Mon Feb  9 14:00:25 UTC 2026] Result fetch completed
=== SmartAcca Post-Mortem Generator ===
🌍 Including 6 other league matches
Found 6 match(es) to process.

Processing: Kayserispor vs Kocaelispor
    ⚠ API quota exhausted, using web scraper...
  ⚠ Result not available yet

Processing: Jaguares vs Deportivo Pereira
    ⚠ API quota exhausted, using web scraper...
  ⚠ Result not available yet

Processing: Velez Sarsfield vs Boca Juniors
    ⚠ API quota exhausted, using web scraper...
  ⚠ Result not available yet

Processing: Gimnasia M. vs Instituto Cordoba
    ⚠ API quota exhausted, using web scraper...
  ⚠ Result not available yet

Processing: Fortaleza FC vs America de Cali
    ⚠ API quota exhausted, using web scraper...
  ⚠ Result not available yet

Processing: AD Ceuta FC vs Cordoba
    ⚠ API quota exhausted, using web scraper...
  ⚠ Result not available yet

============================================================

✓ Successfully processed: 0
⚠ Failed: 6

============================================================

📊 ACCUMULATOR ACCURACY STATISTICS

Total Predictions: 4
✅ Correct: 0 (0.0%)
❌ Incorrect: 0 (100.0%)
[Mon Feb  9 14:00:26 UTC 2026] Result fetch completed
[Mon Feb  9 14:30:01 UTC 2026] Starting result fetch...
[Mon Feb  9 14:30:01 UTC 2026] Starting result fetch...
=== SmartAcca Post-Mortem Generator ===
🌍 Including 6 other league matches
Found 6 match(es) to process.

Processing: Kayserispor vs Kocaelispor
    ⚠ API quota exhausted, using web scraper...
  ⚠ Result not available yet

Processing: Jaguares vs Deportivo Pereira
    ⚠ API quota exhausted, using web scraper...
  ⚠ Result not available yet

Processing: Velez Sarsfield vs Boca Juniors
    ⚠ API quota exhausted, using web scraper...
  ⚠ Result not available yet

Processing: Gimnasia M. vs Instituto Cordoba
    ⚠ API quota exhausted, using web scraper...
  ⚠ Result not available yet

Processing: Fortaleza FC vs America de Cali
    ⚠ API quota exhausted, using web scraper...
  ⚠ Result not available yet

Processing: AD Ceuta FC vs Cordoba
    ⚠ API quota exhausted, using web scraper...
  ⚠ Result not available yet

============================================================

✓ Successfully processed: 0
⚠ Failed: 6

============================================================

📊 ACCUMULATOR ACCURACY STATISTICS

Total Predictions: 4
✅ Correct: 0 (0.0%)
❌ Incorrect: 0 (100.0%)
=== SmartAcca Post-Mortem Generator ===
🌍 Including 6 other league matches
Found 6 match(es) to process.

Processing: Kayserispor vs Kocaelispor
    ⚠ API quota exhausted, using web scraper...
  ⚠ Result not available yet

Processing: Jaguares vs Deportivo Pereira
    ⚠ API quota exhausted, using web scraper...
  ⚠ Result not available yet

Processing: Velez Sarsfield vs Boca Juniors
    ⚠ API quota exhausted, using web scraper...
  ⚠ Result not available yet

Processing: Gimnasia M. vs Instituto Cordoba
    ⚠ API quota exhausted, using web scraper...
  ⚠ Result not available yet

Processing: Fortaleza FC vs America de Cali
    ⚠ API quota exhausted, using web scraper...
  ⚠ Result not available yet

Processing: AD Ceuta FC vs Cordoba
    ⚠ API quota exhausted, using web scraper...
  ⚠ Result not available yet

============================================================

✓ Successfully processed: 0
⚠ Failed: 6

============================================================

📊 ACCUMULATOR ACCURACY STATISTICS

Total Predictions: 4
✅ Correct: 0 (0.0%)
❌ Incorrect: 0 (100.0%)
[Mon Feb  9 14:30:23 UTC 2026] Result fetch completed
[Mon Feb  9 14:30:24 UTC 2026] Result fetch completed
[Mon Feb  9 15:00:01 UTC 2026] Starting result fetch...
[Mon Feb  9 15:00:01 UTC 2026] Starting result fetch...
=== SmartAcca Post-Mortem Generator ===
🌍 Including 6 other league matches
Found 6 match(es) to process.

Processing: Kayserispor vs Kocaelispor
    ⚠ API quota exhausted, using web scraper...
  ⚠ Result not available yet

Processing: Jaguares vs Deportivo Pereira
    ⚠ API quota exhausted, using web scraper...
  ⚠ Result not available yet

Processing: Velez Sarsfield vs Boca Juniors
    ⚠ API quota exhausted, using web scraper...
  ⚠ Result not available yet

Processing: Gimnasia M. vs Instituto Cordoba
    ⚠ API quota exhausted, using web scraper...
  ⚠ Result not available yet

Processing: Fortaleza FC vs America de Cali
    ⚠ API quota exhausted, using web scraper...
  ⚠ Result not available yet

Processing: AD Ceuta FC vs Cordoba
    ⚠ API quota exhausted, using web scraper...
  ⚠ Result not available yet

============================================================

✓ Successfully processed: 0
⚠ Failed: 6

============================================================

📊 ACCUMULATOR ACCURACY STATISTICS

Total Predictions: 4
✅ Correct: 0 (0.0%)
❌ Incorrect: 0 (100.0%)
=== SmartAcca Post-Mortem Generator ===
🌍 Including 6 other league matches
Found 6 match(es) to process.

Processing: Kayserispor vs Kocaelispor
    ⚠ API quota exhausted, using web scraper...
  ⚠ Result not available yet

Processing: Jaguares vs Deportivo Pereira
    ⚠ API quota exhausted, using web scraper...
  ⚠ Result not available yet

Processing: Velez Sarsfield vs Boca Juniors
    ⚠ API quota exhausted, using web scraper...
  ⚠ Result not available yet

Processing: Gimnasia M. vs Instituto Cordoba
    ⚠ API quota exhausted, using web scraper...
  ⚠ Result not available yet

Processing: Fortaleza FC vs America de Cali
    ⚠ API quota exhausted, using web scraper...
  ⚠ Result not available yet

Processing: AD Ceuta FC vs Cordoba
    ⚠ API quota exhausted, using web scraper...
  ⚠ Result not available yet

============================================================

✓ Successfully processed: 0
⚠ Failed: 6

============================================================

📊 ACCUMULATOR ACCURACY STATISTICS

Total Predictions: 4
✅ Correct: 0 (0.0%)
❌ Incorrect: 0 (100.0%)
[Mon Feb  9 15:00:25 UTC 2026] Result fetch completed
[Mon Feb  9 15:00:25 UTC 2026] Result fetch completed
[Mon Feb  9 15:30:01 UTC 2026] Starting result fetch...
[Mon Feb  9 15:30:01 UTC 2026] Starting result fetch...
=== SmartAcca Post-Mortem Generator ===
🌍 Including 5 other league matches
Found 5 match(es) to process.

Processing: Kayserispor vs Kocaelispor
    ⚠ API quota exhausted, using web scraper...
  ⚠ Result not available yet

Processing: Jaguares vs Deportivo Pereira
    ⚠ API quota exhausted, using web scraper...
  ⚠ Result not available yet

Processing: Velez Sarsfield vs Boca Juniors
    ⚠ API quota exhausted, using web scraper...
  ⚠ Result not available yet

Processing: Gimnasia M. vs Instituto Cordoba
    ⚠ API quota exhausted, using web scraper...
  ⚠ Result not available yet

Processing: Fortaleza FC vs America de Cali
    ⚠ API quota exhausted, using web scraper...
  ⚠ Result not available yet

============================================================

✓ Successfully processed: 0
⚠ Failed: 5

============================================================

📊 ACCUMULATOR ACCURACY STATISTICS

Total Predictions: 4
✅ Correct: 0 (0.0%)
❌ Incorrect: 0 (100.0%)
[Mon Feb  9 15:30:20 UTC 2026] Result fetch completed
=== SmartAcca Post-Mortem Generator ===
🌍 Including 5 other league matches
Found 5 match(es) to process.

Processing: Kayserispor vs Kocaelispor
    ⚠ API quota exhausted, using web scraper...
  ⚠ Result not available yet

Processing: Jaguares vs Deportivo Pereira
    ⚠ API quota exhausted, using web scraper...
  ⚠ Result not available yet

Processing: Velez Sarsfield vs Boca Juniors
    ⚠ API quota exhausted, using web scraper...
  ⚠ Result not available yet

Processing: Gimnasia M. vs Instituto Cordoba
    ⚠ API quota exhausted, using web scraper...
  ⚠ Result not available yet

Processing: Fortaleza FC vs America de Cali
    ⚠ API quota exhausted, using web scraper...
  ⚠ Result not available yet

============================================================

✓ Successfully processed: 0
⚠ Failed: 5

============================================================

📊 ACCUMULATOR ACCURACY STATISTICS

Total Predictions: 4
✅ Correct: 0 (0.0%)
❌ Incorrect: 0 (100.0%)
[Mon Feb  9 15:30:21 UTC 2026] Result fetch completed
[Mon Feb  9 16:00:01 UTC 2026] Starting result fetch...
[Mon Feb  9 16:00:01 UTC 2026] Starting result fetch...
=== SmartAcca Post-Mortem Generator ===
🌍 Including 5 other league matches
Found 5 match(es) to process.

Processing: Kayserispor vs Kocaelispor
    ⚠ API quota exhausted, using web scraper...
  ⚠ Result not available yet

Processing: Jaguares vs Deportivo Pereira
    ⚠ API quota exhausted, using web scraper...
  ⚠ Result not available yet

Processing: Velez Sarsfield vs Boca Juniors
    ⚠ API quota exhausted, using web scraper...
  ⚠ Result not available yet

Processing: Gimnasia M. vs Instituto Cordoba
    ⚠ API quota exhausted, using web scraper...
  ⚠ Result not available yet

Processing: Fortaleza FC vs America de Cali
    ⚠ API quota exhausted, using web scraper...
  ⚠ Result not available yet

============================================================

✓ Successfully processed: 0
⚠ Failed: 5

============================================================

📊 ACCUMULATOR ACCURACY STATISTICS

Total Predictions: 4
✅ Correct: 0 (0.0%)
❌ Incorrect: 0 (100.0%)
[Mon Feb  9 16:00:21 UTC 2026] Result fetch completed
=== SmartAcca Post-Mortem Generator ===
🌍 Including 5 other league matches
Found 5 match(es) to process.

Processing: Kayserispor vs Kocaelispor
    ⚠ API quota exhausted, using web scraper...
  ⚠ Result not available yet

Processing: Jaguares vs Deportivo Pereira
    ⚠ API quota exhausted, using web scraper...
  ⚠ Result not available yet

Processing: Velez Sarsfield vs Boca Juniors
    ⚠ API quota exhausted, using web scraper...
  ⚠ Result not available yet

Processing: Gimnasia M. vs Instituto Cordoba
    ⚠ API quota exhausted, using web scraper...
  ⚠ Result not available yet

Processing: Fortaleza FC vs America de Cali
    ⚠ API quota exhausted, using web scraper...
  ⚠ Result not available yet

============================================================

✓ Successfully processed: 0
⚠ Failed: 5

============================================================

📊 ACCUMULATOR ACCURACY STATISTICS

Total Predictions: 4
✅ Correct: 0 (0.0%)
❌ Incorrect: 0 (100.0%)
[Mon Feb  9 16:00:22 UTC 2026] Result fetch completed
[Mon Feb  9 16:30:01 UTC 2026] Starting result fetch...
[Mon Feb  9 16:30:01 UTC 2026] Starting result fetch...
=== SmartAcca Post-Mortem Generator ===
🌍 Including 5 other league matches
Found 5 match(es) to process.

Processing: Kayserispor vs Kocaelispor
    ⚠ API quota exhausted, using web scraper...
  ⚠ Result not available yet

Processing: Jaguares vs Deportivo Pereira
    ⚠ API quota exhausted, using web scraper...
  ⚠ Result not available yet

Processing: Velez Sarsfield vs Boca Juniors
    ⚠ API quota exhausted, using web scraper...
  ⚠ Result not available yet

Processing: Gimnasia M. vs Instituto Cordoba
    ⚠ API quota exhausted, using web scraper...
  ⚠ Result not available yet

Processing: Fortaleza FC vs America de Cali
    ⚠ API quota exhausted, using web scraper...
  ⚠ Result not available yet

============================================================

✓ Successfully processed: 0
⚠ Failed: 5

============================================================

📊 ACCUMULATOR ACCURACY STATISTICS

Total Predictions: 4
✅ Correct: 0 (0.0%)
❌ Incorrect: 0 (100.0%)
[Mon Feb  9 16:30:18 UTC 2026] Result fetch completed
=== SmartAcca Post-Mortem Generator ===
🌍 Including 5 other league matches
Found 5 match(es) to process.

Processing: Kayserispor vs Kocaelispor
    ⚠ API quota exhausted, using web scraper...
  ⚠ Result not available yet

Processing: Jaguares vs Deportivo Pereira
    ⚠ API quota exhausted, using web scraper...
  ⚠ Result not available yet

Processing: Velez Sarsfield vs Boca Juniors
    ⚠ API quota exhausted, using web scraper...
  ⚠ Result not available yet

Processing: Gimnasia M. vs Instituto Cordoba
    ⚠ API quota exhausted, using web scraper...
  ⚠ Result not available yet

Processing: Fortaleza FC vs America de Cali
    ⚠ API quota exhausted, using web scraper...
  ⚠ Result not available yet

============================================================

✓ Successfully processed: 0
⚠ Failed: 5

============================================================

📊 ACCUMULATOR ACCURACY STATISTICS

Total Predictions: 4
✅ Correct: 0 (0.0%)
❌ Incorrect: 0 (100.0%)
[Mon Feb  9 16:30:20 UTC 2026] Result fetch completed
[Mon Feb  9 17:00:01 UTC 2026] Starting result fetch...
[Mon Feb  9 17:00:01 UTC 2026] Starting result fetch...
=== SmartAcca Post-Mortem Generator ===
🌍 Including 7 other league matches
Found 7 match(es) to process.

Processing: Fenerbahçe vs Genclerbirligi
    ⚠ API quota exhausted, using web scraper...
  ⚠ Result not available yet

Processing: Gazişehir Gaziantep vs Kasımpaşa
    ⚠ API quota exhausted, using web scraper...
  ⚠ Result not available yet

Processing: Kayserispor vs Kocaelispor
    ⚠ API quota exhausted, using web scraper...
  ⚠ Result not available yet

Processing: Jaguares vs Deportivo Pereira
    ⚠ API quota exhausted, using web scraper...
  ⚠ Result not available yet

Processing: Velez Sarsfield vs Boca Juniors
    ⚠ API quota exhausted, using web scraper...
  ⚠ Result not available yet

Processing: Gimnasia M. vs Instituto Cordoba
    ⚠ API quota exhausted, using web scraper...
  ⚠ Result not available yet

Processing: Fortaleza FC vs America de Cali
    ⚠ API quota exhausted, using web scraper...
  ⚠ Result not available yet

============================================================

✓ Successfully processed: 0
⚠ Failed: 7

============================================================

📊 ACCUMULATOR ACCURACY STATISTICS

Total Predictions: 4
✅ Correct: 0 (0.0%)
❌ Incorrect: 0 (100.0%)
=== SmartAcca Post-Mortem Generator ===
🌍 Including 7 other league matches
Found 7 match(es) to process.

Processing: Fenerbahçe vs Genclerbirligi
    ⚠ API quota exhausted, using web scraper...
  ⚠ Result not available yet

Processing: Gazişehir Gaziantep vs Kasımpaşa
    ⚠ API quota exhausted, using web scraper...
  ⚠ Result not available yet

Processing: Kayserispor vs Kocaelispor
    ⚠ API quota exhausted, using web scraper...
  ⚠ Result not available yet

Processing: Jaguares vs Deportivo Pereira
    ⚠ API quota exhausted, using web scraper...
  ⚠ Result not available yet

Processing: Velez Sarsfield vs Boca Juniors
    ⚠ API quota exhausted, using web scraper...
  ⚠ Result not available yet

Processing: Gimnasia M. vs Instituto Cordoba
    ⚠ API quota exhausted, using web scraper...
  ⚠ Result not available yet

Processing: Fortaleza FC vs America de Cali
    ⚠ API quota exhausted, using web scraper...
  ⚠ Result not available yet

============================================================

✓ Successfully processed: 0
⚠ Failed: 7

============================================================

📊 ACCUMULATOR ACCURACY STATISTICS

Total Predictions: 4
✅ Correct: 0 (0.0%)
❌ Incorrect: 0 (100.0%)
[Mon Feb  9 17:00:27 UTC 2026] Result fetch completed
[Mon Feb  9 17:00:27 UTC 2026] Result fetch completed
[Mon Feb  9 17:30:01 UTC 2026] Starting result fetch...
[Mon Feb  9 17:30:01 UTC 2026] Starting result fetch...
=== SmartAcca Post-Mortem Generator ===
📈 Including 1 major league matches
🌍 Including 7 other league matches
Found 8 match(es) to process.

Processing: Atalanta vs Cremonese
    ⚠ API quota exhausted, using web scraper...
  ⚠ Result not available yet

Processing: Fenerbahçe vs Genclerbirligi
    ⚠ API quota exhausted, using web scraper...
  ⚠ Result not available yet

Processing: Gazişehir Gaziantep vs Kasımpaşa
    ⚠ API quota exhausted, using web scraper...
  ⚠ Result not available yet

Processing: Kayserispor vs Kocaelispor
    ⚠ API quota exhausted, using web scraper...
  ⚠ Result not available yet

Processing: Jaguares vs Deportivo Pereira
    ⚠ API quota exhausted, using web scraper...
  ⚠ Result not available yet

Processing: Velez Sarsfield vs Boca Juniors
    ⚠ API quota exhausted, using web scraper...
  ⚠ Result not available yet

Processing: Gimnasia M. vs Instituto Cordoba
    ⚠ API quota exhausted, using web scraper...
  ⚠ Result not available yet

Processing: Fortaleza FC vs America de Cali
    ⚠ API quota exhausted, using web scraper...
  ⚠ Result not available yet

============================================================

✓ Successfully processed: 0
⚠ Failed: 8

============================================================

📊 ACCUMULATOR ACCURACY STATISTICS

Total Predictions: 4
✅ Correct: 0 (0.0%)
❌ Incorrect: 0 (100.0%)
[Mon Feb  9 17:30:30 UTC 2026] Result fetch completed
=== SmartAcca Post-Mortem Generator ===
📈 Including 1 major league matches
🌍 Including 7 other league matches
Found 8 match(es) to process.

Processing: Atalanta vs Cremonese
    ⚠ API quota exhausted, using web scraper...
  ⚠ Result not available yet

Processing: Fenerbahçe vs Genclerbirligi
    ⚠ API quota exhausted, using web scraper...
  ⚠ Result not available yet

Processing: Gazişehir Gaziantep vs Kasımpaşa
    ⚠ API quota exhausted, using web scraper...
  ⚠ Result not available yet

Processing: Kayserispor vs Kocaelispor
    ⚠ API quota exhausted, using web scraper...
  ⚠ Result not available yet

Processing: Jaguares vs Deportivo Pereira
    ⚠ API quota exhausted, using web scraper...
  ⚠ Result not available yet

Processing: Velez Sarsfield vs Boca Juniors
    ⚠ API quota exhausted, using web scraper...
  ⚠ Result not available yet

Processing: Gimnasia M. vs Instituto Cordoba
    ⚠ API quota exhausted, using web scraper...
  ⚠ Result not available yet

Processing: Fortaleza FC vs America de Cali
    ⚠ API quota exhausted, using web scraper...
  ⚠ Result not available yet

============================================================

✓ Successfully processed: 0
⚠ Failed: 8

============================================================

📊 ACCUMULATOR ACCURACY STATISTICS

Total Predictions: 4
✅ Correct: 0 (0.0%)
❌ Incorrect: 0 (100.0%)
[Mon Feb  9 17:30:31 UTC 2026] Result fetch completed
[Mon Feb  9 18:00:01 UTC 2026] Starting result fetch...
[Mon Feb  9 18:00:01 UTC 2026] Starting result fetch...
=== SmartAcca Post-Mortem Generator ===
📈 Including 1 major league matches
🌍 Including 8 other league matches
Found 9 match(es) to process.

Processing: Vejle vs FC Fredericia
    ⚠ API quota exhausted, using web scraper...
  ⚠ Result not available yet

Processing: Atalanta vs Cremonese
    ⚠ API quota exhausted, using web scraper...
    ✓ Found via ESPN
  Result: Atalanta 1 - 0 Cremonese (FT)
  ⚠ Suspicious FT status: Match marked as finished after only 30 minutes

Processing: Fenerbahçe vs Genclerbirligi
    ⚠ API quota exhausted, using web scraper...
  ⚠ Result not available yet

Processing: Gazişehir Gaziantep vs Kasımpaşa
    ⚠ API quota exhausted, using web scraper...
  ⚠ Result not available yet

Processing: Kayserispor vs Kocaelispor
    ⚠ API quota exhausted, using web scraper...
  ⚠ Result not available yet

Processing: Jaguares vs Deportivo Pereira
    ⚠ API quota exhausted, using web scraper...
  ⚠ Result not available yet

Processing: Velez Sarsfield vs Boca Juniors
    ⚠ API quota exhausted, using web scraper...
  ⚠ Result not available yet

Processing: Gimnasia M. vs Instituto Cordoba
    ⚠ API quota exhausted, using web scraper...
  ⚠ Result not available yet

Processing: Fortaleza FC vs America de Cali
    ⚠ API quota exhausted, using web scraper...
  ⚠ Result not available yet

============================================================

✓ Successfully processed: 1
⚠ Failed: 8

============================================================

📊 ACCUMULATOR ACCURACY STATISTICS

Total Predictions: 4
✅ Correct: 0 (0.0%)
❌ Incorrect: 0 (100.0%)
[Mon Feb  9 18:00:32 UTC 2026] Result fetch completed
=== SmartAcca Post-Mortem Generator ===
📈 Including 1 major league matches
🌍 Including 8 other league matches
Found 9 match(es) to process.

Processing: Vejle vs FC Fredericia
    ⚠ API quota exhausted, using web scraper...
  ⚠ Result not available yet

Processing: Atalanta vs Cremonese
    ⚠ API quota exhausted, using web scraper...
    ✓ Found via ESPN
  Result: Atalanta 1 - 0 Cremonese (FT)
  ⚠ Suspicious FT status: Match marked as finished after only 30 minutes

Processing: Fenerbahçe vs Genclerbirligi
    ⚠ API quota exhausted, using web scraper...
  ⚠ Result not available yet

Processing: Gazişehir Gaziantep vs Kasımpaşa
    ⚠ API quota exhausted, using web scraper...
  ⚠ Result not available yet

Processing: Kayserispor vs Kocaelispor
    ⚠ API quota exhausted, using web scraper...
  ⚠ Result not available yet

Processing: Jaguares vs Deportivo Pereira
    ⚠ API quota exhausted, using web scraper...
  ⚠ Result not available yet

Processing: Velez Sarsfield vs Boca Juniors
    ⚠ API quota exhausted, using web scraper...
  ⚠ Result not available yet

Processing: Gimnasia M. vs Instituto Cordoba
    ⚠ API quota exhausted, using web scraper...
  ⚠ Result not available yet

Processing: Fortaleza FC vs America de Cali
    ⚠ API quota exhausted, using web scraper...
  ⚠ Result not available yet

============================================================

✓ Successfully processed: 1
⚠ Failed: 8

============================================================

📊 ACCUMULATOR ACCURACY STATISTICS

Total Predictions: 4
✅ Correct: 0 (0.0%)
❌ Incorrect: 0 (100.0%)
[Mon Feb  9 18:00:33 UTC 2026] Result fetch completed
[Mon Feb  9 18:30:01 UTC 2026] Starting result fetch...
[Mon Feb  9 18:30:01 UTC 2026] Starting result fetch...
=== SmartAcca Post-Mortem Generator ===
🌍 Including 8 other league matches
Found 8 match(es) to process.

Processing: Vejle vs FC Fredericia
    ⚠ API quota exhausted, using web scraper...
  ⚠ Result not available yet

Processing: Fenerbahçe vs Genclerbirligi
    ⚠ API quota exhausted, using web scraper...
  ⚠ Result not available yet

Processing: Gazişehir Gaziantep vs Kasımpaşa
    ⚠ API quota exhausted, using web scraper...
  ⚠ Result not available yet

Processing: Kayserispor vs Kocaelispor
    ⚠ API quota exhausted, using web scraper...
  ⚠ Result not available yet

Processing: Jaguares vs Deportivo Pereira
    ⚠ API quota exhausted, using web scraper...
  ⚠ Result not available yet

Processing: Velez Sarsfield vs Boca Juniors
    ⚠ API quota exhausted, using web scraper...
  ⚠ Result not available yet

Processing: Gimnasia M. vs Instituto Cordoba
    ⚠ API quota exhausted, using web scraper...
  ⚠ Result not available yet

Processing: Fortaleza FC vs America de Cali
    ⚠ API quota exhausted, using web scraper...
  ⚠ Result not available yet

============================================================

✓ Successfully processed: 0
⚠ Failed: 8

============================================================

📊 ACCUMULATOR ACCURACY STATISTICS

Total Predictions: 4
✅ Correct: 0 (0.0%)
❌ Incorrect: 0 (100.0%)
[Mon Feb  9 18:30:27 UTC 2026] Result fetch completed
=== SmartAcca Post-Mortem Generator ===
🌍 Including 8 other league matches
Found 8 match(es) to process.

Processing: Vejle vs FC Fredericia
    ⚠ API quota exhausted, using web scraper...
  ⚠ Result not available yet

Processing: Fenerbahçe vs Genclerbirligi
    ⚠ API quota exhausted, using web scraper...
  ⚠ Result not available yet

Processing: Gazişehir Gaziantep vs Kasımpaşa
    ⚠ API quota exhausted, using web scraper...
  ⚠ Result not available yet

Processing: Kayserispor vs Kocaelispor
    ⚠ API quota exhausted, using web scraper...
  ⚠ Result not available yet

Processing: Jaguares vs Deportivo Pereira
    ⚠ API quota exhausted, using web scraper...
  ⚠ Result not available yet

Processing: Velez Sarsfield vs Boca Juniors
    ⚠ API quota exhausted, using web scraper...
  ⚠ Result not available yet

Processing: Gimnasia M. vs Instituto Cordoba
    ⚠ API quota exhausted, using web scraper...
  ⚠ Result not available yet

Processing: Fortaleza FC vs America de Cali
    ⚠ API quota exhausted, using web scraper...
  ⚠ Result not available yet

============================================================

✓ Successfully processed: 0
⚠ Failed: 8

============================================================

📊 ACCUMULATOR ACCURACY STATISTICS

Total Predictions: 4
✅ Correct: 0 (0.0%)
❌ Incorrect: 0 (100.0%)
[Mon Feb  9 18:30:28 UTC 2026] Result fetch completed
[Mon Feb  9 19:00:01 UTC 2026] Starting result fetch...
[Mon Feb  9 19:00:01 UTC 2026] Starting result fetch...
=== SmartAcca Post-Mortem Generator ===
🌍 Including 8 other league matches
Found 8 match(es) to process.

Processing: Famalicao vs AVS
    ⚠ API quota exhausted, using web scraper...
  ⚠ Result not available yet

Processing: Vejle vs FC Fredericia
    ⚠ API quota exhausted, using web scraper...
  ⚠ Result not available yet

Processing: Fenerbahçe vs Genclerbirligi
    ⚠ API quota exhausted, using web scraper...
  ⚠ Result not available yet

Processing: Gazişehir Gaziantep vs Kasımpaşa
    ⚠ API quota exhausted, using web scraper...
  ⚠ Result not available yet

Processing: Kayserispor vs Kocaelispor
    ⚠ API quota exhausted, using web scraper...
  ⚠ Result not available yet

Processing: Jaguares vs Deportivo Pereira
    ⚠ API quota exhausted, using web scraper...
  ⚠ Result not available yet

Processing: Velez Sarsfield vs Boca Juniors
    ⚠ API quota exhausted, using web scraper...
  ⚠ Result not available yet

Processing: Gimnasia M. vs Instituto Cordoba
    ⚠ API quota exhausted, using web scraper...
  ⚠ Result not available yet

============================================================

✓ Successfully processed: 0
⚠ Failed: 8

============================================================

📊 ACCUMULATOR ACCURACY STATISTICS

Total Predictions: 4
✅ Correct: 0 (0.0%)
❌ Incorrect: 0 (100.0%)
[Mon Feb  9 19:00:25 UTC 2026] Result fetch completed
=== SmartAcca Post-Mortem Generator ===
🌍 Including 8 other league matches
Found 8 match(es) to process.

Processing: Famalicao vs AVS
    ⚠ API quota exhausted, using web scraper...
    ✓ Found via ESPN
  Result: Famalicao 0 - 0 AVS (FT)
  ⚠ Suspicious FT status: 0-0 after only 15 minutes

Processing: Vejle vs FC Fredericia
    ⚠ API quota exhausted, using web scraper...
  ⚠ Result not available yet

Processing: Fenerbahçe vs Genclerbirligi
    ⚠ API quota exhausted, using web scraper...
  ⚠ Result not available yet

Processing: Gazişehir Gaziantep vs Kasımpaşa
    ⚠ API quota exhausted, using web scraper...
  ⚠ Result not available yet

Processing: Kayserispor vs Kocaelispor
    ⚠ API quota exhausted, using web scraper...
  ⚠ Result not available yet

Processing: Jaguares vs Deportivo Pereira
    ⚠ API quota exhausted, using web scraper...
  ⚠ Result not available yet

Processing: Velez Sarsfield vs Boca Juniors
    ⚠ API quota exhausted, using web scraper...
  ⚠ Result not available yet

Processing: Gimnasia M. vs Instituto Cordoba
    ⚠ API quota exhausted, using web scraper...
  ⚠ Result not available yet

============================================================

✓ Successfully processed: 1
⚠ Failed: 7

============================================================

📊 ACCUMULATOR ACCURACY STATISTICS

Total Predictions: 4
✅ Correct: 0 (0.0%)
❌ Incorrect: 0 (100.0%)
[Mon Feb  9 19:00:27 UTC 2026] Result fetch completed
[Mon Feb  9 19:30:02 UTC 2026] Starting result fetch...
[Mon Feb  9 19:30:02 UTC 2026] Starting result fetch...
=== SmartAcca Post-Mortem Generator ===
🌍 Including 8 other league matches
Found 8 match(es) to process.

Processing: Racing Santander vs Mirandes
    ⚠ API quota exhausted, using web scraper...
  ⚠ Result not available yet

Processing: Vejle vs FC Fredericia
    ⚠ API quota exhausted, using web scraper...
  ⚠ Result not available yet

Processing: Fenerbahçe vs Genclerbirligi
    ⚠ API quota exhausted, using web scraper...
  ⚠ Result not available yet

Processing: Gazişehir Gaziantep vs Kasımpaşa
    ⚠ API quota exhausted, using web scraper...
  ⚠ Result not available yet

Processing: Kayserispor vs Kocaelispor
    ⚠ API quota exhausted, using web scraper...
  ⚠ Result not available yet

Processing: Jaguares vs Deportivo Pereira
    ⚠ API quota exhausted, using web scraper...
  ⚠ Result not available yet

Processing: Velez Sarsfield vs Boca Juniors
    ⚠ API quota exhausted, using web scraper...
  ⚠ Result not available yet

Processing: Gimnasia M. vs Instituto Cordoba
    ⚠ API quota exhausted, using web scraper...
  ⚠ Result not available yet

============================================================

✓ Successfully processed: 0
⚠ Failed: 8

============================================================

📊 ACCUMULATOR ACCURACY STATISTICS

Total Predictions: 4
✅ Correct: 0 (0.0%)
❌ Incorrect: 0 (100.0%)
=== SmartAcca Post-Mortem Generator ===
🌍 Including 8 other league matches
Found 8 match(es) to process.

Processing: Racing Santander vs Mirandes
    ⚠ API quota exhausted, using web scraper...
  ⚠ Result not available yet

Processing: Vejle vs FC Fredericia
    ⚠ API quota exhausted, using web scraper...
  ⚠ Result not available yet

Processing: Fenerbahçe vs Genclerbirligi
    ⚠ API quota exhausted, using web scraper...
  ⚠ Result not available yet

Processing: Gazişehir Gaziantep vs Kasımpaşa
    ⚠ API quota exhausted, using web scraper...
  ⚠ Result not available yet

Processing: Kayserispor vs Kocaelispor
    ⚠ API quota exhausted, using web scraper...
  ⚠ Result not available yet

Processing: Jaguares vs Deportivo Pereira
    ⚠ API quota exhausted, using web scraper...
  ⚠ Result not available yet

Processing: Velez Sarsfield vs Boca Juniors
    ⚠ API quota exhausted, using web scraper...
  ⚠ Result not available yet

Processing: Gimnasia M. vs Instituto Cordoba
    ⚠ API quota exhausted, using web scraper...
  ⚠ Result not available yet

============================================================

✓ Successfully processed: 0
⚠ Failed: 8

============================================================

📊 ACCUMULATOR ACCURACY STATISTICS

Total Predictions: 4
✅ Correct: 0 (0.0%)
❌ Incorrect: 0 (100.0%)
[Mon Feb  9 19:30:29 UTC 2026] Result fetch completed
[Mon Feb  9 19:30:30 UTC 2026] Result fetch completed
[Mon Feb  9 20:00:01 UTC 2026] Starting result fetch...
[Mon Feb  9 20:00:01 UTC 2026] Starting result fetch...
=== SmartAcca Post-Mortem Generator ===
📈 Including 2 major league matches
🌍 Including 10 other league matches
Found 12 match(es) to process.

Processing: Aarhus vs Odense
    ⚠ API quota exhausted, using web scraper...
  ⚠ Result not available yet

Processing: Barracas Central vs Gimnasia L.P.
    ⚠ API quota exhausted, using web scraper...
  ⚠ Result not available yet

Processing: Villarreal vs Espanyol
    ⚠ API quota exhausted, using web scraper...
  ⚠ Result not available yet

Processing: AS Roma vs Cagliari
    ⚠ API quota exhausted, using web scraper...
    ✓ Found via ESPN
  Result: AS Roma 0 - 0 Cagliari (FT)
  ⚠ Suspicious FT status: 0-0 after only 15 minutes

Processing: Racing Santander vs Mirandes
    ⚠ API quota exhausted, using web scraper...
  ⚠ Result not available yet

Processing: Vejle vs FC Fredericia
    ⚠ API quota exhausted, using web scraper...
  ⚠ Result not available yet

Processing: Fenerbahçe vs Genclerbirligi
    ⚠ API quota exhausted, using web scraper...
  ⚠ Result not available yet

Processing: Gazişehir Gaziantep vs Kasımpaşa
    ⚠ API quota exhausted, using web scraper...
  ⚠ Result not available yet

Processing: Kayserispor vs Kocaelispor
    ⚠ API quota exhausted, using web scraper...
  ⚠ Result not available yet

Processing: Jaguares vs Deportivo Pereira
    ⚠ API quota exhausted, using web scraper...
  ⚠ Result not available yet

Processing: Velez Sarsfield vs Boca Juniors
    ⚠ API quota exhausted, using web scraper...
  ⚠ Result not available yet

Processing: Gimnasia M. vs Instituto Cordoba
    ⚠ API quota exhausted, using web scraper...
  ⚠ Result not available yet

============================================================

✓ Successfully processed: 1
⚠ Failed: 11

============================================================

📊 ACCUMULATOR ACCURACY STATISTICS

Total Predictions: 4
✅ Correct: 0 (0.0%)
❌ Incorrect: 0 (100.0%)
[Mon Feb  9 20:00:40 UTC 2026] Result fetch completed
=== SmartAcca Post-Mortem Generator ===
📈 Including 2 major league matches
🌍 Including 10 other league matches
Found 12 match(es) to process.

Processing: Aarhus vs Odense
    ⚠ API quota exhausted, using web scraper...
  ⚠ Result not available yet

Processing: Barracas Central vs Gimnasia L.P.
    ⚠ API quota exhausted, using web scraper...
  ⚠ Result not available yet

Processing: Villarreal vs Espanyol
    ⚠ API quota exhausted, using web scraper...
  ⚠ Result not available yet

Processing: AS Roma vs Cagliari
    ⚠ API quota exhausted, using web scraper...
    ✓ Found via ESPN
  Result: AS Roma 0 - 0 Cagliari (FT)
  ⚠ Suspicious FT status: 0-0 after only 15 minutes

Processing: Racing Santander vs Mirandes
    ⚠ API quota exhausted, using web scraper...
  ⚠ Result not available yet

Processing: Vejle vs FC Fredericia
    ⚠ API quota exhausted, using web scraper...
  ⚠ Result not available yet

Processing: Fenerbahçe vs Genclerbirligi
    ⚠ API quota exhausted, using web scraper...
  ⚠ Result not available yet

Processing: Gazişehir Gaziantep vs Kasımpaşa
    ⚠ API quota exhausted, using web scraper...
  ⚠ Result not available yet

Processing: Kayserispor vs Kocaelispor
    ⚠ API quota exhausted, using web scraper...
  ⚠ Result not available yet

Processing: Jaguares vs Deportivo Pereira
    ⚠ API quota exhausted, using web scraper...
  ⚠ Result not available yet

Processing: Velez Sarsfield vs Boca Juniors
    ⚠ API quota exhausted, using web scraper...
  ⚠ Result not available yet

Processing: Gimnasia M. vs Instituto Cordoba
    ⚠ API quota exhausted, using web scraper...
  ⚠ Result not available yet

============================================================

✓ Successfully processed: 1
⚠ Failed: 11

============================================================

📊 ACCUMULATOR ACCURACY STATISTICS

Total Predictions: 4
✅ Correct: 0 (0.0%)
❌ Incorrect: 0 (100.0%)
[Mon Feb  9 20:00:42 UTC 2026] Result fetch completed
[Mon Feb  9 20:30:01 UTC 2026] Starting result fetch...
[Mon Feb  9 20:30:01 UTC 2026] Starting result fetch...
=== SmartAcca Post-Mortem Generator ===
📈 Including 2 major league matches
🌍 Including 10 other league matches
Found 12 match(es) to process.

Processing: Sheffield Utd vs Middlesbrough
    ⚠ API quota exhausted, using web scraper...
    ✓ Found via ESPN
  Result: Sheffield Utd 0 - 1 Middlesbrough (FT)
  ⚠ Suspicious FT status: Match marked as finished after only 29 minutes

Processing: Aarhus vs Odense
    ⚠ API quota exhausted, using web scraper...
  ⚠ Result not available yet

Processing: Barracas Central vs Gimnasia L.P.
    ⚠ API quota exhausted, using web scraper...
  ⚠ Result not available yet

Processing: Villarreal vs Espanyol
    ⚠ API quota exhausted, using web scraper...
    ✓ Found via ESPN
  Result: Villarreal 0 - 0 Espanyol (FT)
  ⚠ Suspicious FT status: 0-0 after only 30 minutes

Processing: Racing Santander vs Mirandes
    ⚠ API quota exhausted, using web scraper...
  ⚠ Result not available yet

Processing: Vejle vs FC Fredericia
    ⚠ API quota exhausted, using web scraper...
  ⚠ Result not available yet

Processing: Fenerbahçe vs Genclerbirligi
    ⚠ API quota exhausted, using web scraper...
  ⚠ Result not available yet

Processing: Gazişehir Gaziantep vs Kasımpaşa
    ⚠ API quota exhausted, using web scraper...
  ⚠ Result not available yet

Processing: Kayserispor vs Kocaelispor
    ⚠ API quota exhausted, using web scraper...
  ⚠ Result not available yet

Processing: Jaguares vs Deportivo Pereira
    ⚠ API quota exhausted, using web scraper...
  ⚠ Result not available yet

Processing: Velez Sarsfield vs Boca Juniors
    ⚠ API quota exhausted, using web scraper...
  ⚠ Result not available yet

Processing: Gimnasia M. vs Instituto Cordoba
    ⚠ API quota exhausted, using web scraper...
  ⚠ Result not available yet

============================================================

✓ Successfully processed: 2
⚠ Failed: 10

============================================================

📊 ACCUMULATOR ACCURACY STATISTICS

Total Predictions: 4
✅ Correct: 0 (0.0%)
❌ Incorrect: 0 (100.0%)
[Mon Feb  9 20:30:35 UTC 2026] Result fetch completed
=== SmartAcca Post-Mortem Generator ===
📈 Including 2 major league matches
🌍 Including 10 other league matches
Found 12 match(es) to process.

Processing: Sheffield Utd vs Middlesbrough
    ⚠ API quota exhausted, using web scraper...
    ✓ Found via ESPN
  Result: Sheffield Utd 0 - 1 Middlesbrough (FT)
  ⚠ Suspicious FT status: Match marked as finished after only 29 minutes

Processing: Aarhus vs Odense
    ⚠ API quota exhausted, using web scraper...
  ⚠ Result not available yet

Processing: Barracas Central vs Gimnasia L.P.
    ⚠ API quota exhausted, using web scraper...
  ⚠ Result not available yet

Processing: Villarreal vs Espanyol
    ⚠ API quota exhausted, using web scraper...
    ✓ Found via ESPN
  Result: Villarreal 0 - 0 Espanyol (FT)
  ⚠ Suspicious FT status: 0-0 after only 30 minutes

Processing: Racing Santander vs Mirandes
    ⚠ API quota exhausted, using web scraper...
  ⚠ Result not available yet

Processing: Vejle vs FC Fredericia
    ⚠ API quota exhausted, using web scraper...
  ⚠ Result not available yet

Processing: Fenerbahçe vs Genclerbirligi
    ⚠ API quota exhausted, using web scraper...
  ⚠ Result not available yet

Processing: Gazişehir Gaziantep vs Kasımpaşa
    ⚠ API quota exhausted, using web scraper...
  ⚠ Result not available yet

Processing: Kayserispor vs Kocaelispor
    ⚠ API quota exhausted, using web scraper...
  ⚠ Result not available yet

Processing: Jaguares vs Deportivo Pereira
    ⚠ API quota exhausted, using web scraper...
  ⚠ Result not available yet

Processing: Velez Sarsfield vs Boca Juniors
    ⚠ API quota exhausted, using web scraper...
  ⚠ Result not available yet

Processing: Gimnasia M. vs Instituto Cordoba
    ⚠ API quota exhausted, using web scraper...
  ⚠ Result not available yet

============================================================

✓ Successfully processed: 2
⚠ Failed: 10

============================================================

📊 ACCUMULATOR ACCURACY STATISTICS

Total Predictions: 4
✅ Correct: 0 (0.0%)
❌ Incorrect: 0 (100.0%)
[Mon Feb  9 20:30:36 UTC 2026] Result fetch completed
[Mon Feb  9 21:00:02 UTC 2026] Starting result fetch...
[Mon Feb  9 21:00:02 UTC 2026] Starting result fetch...
=== SmartAcca Post-Mortem Generator ===
🌍 Including 10 other league matches
Found 10 match(es) to process.

Processing: FC Porto vs Sporting CP
    ⚠ API quota exhausted, using web scraper...
    ✓ Found via ESPN
  Result: FC Porto 0 - 0 Sporting CP (FT)
  ⚠ Suspicious FT status: 0-0 after only 15 minutes

Processing: Aarhus vs Odense
    ⚠ API quota exhausted, using web scraper...
  ⚠ Result not available yet

Processing: Barracas Central vs Gimnasia L.P.
    ⚠ API quota exhausted, using web scraper...
  ⚠ Result not available yet

Processing: Racing Santander vs Mirandes
    ⚠ API quota exhausted, using web scraper...
  ⚠ Result not available yet

Processing: Vejle vs FC Fredericia
    ⚠ API quota exhausted, using web scraper...
  ⚠ Result not available yet

Processing: Fenerbahçe vs Genclerbirligi
    ⚠ API quota exhausted, using web scraper...
  ⚠ Result not available yet

Processing: Gazişehir Gaziantep vs Kasımpaşa
    ⚠ API quota exhausted, using web scraper...
  ⚠ Result not available yet

Processing: Kayserispor vs Kocaelispor
    ⚠ API quota exhausted, using web scraper...
  ⚠ Result not available yet

Processing: Jaguares vs Deportivo Pereira
    ⚠ API quota exhausted, using web scraper...
  ⚠ Result not available yet

Processing: Velez Sarsfield vs Boca Juniors
    ⚠ API quota exhausted, using web scraper...
  ⚠ Result not available yet

============================================================

✓ Successfully processed: 1
⚠ Failed: 9

============================================================

📊 ACCUMULATOR ACCURACY STATISTICS

Total Predictions: 4
✅ Correct: 0 (0.0%)
❌ Incorrect: 0 (100.0%)
=== SmartAcca Post-Mortem Generator ===
🌍 Including 10 other league matches
Found 10 match(es) to process.

Processing: FC Porto vs Sporting CP
    ⚠ API quota exhausted, using web scraper...
    ✓ Found via ESPN
  Result: FC Porto 0 - 0 Sporting CP (FT)
  ⚠ Suspicious FT status: 0-0 after only 15 minutes

Processing: Aarhus vs Odense
    ⚠ API quota exhausted, using web scraper...
  ⚠ Result not available yet

Processing: Barracas Central vs Gimnasia L.P.
    ⚠ API quota exhausted, using web scraper...
  ⚠ Result not available yet

Processing: Racing Santander vs Mirandes
    ⚠ API quota exhausted, using web scraper...
  ⚠ Result not available yet

Processing: Vejle vs FC Fredericia
    ⚠ API quota exhausted, using web scraper...
  ⚠ Result not available yet

Processing: Fenerbahçe vs Genclerbirligi
    ⚠ API quota exhausted, using web scraper...
  ⚠ Result not available yet

Processing: Gazişehir Gaziantep vs Kasımpaşa
    ⚠ API quota exhausted, using web scraper...
  ⚠ Result not available yet

Processing: Kayserispor vs Kocaelispor
    ⚠ API quota exhausted, using web scraper...
  ⚠ Result not available yet

Processing: Jaguares vs Deportivo Pereira
    ⚠ API quota exhausted, using web scraper...
  ⚠ Result not available yet

Processing: Velez Sarsfield vs Boca Juniors
    ⚠ API quota exhausted, using web scraper...
  ⚠ Result not available yet

============================================================

✓ Successfully processed: 1
⚠ Failed: 9

============================================================

📊 ACCUMULATOR ACCURACY STATISTICS

Total Predictions: 4
✅ Correct: 0 (0.0%)
❌ Incorrect: 0 (100.0%)
[Mon Feb  9 21:00:36 UTC 2026] Result fetch completed
[Mon Feb  9 21:00:36 UTC 2026] Result fetch completed
[Mon Feb  9 21:30:01 UTC 2026] Starting result fetch...
[Mon Feb  9 21:30:01 UTC 2026] Starting result fetch...
=== SmartAcca Post-Mortem Generator ===
🌍 Including 10 other league matches
Found 10 match(es) to process.

Processing: Aarhus vs Odense
    ⚠ API quota exhausted, using web scraper...
  ⚠ Result not available yet

Processing: Barracas Central vs Gimnasia L.P.
    ⚠ API quota exhausted, using web scraper...
  ⚠ Result not available yet

Processing: Racing Santander vs Mirandes
    ⚠ API quota exhausted, using web scraper...
  ⚠ Result not available yet

Processing: Vejle vs FC Fredericia
    ⚠ API quota exhausted, using web scraper...
  ⚠ Result not available yet

Processing: Fenerbahçe vs Genclerbirligi
    ⚠ API quota exhausted, using web scraper...
  ⚠ Result not available yet

Processing: Gazişehir Gaziantep vs Kasımpaşa
    ⚠ API quota exhausted, using web scraper...
  ⚠ Result not available yet

Processing: Kayserispor vs Kocaelispor
    ⚠ API quota exhausted, using web scraper...
  ⚠ Result not available yet

Processing: Jaguares vs Deportivo Pereira
    ⚠ API quota exhausted, using web scraper...
  ⚠ Result not available yet

Processing: Velez Sarsfield vs Boca Juniors
    ⚠ API quota exhausted, using web scraper...
  ⚠ Result not available yet

Processing: Gimnasia M. vs Instituto Cordoba
    ⚠ API quota exhausted, using web scraper...
  ⚠ Result not available yet

============================================================

✓ Successfully processed: 0
⚠ Failed: 10

============================================================

📊 ACCUMULATOR ACCURACY STATISTICS

Total Predictions: 4
✅ Correct: 0 (0.0%)
❌ Incorrect: 0 (100.0%)
[Mon Feb  9 21:30:33 UTC 2026] Result fetch completed
=== SmartAcca Post-Mortem Generator ===
🌍 Including 10 other league matches
Found 10 match(es) to process.

Processing: Aarhus vs Odense
    ⚠ API quota exhausted, using web scraper...
  ⚠ Result not available yet

Processing: Barracas Central vs Gimnasia L.P.
    ⚠ API quota exhausted, using web scraper...
  ⚠ Result not available yet

Processing: Racing Santander vs Mirandes
    ⚠ API quota exhausted, using web scraper...
  ⚠ Result not available yet

Processing: Vejle vs FC Fredericia
    ⚠ API quota exhausted, using web scraper...
  ⚠ Result not available yet

Processing: Fenerbahçe vs Genclerbirligi
    ⚠ API quota exhausted, using web scraper...
  ⚠ Result not available yet

Processing: Gazişehir Gaziantep vs Kasımpaşa
    ⚠ API quota exhausted, using web scraper...
  ⚠ Result not available yet

Processing: Kayserispor vs Kocaelispor
    ⚠ API quota exhausted, using web scraper...
  ⚠ Result not available yet

Processing: Jaguares vs Deportivo Pereira
    ⚠ API quota exhausted, using web scraper...
  ⚠ Result not available yet

Processing: Velez Sarsfield vs Boca Juniors
    ⚠ API quota exhausted, using web scraper...
  ⚠ Result not available yet

Processing: Gimnasia M. vs Instituto Cordoba
    ⚠ API quota exhausted, using web scraper...
  ⚠ Result not available yet

============================================================

✓ Successfully processed: 0
⚠ Failed: 10

============================================================

📊 ACCUMULATOR ACCURACY STATISTICS

Total Predictions: 4
✅ Correct: 0 (0.0%)
❌ Incorrect: 0 (100.0%)
[Mon Feb  9 21:30:34 UTC 2026] Result fetch completed
[Mon Feb  9 22:00:01 UTC 2026] Starting result fetch...
[Mon Feb  9 22:00:01 UTC 2026] Starting result fetch...
=== SmartAcca Post-Mortem Generator ===
🌍 Including 10 other league matches
Found 10 match(es) to process.

Processing: Aarhus vs Odense
    ⚠ API quota exhausted, using web scraper...
  ⚠ Result not available yet

Processing: Barracas Central vs Gimnasia L.P.
    ⚠ API quota exhausted, using web scraper...
  ⚠ Result not available yet

Processing: Racing Santander vs Mirandes
    ⚠ API quota exhausted, using web scraper...
  ⚠ Result not available yet

Processing: Vejle vs FC Fredericia
    ⚠ API quota exhausted, using web scraper...
  ⚠ Result not available yet

Processing: Fenerbahçe vs Genclerbirligi
    ⚠ API quota exhausted, using web scraper...
  ⚠ Result not available yet

Processing: Gazişehir Gaziantep vs Kasımpaşa
    ⚠ API quota exhausted, using web scraper...
  ⚠ Result not available yet

Processing: Kayserispor vs Kocaelispor
    ⚠ API quota exhausted, using web scraper...
  ⚠ Result not available yet

Processing: Jaguares vs Deportivo Pereira
    ⚠ API quota exhausted, using web scraper...
  ⚠ Result not available yet

Processing: Velez Sarsfield vs Boca Juniors
    ⚠ API quota exhausted, using web scraper...
  ⚠ Result not available yet

Processing: Gimnasia M. vs Instituto Cordoba
    ⚠ API quota exhausted, using web scraper...
  ⚠ Result not available yet

============================================================

✓ Successfully processed: 0
⚠ Failed: 10

============================================================

📊 ACCUMULATOR ACCURACY STATISTICS

Total Predictions: 4
✅ Correct: 0 (0.0%)
❌ Incorrect: 0 (100.0%)
[Mon Feb  9 22:00:33 UTC 2026] Result fetch completed
=== SmartAcca Post-Mortem Generator ===
🌍 Including 10 other league matches
Found 10 match(es) to process.

Processing: Aarhus vs Odense
    ⚠ API quota exhausted, using web scraper...
  ⚠ Result not available yet

Processing: Barracas Central vs Gimnasia L.P.
    ⚠ API quota exhausted, using web scraper...
  ⚠ Result not available yet

Processing: Racing Santander vs Mirandes
    ⚠ API quota exhausted, using web scraper...
  ⚠ Result not available yet

Processing: Vejle vs FC Fredericia
    ⚠ API quota exhausted, using web scraper...
  ⚠ Result not available yet

Processing: Fenerbahçe vs Genclerbirligi
    ⚠ API quota exhausted, using web scraper...
  ⚠ Result not available yet

Processing: Gazişehir Gaziantep vs Kasımpaşa
    ⚠ API quota exhausted, using web scraper...
  ⚠ Result not available yet

Processing: Kayserispor vs Kocaelispor
    ⚠ API quota exhausted, using web scraper...
  ⚠ Result not available yet

Processing: Jaguares vs Deportivo Pereira
    ⚠ API quota exhausted, using web scraper...
  ⚠ Result not available yet

Processing: Velez Sarsfield vs Boca Juniors
    ⚠ API quota exhausted, using web scraper...
  ⚠ Result not available yet

Processing: Gimnasia M. vs Instituto Cordoba
    ⚠ API quota exhausted, using web scraper...
  ⚠ Result not available yet

============================================================

✓ Successfully processed: 0
⚠ Failed: 10

============================================================

📊 ACCUMULATOR ACCURACY STATISTICS

Total Predictions: 4
✅ Correct: 0 (0.0%)
❌ Incorrect: 0 (100.0%)
[Mon Feb  9 22:00:34 UTC 2026] Result fetch completed
[Mon Feb  9 22:30:01 UTC 2026] Starting result fetch...
[Mon Feb  9 22:30:01 UTC 2026] Starting result fetch...
=== SmartAcca Post-Mortem Generator ===
🌍 Including 10 other league matches
Found 10 match(es) to process.

Processing: Estudiantes L.P. vs Deportivo Riestra
    ⚠ API quota exhausted, using web scraper...
  ⚠ Result not available yet

Processing: Lanus vs Talleres Cordoba
    ⚠ API quota exhausted, using web scraper...
  ⚠ Result not available yet

Processing: Aarhus vs Odense
    ⚠ API quota exhausted, using web scraper...
  ⚠ Result not available yet

Processing: Barracas Central vs Gimnasia L.P.
    ⚠ API quota exhausted, using web scraper...
  ⚠ Result not available yet

Processing: Racing Santander vs Mirandes
    ⚠ API quota exhausted, using web scraper...
  ⚠ Result not available yet

Processing: Vejle vs FC Fredericia
    ⚠ API quota exhausted, using web scraper...
  ⚠ Result not available yet

Processing: Fenerbahçe vs Genclerbirligi
    ⚠ API quota exhausted, using web scraper...
  ⚠ Result not available yet

Processing: Gazişehir Gaziantep vs Kasımpaşa
    ⚠ API quota exhausted, using web scraper...
  ⚠ Result not available yet

Processing: Kayserispor vs Kocaelispor
    ⚠ API quota exhausted, using web scraper...
  ⚠ Result not available yet

Processing: Jaguares vs Deportivo Pereira
    ⚠ API quota exhausted, using web scraper...
  ⚠ Result not available yet

============================================================

✓ Successfully processed: 0
⚠ Failed: 10

============================================================

📊 ACCUMULATOR ACCURACY STATISTICS

Total Predictions: 4
✅ Correct: 0 (0.0%)
❌ Incorrect: 0 (100.0%)
[Mon Feb  9 22:30:31 UTC 2026] Result fetch completed
=== SmartAcca Post-Mortem Generator ===
🌍 Including 10 other league matches
Found 10 match(es) to process.

Processing: Estudiantes L.P. vs Deportivo Riestra
    ⚠ API quota exhausted, using web scraper...
  ⚠ Result not available yet

Processing: Lanus vs Talleres Cordoba
    ⚠ API quota exhausted, using web scraper...
  ⚠ Result not available yet

Processing: Aarhus vs Odense
    ⚠ API quota exhausted, using web scraper...
  ⚠ Result not available yet

Processing: Barracas Central vs Gimnasia L.P.
    ⚠ API quota exhausted, using web scraper...
  ⚠ Result not available yet

Processing: Racing Santander vs Mirandes
    ⚠ API quota exhausted, using web scraper...
  ⚠ Result not available yet

Processing: Vejle vs FC Fredericia
    ⚠ API quota exhausted, using web scraper...
  ⚠ Result not available yet

Processing: Fenerbahçe vs Genclerbirligi
    ⚠ API quota exhausted, using web scraper...
  ⚠ Result not available yet

Processing: Gazişehir Gaziantep vs Kasımpaşa
    ⚠ API quota exhausted, using web scraper...
  ⚠ Result not available yet

Processing: Kayserispor vs Kocaelispor
    ⚠ API quota exhausted, using web scraper...
  ⚠ Result not available yet

Processing: Jaguares vs Deportivo Pereira
    ⚠ API quota exhausted, using web scraper...
  ⚠ Result not available yet

============================================================

✓ Successfully processed: 0
⚠ Failed: 10

============================================================

📊 ACCUMULATOR ACCURACY STATISTICS

Total Predictions: 4
✅ Correct: 0 (0.0%)
❌ Incorrect: 0 (100.0%)
[Mon Feb  9 22:30:32 UTC 2026] Result fetch completed
[Mon Feb  9 23:00:01 UTC 2026] Starting result fetch...
[Mon Feb  9 23:00:02 UTC 2026] Starting result fetch...
=== SmartAcca Post-Mortem Generator ===
🌍 Including 10 other league matches
Found 10 match(es) to process.

Processing: Union La Calera vs Cobresal
    ⚠ API quota exhausted, using web scraper...
  ⚠ Result not available yet

Processing: Estudiantes L.P. vs Deportivo Riestra
    ⚠ API quota exhausted, using web scraper...
  ⚠ Result not available yet

Processing: Lanus vs Talleres Cordoba
    ⚠ API quota exhausted, using web scraper...
  ⚠ Result not available yet

Processing: Aarhus vs Odense
    ⚠ API quota exhausted, using web scraper...
  ⚠ Result not available yet

Processing: Barracas Central vs Gimnasia L.P.
    ⚠ API quota exhausted, using web scraper...
  ⚠ Result not available yet

Processing: Racing Santander vs Mirandes
    ⚠ API quota exhausted, using web scraper...
  ⚠ Result not available yet

Processing: Vejle vs FC Fredericia
    ⚠ API quota exhausted, using web scraper...
  ⚠ Result not available yet

Processing: Fenerbahçe vs Genclerbirligi
    ⚠ API quota exhausted, using web scraper...
  ⚠ Result not available yet

Processing: Gazişehir Gaziantep vs Kasımpaşa
    ⚠ API quota exhausted, using web scraper...
  ⚠ Result not available yet

Processing: Kayserispor vs Kocaelispor
    ⚠ API quota exhausted, using web scraper...
  ⚠ Result not available yet

============================================================

✓ Successfully processed: 0
⚠ Failed: 10

============================================================

📊 ACCUMULATOR ACCURACY STATISTICS

Total Predictions: 4
✅ Correct: 0 (0.0%)
❌ Incorrect: 0 (100.0%)
[Mon Feb  9 23:00:31 UTC 2026] Result fetch completed
=== SmartAcca Post-Mortem Generator ===
🌍 Including 10 other league matches
Found 10 match(es) to process.

Processing: Union La Calera vs Cobresal
    ⚠ API quota exhausted, using web scraper...
  ⚠ Result not available yet

Processing: Estudiantes L.P. vs Deportivo Riestra
    ⚠ API quota exhausted, using web scraper...
  ⚠ Result not available yet

Processing: Lanus vs Talleres Cordoba
    ⚠ API quota exhausted, using web scraper...
  ⚠ Result not available yet

Processing: Aarhus vs Odense
    ⚠ API quota exhausted, using web scraper...
  ⚠ Result not available yet

Processing: Barracas Central vs Gimnasia L.P.
    ⚠ API quota exhausted, using web scraper...
  ⚠ Result not available yet

Processing: Racing Santander vs Mirandes
    ⚠ API quota exhausted, using web scraper...
  ⚠ Result not available yet

Processing: Vejle vs FC Fredericia
    ⚠ API quota exhausted, using web scraper...
  ⚠ Result not available yet

Processing: Fenerbahçe vs Genclerbirligi
    ⚠ API quota exhausted, using web scraper...
  ⚠ Result not available yet

Processing: Gazişehir Gaziantep vs Kasımpaşa
    ⚠ API quota exhausted, using web scraper...
  ⚠ Result not available yet

Processing: Kayserispor vs Kocaelispor
    ⚠ API quota exhausted, using web scraper...
  ⚠ Result not available yet

============================================================

✓ Successfully processed: 0
⚠ Failed: 10

============================================================

📊 ACCUMULATOR ACCURACY STATISTICS

Total Predictions: 4
✅ Correct: 0 (0.0%)
❌ Incorrect: 0 (100.0%)
[Mon Feb  9 23:00:33 UTC 2026] Result fetch completed
[Mon Feb  9 23:30:01 UTC 2026] Starting result fetch...
[Mon Feb  9 23:30:01 UTC 2026] Starting result fetch...
=== SmartAcca Post-Mortem Generator ===
🌍 Including 10 other league matches
Found 10 match(es) to process.

Processing: Union La Calera vs Cobresal
    ⚠ API quota exhausted, using web scraper...
  ⚠ Result not available yet

Processing: Estudiantes L.P. vs Deportivo Riestra
    ⚠ API quota exhausted, using web scraper...
  ⚠ Result not available yet

Processing: Lanus vs Talleres Cordoba
    ⚠ API quota exhausted, using web scraper...
  ⚠ Result not available yet

Processing: Aarhus vs Odense
    ⚠ API quota exhausted, using web scraper...
  ⚠ Result not available yet

Processing: Barracas Central vs Gimnasia L.P.
    ⚠ API quota exhausted, using web scraper...
  ⚠ Result not available yet

Processing: Racing Santander vs Mirandes
    ⚠ API quota exhausted, using web scraper...
  ⚠ Result not available yet

Processing: Vejle vs FC Fredericia
    ⚠ API quota exhausted, using web scraper...
  ⚠ Result not available yet

Processing: Fenerbahçe vs Genclerbirligi
    ⚠ API quota exhausted, using web scraper...
  ⚠ Result not available yet

Processing: Gazişehir Gaziantep vs Kasımpaşa
    ⚠ API quota exhausted, using web scraper...
  ⚠ Result not available yet

Processing: Kayserispor vs Kocaelispor
    ⚠ API quota exhausted, using web scraper...
  ⚠ Result not available yet

============================================================

✓ Successfully processed: 0
⚠ Failed: 10

============================================================

📊 ACCUMULATOR ACCURACY STATISTICS

Total Predictions: 4
✅ Correct: 0 (0.0%)
❌ Incorrect: 0 (100.0%)
[Mon Feb  9 23:30:30 UTC 2026] Result fetch completed
=== SmartAcca Post-Mortem Generator ===
🌍 Including 10 other league matches
Found 10 match(es) to process.

Processing: Union La Calera vs Cobresal
    ⚠ API quota exhausted, using web scraper...
  ⚠ Result not available yet

Processing: Estudiantes L.P. vs Deportivo Riestra
    ⚠ API quota exhausted, using web scraper...
  ⚠ Result not available yet

Processing: Lanus vs Talleres Cordoba
    ⚠ API quota exhausted, using web scraper...
  ⚠ Result not available yet

Processing: Aarhus vs Odense
    ⚠ API quota exhausted, using web scraper...
  ⚠ Result not available yet

Processing: Barracas Central vs Gimnasia L.P.
    ⚠ API quota exhausted, using web scraper...
  ⚠ Result not available yet

Processing: Racing Santander vs Mirandes
    ⚠ API quota exhausted, using web scraper...
  ⚠ Result not available yet

Processing: Vejle vs FC Fredericia
    ⚠ API quota exhausted, using web scraper...
  ⚠ Result not available yet

Processing: Fenerbahçe vs Genclerbirligi
    ⚠ API quota exhausted, using web scraper...
  ⚠ Result not available yet

Processing: Gazişehir Gaziantep vs Kasımpaşa
    ⚠ API quota exhausted, using web scraper...
  ⚠ Result not available yet

Processing: Kayserispor vs Kocaelispor
    ⚠ API quota exhausted, using web scraper...
  ⚠ Result not available yet

============================================================

✓ Successfully processed: 0
⚠ Failed: 10

============================================================

📊 ACCUMULATOR ACCURACY STATISTICS

Total Predictions: 4
✅ Correct: 0 (0.0%)
❌ Incorrect: 0 (100.0%)
[Mon Feb  9 23:30:30 UTC 2026] Result fetch completed
[Tue Feb 10 00:00:02 UTC 2026] Starting result fetch...
[Tue Feb 10 00:00:02 UTC 2026] Starting result fetch...
=== SmartAcca Post-Mortem Generator ===
🌍 Including 10 other league matches
Found 10 match(es) to process.

Processing: Union La Calera vs Cobresal
  ⚠ Result not available yet

Processing: Estudiantes L.P. vs Deportivo Riestra
    ⚠ API quota exhausted, using web scraper...
  ⚠ Result not available yet

Processing: Lanus vs Talleres Cordoba
    ⚠ API quota exhausted, using web scraper...
  ⚠ Result not available yet

Processing: Aarhus vs Odense
    ⚠ API quota exhausted, using web scraper...
  ⚠ Result not available yet

Processing: Barracas Central vs Gimnasia L.P.
    ⚠ API quota exhausted, using web scraper...
  ⚠ Result not available yet

Processing: Racing Santander vs Mirandes
    ⚠ API quota exhausted, using web scraper...
  ⚠ Result not available yet

Processing: Vejle vs FC Fredericia
    ⚠ API quota exhausted, using web scraper...
  ⚠ Result not available yet

Processing: Fenerbahçe vs Genclerbirligi
    ⚠ API quota exhausted, using web scraper...
  ⚠ Result not available yet

Processing: Gazişehir Gaziantep vs Kasımpaşa
    ⚠ API quota exhausted, using web scraper...
  ⚠ Result not available yet

Processing: Kayserispor vs Kocaelispor
    ⚠ API quota exhausted, using web scraper...
  ⚠ Result not available yet

============================================================

✓ Successfully processed: 0
⚠ Failed: 10

============================================================

📊 ACCUMULATOR ACCURACY STATISTICS

Total Predictions: 4
✅ Correct: 0 (0.0%)
❌ Incorrect: 0 (100.0%)
=== SmartAcca Post-Mortem Generator ===
🌍 Including 10 other league matches
Found 10 match(es) to process.

Processing: Union La Calera vs Cobresal
  ⚠ Result not available yet

Processing: Estudiantes L.P. vs Deportivo Riestra
    ⚠ API quota exhausted, using web scraper...
  ⚠ Result not available yet

Processing: Lanus vs Talleres Cordoba
    ⚠ API quota exhausted, using web scraper...
  ⚠ Result not available yet

Processing: Aarhus vs Odense
    ⚠ API quota exhausted, using web scraper...
  ⚠ Result not available yet

Processing: Barracas Central vs Gimnasia L.P.
    ⚠ API quota exhausted, using web scraper...
  ⚠ Result not available yet

Processing: Racing Santander vs Mirandes
    ⚠ API quota exhausted, using web scraper...
  ⚠ Result not available yet

Processing: Vejle vs FC Fredericia
    ⚠ API quota exhausted, using web scraper...
  ⚠ Result not available yet

Processing: Fenerbahçe vs Genclerbirligi
    ⚠ API quota exhausted, using web scraper...
  ⚠ Result not available yet

Processing: Gazişehir Gaziantep vs Kasımpaşa
    ⚠ API quota exhausted, using web scraper...
  ⚠ Result not available yet

Processing: Kayserispor vs Kocaelispor
    ⚠ API quota exhausted, using web scraper...
  ⚠ Result not available yet

============================================================

✓ Successfully processed: 0
⚠ Failed: 10

============================================================

📊 ACCUMULATOR ACCURACY STATISTICS

Total Predictions: 4
✅ Correct: 0 (0.0%)
❌ Incorrect: 0 (100.0%)
[Tue Feb 10 00:00:31 UTC 2026] Result fetch completed
[Tue Feb 10 00:00:31 UTC 2026] Result fetch completed
[Tue Feb 10 00:30:01 UTC 2026] Starting result fetch...
[Tue Feb 10 00:30:01 UTC 2026] Starting result fetch...
=== SmartAcca Post-Mortem Generator ===
🌍 Including 10 other league matches
Found 10 match(es) to process.

Processing: Union La Calera vs Cobresal
  Result: Union La Calera 3 - 1 Cobresal (2H)

Processing: Estudiantes L.P. vs Deportivo Riestra
  Result: Estudiantes L.P. 1 - 0 Deportivo Riestra (FT)
  Prediction: ✅ WIN

Processing: Lanus vs Talleres Cordoba
  Result: Lanus 1 - 1 Talleres Cordoba (FT)
  Prediction: ❌ LOSS

Processing: Aarhus vs Odense
  Result: Aarhus 2 - 1 Odense (FT)
  Prediction: ✅ WIN

Processing: Barracas Central vs Gimnasia L.P.
  Result: Barracas Central 2 - 0 Gimnasia L.P. (FT)
  Prediction: ❌ LOSS

Processing: Racing Santander vs Mirandes
  ⚠ Result not available yet

Processing: Vejle vs FC Fredericia
  ⚠ Result not available yet

Processing: Fenerbahçe vs Genclerbirligi
  ⚠ Result not available yet

Processing: Gazişehir Gaziantep vs Kasımpaşa
  ⚠ Result not available yet

Processing: Kayserispor vs Kocaelispor
  ⚠ Result not available yet

============================================================

✓ Successfully processed: 5
⚠ Failed: 5

============================================================

📊 ACCUMULATOR ACCURACY STATISTICS

Total Predictions: 4
✅ Correct: 0 (0.0%)
❌ Incorrect: 0 (100.0%)
=== SmartAcca Post-Mortem Generator ===
🌍 Including 10 other league matches
Found 10 match(es) to process.

Processing: Union La Calera vs Cobresal
  Result: Union La Calera 3 - 1 Cobresal (2H)

Processing: Estudiantes L.P. vs Deportivo Riestra
  Result: Estudiantes L.P. 1 - 0 Deportivo Riestra (FT)
  Prediction: ✅ WIN

Processing: Lanus vs Talleres Cordoba
  Result: Lanus 1 - 1 Talleres Cordoba (FT)
  Prediction: ❌ LOSS

Processing: Aarhus vs Odense
  Result: Aarhus 2 - 1 Odense (FT)
  Prediction: ✅ WIN

Processing: Barracas Central vs Gimnasia L.P.
  Result: Barracas Central 2 - 0 Gimnasia L.P. (FT)
  Prediction: ❌ LOSS

Processing: Racing Santander vs Mirandes
  ⚠ Result not available yet

Processing: Vejle vs FC Fredericia
  ⚠ Result not available yet

Processing: Fenerbahçe vs Genclerbirligi
  ⚠ Result not available yet

Processing: Gazişehir Gaziantep vs Kasımpaşa
  ⚠ Result not available yet

Processing: Kayserispor vs Kocaelispor
  ⚠ Result not available yet

============================================================

✓ Successfully processed: 5
⚠ Failed: 5

============================================================

📊 ACCUMULATOR ACCURACY STATISTICS

Total Predictions: 4
✅ Correct: 0 (0.0%)
❌ Incorrect: 0 (100.0%)
[Tue Feb 10 00:30:18 UTC 2026] Result fetch completed
[Tue Feb 10 00:30:18 UTC 2026] Result fetch completed
[Tue Feb 10 01:00:01 UTC 2026] Starting result fetch...
[Tue Feb 10 01:00:01 UTC 2026] Starting result fetch...
=== SmartAcca Post-Mortem Generator ===
🌍 Including 9 other league matches
Found 9 match(es) to process.

Processing: Union La Calera vs Cobresal
  Result: Union La Calera 3 - 1 Cobresal (2H)

Processing: Racing Santander vs Mirandes
  Result: Racing Santander 1 - 0 Mirandes (FT)
  Prediction: ❌ LOSS

Processing: Vejle vs FC Fredericia
  Result: Vejle 2 - 3 FC Fredericia (FT)
  Prediction: ❌ LOSS

Processing: Fenerbahçe vs Genclerbirligi
  ⚠ Result not available yet

Processing: Gazişehir Gaziantep vs Kasımpaşa
  ⚠ Result not available yet

Processing: Kayserispor vs Kocaelispor
  ⚠ Result not available yet

Processing: Jaguares vs Deportivo Pereira
  ⚠ Result not available yet

Processing: Velez Sarsfield vs Boca Juniors
  ⚠ Result not available yet

Processing: Gimnasia M. vs Instituto Cordoba
  ⚠ Result not available yet

============================================================

✓ Successfully processed: 3
⚠ Failed: 6

============================================================

📊 ACCUMULATOR ACCURACY STATISTICS

Total Predictions: 4
✅ Correct: 0 (0.0%)
❌ Incorrect: 0 (100.0%)
=== SmartAcca Post-Mortem Generator ===
🌍 Including 9 other league matches
Found 9 match(es) to process.

Processing: Union La Calera vs Cobresal
  Result: Union La Calera 3 - 1 Cobresal (2H)

Processing: Racing Santander vs Mirandes
  Result: Racing Santander 1 - 0 Mirandes (FT)
  Prediction: ❌ LOSS

Processing: Vejle vs FC Fredericia
  Result: Vejle 2 - 3 FC Fredericia (FT)
  Prediction: ❌ LOSS

Processing: Fenerbahçe vs Genclerbirligi
  ⚠ Result not available yet

Processing: Gazişehir Gaziantep vs Kasımpaşa
  ⚠ Result not available yet

Processing: Kayserispor vs Kocaelispor
  ⚠ Result not available yet

Processing: Jaguares vs Deportivo Pereira
  ⚠ Result not available yet

Processing: Velez Sarsfield vs Boca Juniors
  ⚠ Result not available yet

Processing: Gimnasia M. vs Instituto Cordoba
  ⚠ Result not available yet

============================================================

✓ Successfully processed: 3
⚠ Failed: 6

============================================================

📊 ACCUMULATOR ACCURACY STATISTICS

Total Predictions: 4
✅ Correct: 0 (0.0%)
❌ Incorrect: 0 (100.0%)
[Tue Feb 10 01:00:18 UTC 2026] Result fetch completed
[Tue Feb 10 01:00:19 UTC 2026] Result fetch completed
[Tue Feb 10 01:30:01 UTC 2026] Starting result fetch...
[Tue Feb 10 01:30:01 UTC 2026] Starting result fetch...
=== SmartAcca Post-Mortem Generator ===
🌍 Including 3 other league matches
Found 3 match(es) to process.

Processing: Union La Calera vs Cobresal
  Result: Union La Calera 3 - 1 Cobresal (FT)
  Prediction: ❌ LOSS

Processing: Gazişehir Gaziantep vs Kasımpaşa
  Result: Gazişehir Gaziantep 2 - 1 Kasımpaşa (FT)
  Prediction: ❌ UNKNOWN

Processing: Kayserispor vs Kocaelispor
  Result: Kayserispor 1 - 2 Kocaelispor (FT)
  Prediction: ❌ LOSS

============================================================

✓ Successfully processed: 3

============================================================

📊 ACCUMULATOR ACCURACY STATISTICS

Total Predictions: 4
✅ Correct: 0 (0.0%)
❌ Incorrect: 0 (100.0%)
=== SmartAcca Post-Mortem Generator ===
🌍 Including 3 other league matches
Found 3 match(es) to process.

Processing: Union La Calera vs Cobresal
  Result: Union La Calera 3 - 1 Cobresal (FT)
  Prediction: ❌ LOSS

Processing: Gazişehir Gaziantep vs Kasımpaşa
  Result: Gazişehir Gaziantep 2 - 1 Kasımpaşa (FT)
  Prediction: ❌ UNKNOWN

Processing: Kayserispor vs Kocaelispor
  Result: Kayserispor 1 - 2 Kocaelispor (FT)
  Prediction: ❌ LOSS

============================================================

✓ Successfully processed: 3

============================================================

📊 ACCUMULATOR ACCURACY STATISTICS

Total Predictions: 4
✅ Correct: 0 (0.0%)
❌ Incorrect: 0 (100.0%)
[Tue Feb 10 01:30:08 UTC 2026] Result fetch completed
[Tue Feb 10 01:30:08 UTC 2026] Result fetch completed
[Tue Feb 10 02:00:02 UTC 2026] Starting result fetch...
[Tue Feb 10 02:00:02 UTC 2026] Starting result fetch...
=== SmartAcca Post-Mortem Generator ===
No matches found to process.
=== SmartAcca Post-Mortem Generator ===
No matches found to process.
[Tue Feb 10 02:00:06 UTC 2026] Result fetch completed
[Tue Feb 10 02:00:06 UTC 2026] Result fetch completed
[Tue Feb 10 02:30:01 UTC 2026] Starting result fetch...
[Tue Feb 10 02:30:01 UTC 2026] Starting result fetch...
=== SmartAcca Post-Mortem Generator ===
No matches found to process.
=== SmartAcca Post-Mortem Generator ===
No matches found to process.
[Tue Feb 10 02:30:05 UTC 2026] Result fetch completed
[Tue Feb 10 02:30:05 UTC 2026] Result fetch completed
[Tue Feb 10 03:00:01 UTC 2026] Starting result fetch...
[Tue Feb 10 03:00:01 UTC 2026] Starting result fetch...
=== SmartAcca Post-Mortem Generator ===
No matches found to process.
=== SmartAcca Post-Mortem Generator ===
No matches found to process.
[Tue Feb 10 03:00:06 UTC 2026] Result fetch completed
[Tue Feb 10 03:00:06 UTC 2026] Result fetch completed
[Tue Feb 10 03:30:01 UTC 2026] Starting result fetch...
[Tue Feb 10 03:30:01 UTC 2026] Starting result fetch...
=== SmartAcca Post-Mortem Generator ===
No matches found to process.
=== SmartAcca Post-Mortem Generator ===
No matches found to process.
[Tue Feb 10 03:30:05 UTC 2026] Result fetch completed
[Tue Feb 10 03:30:05 UTC 2026] Result fetch completed
[Tue Feb 10 04:00:01 UTC 2026] Starting result fetch...
[Tue Feb 10 04:00:01 UTC 2026] Starting result fetch...
=== SmartAcca Post-Mortem Generator ===
No matches found to process.
=== SmartAcca Post-Mortem Generator ===
No matches found to process.
[Tue Feb 10 04:00:05 UTC 2026] Result fetch completed
[Tue Feb 10 04:00:05 UTC 2026] Result fetch completed
[Tue Feb 10 04:30:01 UTC 2026] Starting result fetch...
[Tue Feb 10 04:30:01 UTC 2026] Starting result fetch...
=== SmartAcca Post-Mortem Generator ===
No matches found to process.
=== SmartAcca Post-Mortem Generator ===
No matches found to process.
[Tue Feb 10 04:30:04 UTC 2026] Result fetch completed
[Tue Feb 10 04:30:04 UTC 2026] Result fetch completed
[Tue Feb 10 05:00:02 UTC 2026] Starting result fetch...
[Tue Feb 10 05:00:02 UTC 2026] Starting result fetch...
=== SmartAcca Post-Mortem Generator ===
No matches found to process.
=== SmartAcca Post-Mortem Generator ===
No matches found to process.
[Tue Feb 10 05:00:07 UTC 2026] Result fetch completed
[Tue Feb 10 05:00:07 UTC 2026] Result fetch completed
[Tue Feb 10 05:30:01 UTC 2026] Starting result fetch...
[Tue Feb 10 05:30:01 UTC 2026] Starting result fetch...
=== SmartAcca Post-Mortem Generator ===
🌍 Including 1 other league matches
Found 1 match(es) to process.

Processing: Estudiantes de Rio Cuarto vs Independ. Rivadavia
  Result: Estudiantes de Rio Cuarto 0 - 1 Independ. Rivadavia (FT)
  Prediction: ❌ UNKNOWN

============================================================

✓ Successfully processed: 1

============================================================

📊 ACCUMULATOR ACCURACY STATISTICS

Total Predictions: 4
✅ Correct: 0 (0.0%)
❌ Incorrect: 0 (100.0%)
=== SmartAcca Post-Mortem Generator ===
🌍 Including 1 other league matches
Found 1 match(es) to process.

Processing: Estudiantes de Rio Cuarto vs Independ. Rivadavia
  Result: Estudiantes de Rio Cuarto 0 - 1 Independ. Rivadavia (FT)
  Prediction: ❌ UNKNOWN

============================================================

✓ Successfully processed: 1

============================================================

📊 ACCUMULATOR ACCURACY STATISTICS

Total Predictions: 4
✅ Correct: 0 (0.0%)
❌ Incorrect: 0 (100.0%)
[Tue Feb 10 05:30:06 UTC 2026] Result fetch completed
[Tue Feb 10 05:30:06 UTC 2026] Result fetch completed
[Tue Feb 10 06:00:01 UTC 2026] Starting result fetch...
[Tue Feb 10 06:00:01 UTC 2026] Starting result fetch...
=== SmartAcca Post-Mortem Generator ===
No matches found to process.
=== SmartAcca Post-Mortem Generator ===
No matches found to process.
[Tue Feb 10 06:00:05 UTC 2026] Result fetch completed
[Tue Feb 10 06:00:05 UTC 2026] Result fetch completed
[Tue Feb 10 06:30:01 UTC 2026] Starting result fetch...
[Tue Feb 10 06:30:01 UTC 2026] Starting result fetch...
=== SmartAcca Post-Mortem Generator ===
No matches found to process.
=== SmartAcca Post-Mortem Generator ===
No matches found to process.
[Tue Feb 10 06:30:04 UTC 2026] Result fetch completed
[Tue Feb 10 06:30:04 UTC 2026] Result fetch completed
[Tue Feb 10 07:00:01 UTC 2026] Starting result fetch...
[Tue Feb 10 07:00:01 UTC 2026] Starting result fetch...
=== SmartAcca Post-Mortem Generator ===
No matches found to process.
=== SmartAcca Post-Mortem Generator ===
No matches found to process.
[Tue Feb 10 07:00:06 UTC 2026] Result fetch completed
[Tue Feb 10 07:00:06 UTC 2026] Result fetch completed
[Tue Feb 10 07:30:01 UTC 2026] Starting result fetch...
[Tue Feb 10 07:30:01 UTC 2026] Starting result fetch...
=== SmartAcca Post-Mortem Generator ===
No matches found to process.
=== SmartAcca Post-Mortem Generator ===
No matches found to process.
[Tue Feb 10 07:30:05 UTC 2026] Result fetch completed
[Tue Feb 10 07:30:05 UTC 2026] Result fetch completed
[Tue Feb 10 08:00:01 UTC 2026] Starting result fetch...
[Tue Feb 10 08:00:01 UTC 2026] Starting result fetch...
=== SmartAcca Post-Mortem Generator ===
No matches found to process.
=== SmartAcca Post-Mortem Generator ===
No matches found to process.
[Tue Feb 10 08:00:06 UTC 2026] Result fetch completed
[Tue Feb 10 08:00:06 UTC 2026] Result fetch completed
[Tue Feb 10 08:30:01 UTC 2026] Starting result fetch...
[Tue Feb 10 08:30:01 UTC 2026] Starting result fetch...
=== SmartAcca Post-Mortem Generator ===
No matches found to process.
=== SmartAcca Post-Mortem Generator ===
No matches found to process.
[Tue Feb 10 08:30:05 UTC 2026] Result fetch completed
[Tue Feb 10 08:30:05 UTC 2026] Result fetch completed
[Tue Feb 10 09:00:01 UTC 2026] Starting result fetch...
[Tue Feb 10 09:00:01 UTC 2026] Starting result fetch...
=== SmartAcca Post-Mortem Generator ===
No matches found to process.
=== SmartAcca Post-Mortem Generator ===
No matches found to process.
[Tue Feb 10 09:00:06 UTC 2026] Result fetch completed
[Tue Feb 10 09:00:06 UTC 2026] Result fetch completed
[Tue Feb 10 09:30:01 UTC 2026] Starting result fetch...
[Tue Feb 10 09:30:01 UTC 2026] Starting result fetch...
=== SmartAcca Post-Mortem Generator ===
No matches found to process.
=== SmartAcca Post-Mortem Generator ===
No matches found to process.
[Tue Feb 10 09:30:05 UTC 2026] Result fetch completed
[Tue Feb 10 09:30:05 UTC 2026] Result fetch completed
[Tue Feb 10 10:00:01 UTC 2026] Starting result fetch...
[Tue Feb 10 10:00:01 UTC 2026] Starting result fetch...
=== SmartAcca Post-Mortem Generator ===
No matches found to process.
=== SmartAcca Post-Mortem Generator ===
No matches found to process.
[Tue Feb 10 10:00:05 UTC 2026] Result fetch completed
[Tue Feb 10 10:00:05 UTC 2026] Result fetch completed
[Tue Feb 10 10:30:02 UTC 2026] Starting result fetch...
[Tue Feb 10 10:30:02 UTC 2026] Starting result fetch...
=== SmartAcca Post-Mortem Generator ===
No matches found to process.
=== SmartAcca Post-Mortem Generator ===
No matches found to process.
[Tue Feb 10 10:30:05 UTC 2026] Result fetch completed
[Tue Feb 10 10:30:05 UTC 2026] Result fetch completed
[Tue Feb 10 11:00:01 UTC 2026] Starting result fetch...
[Tue Feb 10 11:00:01 UTC 2026] Starting result fetch...
=== SmartAcca Post-Mortem Generator ===
No matches found to process.
=== SmartAcca Post-Mortem Generator ===
No matches found to process.
[Tue Feb 10 11:00:05 UTC 2026] Result fetch completed
[Tue Feb 10 11:00:06 UTC 2026] Result fetch completed
[Tue Feb 10 11:30:01 UTC 2026] Starting result fetch...
[Tue Feb 10 11:30:01 UTC 2026] Starting result fetch...
=== SmartAcca Post-Mortem Generator ===
No matches found to process.
=== SmartAcca Post-Mortem Generator ===
No matches found to process.
[Tue Feb 10 11:30:05 UTC 2026] Result fetch completed
[Tue Feb 10 11:30:05 UTC 2026] Result fetch completed
[Tue Feb 10 12:00:01 UTC 2026] Starting result fetch...
[Tue Feb 10 12:00:01 UTC 2026] Starting result fetch...
=== SmartAcca Post-Mortem Generator ===
No matches found to process.
=== SmartAcca Post-Mortem Generator ===
No matches found to process.
[Tue Feb 10 12:00:05 UTC 2026] Result fetch completed
[Tue Feb 10 12:00:06 UTC 2026] Result fetch completed
[Tue Feb 10 12:30:01 UTC 2026] Starting result fetch...
[Tue Feb 10 12:30:01 UTC 2026] Starting result fetch...
=== SmartAcca Post-Mortem Generator ===
No matches found to process.
=== SmartAcca Post-Mortem Generator ===
No matches found to process.
[Tue Feb 10 12:30:05 UTC 2026] Result fetch completed
[Tue Feb 10 12:30:05 UTC 2026] Result fetch completed
[Tue Feb 10 13:00:01 UTC 2026] Starting result fetch...
[Tue Feb 10 13:00:01 UTC 2026] Starting result fetch...
=== SmartAcca Post-Mortem Generator ===
No matches found to process.
=== SmartAcca Post-Mortem Generator ===
No matches found to process.
[Tue Feb 10 13:00:06 UTC 2026] Result fetch completed
[Tue Feb 10 13:00:06 UTC 2026] Result fetch completed
[Tue Feb 10 13:30:01 UTC 2026] Starting result fetch...
[Tue Feb 10 13:30:01 UTC 2026] Starting result fetch...
=== SmartAcca Post-Mortem Generator ===
No matches found to process.
=== SmartAcca Post-Mortem Generator ===
No matches found to process.
[Tue Feb 10 13:30:05 UTC 2026] Result fetch completed
[Tue Feb 10 13:30:05 UTC 2026] Result fetch completed
[Tue Feb 10 14:00:01 UTC 2026] Starting result fetch...
[Tue Feb 10 14:00:01 UTC 2026] Starting result fetch...
=== SmartAcca Post-Mortem Generator ===
No matches found to process.
=== SmartAcca Post-Mortem Generator ===
No matches found to process.
[Tue Feb 10 14:00:06 UTC 2026] Result fetch completed
[Tue Feb 10 14:00:06 UTC 2026] Result fetch completed
[Tue Feb 10 14:30:01 UTC 2026] Starting result fetch...
[Tue Feb 10 14:30:01 UTC 2026] Starting result fetch...
=== SmartAcca Post-Mortem Generator ===
No matches found to process.
=== SmartAcca Post-Mortem Generator ===
No matches found to process.
[Tue Feb 10 14:30:05 UTC 2026] Result fetch completed
[Tue Feb 10 14:30:05 UTC 2026] Result fetch completed
[Tue Feb 10 15:00:01 UTC 2026] Starting result fetch...
[Tue Feb 10 15:00:01 UTC 2026] Starting result fetch...
=== SmartAcca Post-Mortem Generator ===
No matches found to process.
[Tue Feb 10 15:00:05 UTC 2026] Result fetch completed
=== SmartAcca Post-Mortem Generator ===
No matches found to process.
[Tue Feb 10 15:00:06 UTC 2026] Result fetch completed
[Tue Feb 10 15:30:01 UTC 2026] Starting result fetch...
[Tue Feb 10 15:30:01 UTC 2026] Starting result fetch...
=== SmartAcca Post-Mortem Generator ===
No matches found to process.
=== SmartAcca Post-Mortem Generator ===
No matches found to process.
[Tue Feb 10 15:30:05 UTC 2026] Result fetch completed
[Tue Feb 10 15:30:05 UTC 2026] Result fetch completed
[Tue Feb 10 16:00:01 UTC 2026] Starting result fetch...
[Tue Feb 10 16:00:01 UTC 2026] Starting result fetch...
=== SmartAcca Post-Mortem Generator ===
No matches found to process.
=== SmartAcca Post-Mortem Generator ===
No matches found to process.
[Tue Feb 10 16:00:06 UTC 2026] Result fetch completed
[Tue Feb 10 16:00:06 UTC 2026] Result fetch completed
[Tue Feb 10 16:30:01 UTC 2026] Starting result fetch...
[Tue Feb 10 16:30:01 UTC 2026] Starting result fetch...
=== SmartAcca Post-Mortem Generator ===
No matches found to process.
=== SmartAcca Post-Mortem Generator ===
No matches found to process.
[Tue Feb 10 16:30:05 UTC 2026] Result fetch completed
[Tue Feb 10 16:30:05 UTC 2026] Result fetch completed
[Tue Feb 10 17:00:01 UTC 2026] Starting result fetch...
[Tue Feb 10 17:00:01 UTC 2026] Starting result fetch...
=== SmartAcca Post-Mortem Generator ===
No matches found to process.
=== SmartAcca Post-Mortem Generator ===
No matches found to process.
[Tue Feb 10 17:00:05 UTC 2026] Result fetch completed
[Tue Feb 10 17:00:05 UTC 2026] Result fetch completed
[Tue Feb 10 17:30:01 UTC 2026] Starting result fetch...
[Tue Feb 10 17:30:01 UTC 2026] Starting result fetch...
=== SmartAcca Post-Mortem Generator ===
No matches found to process.
=== SmartAcca Post-Mortem Generator ===
No matches found to process.
[Tue Feb 10 17:30:05 UTC 2026] Result fetch completed
[Tue Feb 10 17:30:05 UTC 2026] Result fetch completed
[Tue Feb 10 18:00:01 UTC 2026] Starting result fetch...
[Tue Feb 10 18:00:01 UTC 2026] Starting result fetch...
=== SmartAcca Post-Mortem Generator ===
📈 Including 1 major league matches
Found 1 match(es) to process.

Processing: Sampdoria vs Palermo
  Result: Sampdoria None - None Palermo (NS)

============================================================

✓ Successfully processed: 1

============================================================

📊 ACCUMULATOR ACCURACY STATISTICS

Total Predictions: 4
✅ Correct: 0 (0.0%)
❌ Incorrect: 0 (100.0%)
=== SmartAcca Post-Mortem Generator ===
📈 Including 1 major league matches
Found 1 match(es) to process.

Processing: Sampdoria vs Palermo
  Result: Sampdoria None - None Palermo (NS)

============================================================

✓ Successfully processed: 1

============================================================

📊 ACCUMULATOR ACCURACY STATISTICS

Total Predictions: 4
✅ Correct: 0 (0.0%)
❌ Incorrect: 0 (100.0%)
[Tue Feb 10 18:00:07 UTC 2026] Result fetch completed
[Tue Feb 10 18:00:07 UTC 2026] Result fetch completed
[Tue Feb 10 18:30:01 UTC 2026] Starting result fetch...
[Tue Feb 10 18:30:01 UTC 2026] Starting result fetch...
=== SmartAcca Post-Mortem Generator ===
📈 Including 1 major league matches
Found 1 match(es) to process.

Processing: Sampdoria vs Palermo
  Result: Sampdoria 0 - 0 Palermo (1H)

============================================================

✓ Successfully processed: 1

============================================================

📊 ACCUMULATOR ACCURACY STATISTICS

Total Predictions: 4
✅ Correct: 0 (0.0%)
❌ Incorrect: 0 (100.0%)
=== SmartAcca Post-Mortem Generator ===
📈 Including 1 major league matches
Found 1 match(es) to process.

Processing: Sampdoria vs Palermo
  Result: Sampdoria 0 - 0 Palermo (1H)

============================================================

✓ Successfully processed: 1

============================================================

📊 ACCUMULATOR ACCURACY STATISTICS

Total Predictions: 4
✅ Correct: 0 (0.0%)
❌ Incorrect: 0 (100.0%)
[Tue Feb 10 18:30:06 UTC 2026] Result fetch completed
[Tue Feb 10 18:30:06 UTC 2026] Result fetch completed
[Tue Feb 10 19:00:01 UTC 2026] Starting result fetch...
[Tue Feb 10 19:00:01 UTC 2026] Starting result fetch...
=== SmartAcca Post-Mortem Generator ===
📈 Including 6 major league matches
Found 6 match(es) to process.

Processing: Venezia vs Modena
  Result: Venezia None - None Modena (NS)

Processing: Pescara vs Catanzaro
  Result: Pescara None - None Catanzaro (NS)

Processing: Virtus Entella vs Cesena
  Result: Virtus Entella None - None Cesena (NS)

Processing: Reggiana vs Mantova
  Result: Reggiana None - None Mantova (NS)

Processing: Padova vs Carrarese
  ⚠ Result not available yet

Processing: Sampdoria vs Palermo
  ⚠ Result not available yet

============================================================

✓ Successfully processed: 4
⚠ Failed: 2

============================================================

📊 ACCUMULATOR ACCURACY STATISTICS

Total Predictions: 4
✅ Correct: 0 (0.0%)
❌ Incorrect: 0 (100.0%)
=== SmartAcca Post-Mortem Generator ===
📈 Including 6 major league matches
Found 6 match(es) to process.

Processing: Venezia vs Modena
  Result: Venezia None - None Modena (NS)

Processing: Pescara vs Catanzaro
  Result: Pescara None - None Catanzaro (NS)

Processing: Virtus Entella vs Cesena
  Result: Virtus Entella None - None Cesena (NS)

Processing: Reggiana vs Mantova
  ⚠ Result not available yet

Processing: Padova vs Carrarese
  ⚠ Result not available yet

Processing: Sampdoria vs Palermo
  ⚠ Result not available yet

============================================================

✓ Successfully processed: 3
⚠ Failed: 3

============================================================

📊 ACCUMULATOR ACCURACY STATISTICS

Total Predictions: 4
✅ Correct: 0 (0.0%)
❌ Incorrect: 0 (100.0%)
[Tue Feb 10 19:00:17 UTC 2026] Result fetch completed
[Tue Feb 10 19:00:17 UTC 2026] Result fetch completed
[Tue Feb 10 19:30:01 UTC 2026] Starting result fetch...
[Tue Feb 10 19:30:01 UTC 2026] Starting result fetch...
=== SmartAcca Post-Mortem Generator ===
📈 Including 9 major league matches
🌍 Including 1 other league matches
Found 10 match(es) to process.

Processing: FC Luzern vs Grasshoppers
  Result: FC Luzern None - None Grasshoppers (NS)

Processing: Chelsea vs Leeds
  Result: Chelsea None - None Leeds (NS)

Processing: Tottenham vs Newcastle
  Result: Tottenham None - None Newcastle (NS)

Processing: Everton vs Bournemouth
  Result: Everton None - None Bournemouth (NS)

Processing: Venezia vs Modena
  Result: Venezia 0 - 1 Modena (1H)

Processing: Pescara vs Catanzaro
  ⚠ Result not available yet

Processing: Virtus Entella vs Cesena
  ⚠ Result not available yet

Processing: Reggiana vs Mantova
  ⚠ Result not available yet

Processing: Padova vs Carrarese
  ⚠ Result not available yet

Processing: Sampdoria vs Palermo
  ⚠ Result not available yet

============================================================

✓ Successfully processed: 5
⚠ Failed: 5

============================================================

📊 ACCUMULATOR ACCURACY STATISTICS

Total Predictions: 4
✅ Correct: 0 (0.0%)
❌ Incorrect: 0 (100.0%)
=== SmartAcca Post-Mortem Generator ===
📈 Including 9 major league matches
🌍 Including 1 other league matches
Found 10 match(es) to process.

Processing: FC Luzern vs Grasshoppers
  Result: FC Luzern None - None Grasshoppers (NS)

Processing: Chelsea vs Leeds
  Result: Chelsea None - None Leeds (NS)

Processing: Tottenham vs Newcastle
  Result: Tottenham None - None Newcastle (NS)

Processing: Everton vs Bournemouth
  Result: Everton None - None Bournemouth (NS)

Processing: Venezia vs Modena
  Result: Venezia 0 - 1 Modena (1H)

Processing: Pescara vs Catanzaro
  ⚠ Result not available yet

Processing: Virtus Entella vs Cesena
  ⚠ Result not available yet

Processing: Reggiana vs Mantova
  ⚠ Result not available yet

Processing: Padova vs Carrarese
  ⚠ Result not available yet

Processing: Sampdoria vs Palermo
  ⚠ Result not available yet

============================================================

✓ Successfully processed: 5
⚠ Failed: 5

============================================================

📊 ACCUMULATOR ACCURACY STATISTICS

Total Predictions: 4
✅ Correct: 0 (0.0%)
❌ Incorrect: 0 (100.0%)
[Tue Feb 10 19:30:21 UTC 2026] Result fetch completed
[Tue Feb 10 19:30:21 UTC 2026] Result fetch completed
[Tue Feb 10 20:00:01 UTC 2026] Starting result fetch...
[Tue Feb 10 20:00:01 UTC 2026] Starting result fetch...
=== SmartAcca Post-Mortem Generator ===
📈 Including 12 major league matches
🌍 Including 2 other league matches
Found 14 match(es) to process.

Processing: Birmingham vs West Brom
  Result: Birmingham None - None West Brom (NS)

Processing: Heart Of Midlothian vs Hibernian
  Result: Heart Of Midlothian None - None Hibernian (NS)

Processing: Leicester vs Southampton
  Result: Leicester 2 - 0 Southampton (1H)

Processing: Oxford United vs Norwich
  ⚠ Result not available yet

Processing: FC Luzern vs Grasshoppers
  ⚠ Result not available yet

Processing: Chelsea vs Leeds
  ⚠ Result not available yet

Processing: Tottenham vs Newcastle
  ⚠ Result not available yet

Processing: Everton vs Bournemouth
  ⚠ Result not available yet

Processing: Venezia vs Modena
  ⚠ Result not available yet

Processing: Pescara vs Catanzaro
  ⚠ Result not available yet

Processing: Virtus Entella vs Cesena
  ⚠ Result not available yet

Processing: Reggiana vs Mantova
  ⚠ Result not available yet

Processing: Padova vs Carrarese
  ⚠ Result not available yet

Processing: Sampdoria vs Palermo
  ⚠ Result not available yet

============================================================

✓ Successfully processed: 3
⚠ Failed: 11

============================================================

📊 ACCUMULATOR ACCURACY STATISTICS

Total Predictions: 4
✅ Correct: 0 (0.0%)
❌ Incorrect: 0 (100.0%)
[Tue Feb 10 20:00:33 UTC 2026] Result fetch completed
=== SmartAcca Post-Mortem Generator ===
📈 Including 12 major league matches
🌍 Including 2 other league matches
Found 14 match(es) to process.

Processing: Birmingham vs West Brom
  Result: Birmingham None - None West Brom (NS)

Processing: Heart Of Midlothian vs Hibernian
  Result: Heart Of Midlothian None - None Hibernian (NS)

Processing: Leicester vs Southampton
  Result: Leicester 2 - 0 Southampton (1H)

Processing: Oxford United vs Norwich
  Result: Oxford United 0 - 1 Norwich (1H)

Processing: FC Luzern vs Grasshoppers
  ⚠ Result not available yet

Processing: Chelsea vs Leeds
  ⚠ Result not available yet

Processing: Tottenham vs Newcastle
  ⚠ Result not available yet

Processing: Everton vs Bournemouth
  ⚠ Result not available yet

Processing: Venezia vs Modena
  ⚠ Result not available yet

Processing: Pescara vs Catanzaro
  ⚠ Result not available yet

Processing: Virtus Entella vs Cesena
  ⚠ Result not available yet

Processing: Reggiana vs Mantova
  ⚠ Result not available yet

Processing: Padova vs Carrarese
  ⚠ Result not available yet

Processing: Sampdoria vs Palermo
  ⚠ Result not available yet

============================================================

✓ Successfully processed: 4
⚠ Failed: 10

============================================================

📊 ACCUMULATOR ACCURACY STATISTICS

Total Predictions: 4
✅ Correct: 0 (0.0%)
❌ Incorrect: 0 (100.0%)
[Tue Feb 10 20:00:34 UTC 2026] Result fetch completed
[Tue Feb 10 20:30:01 UTC 2026] Starting result fetch...
[Tue Feb 10 20:30:01 UTC 2026] Starting result fetch...
=== SmartAcca Post-Mortem Generator ===
📈 Including 13 major league matches
🌍 Including 2 other league matches
Found 15 match(es) to process.

Processing: West Ham vs Manchester United
    ⚠ API quota exhausted, using web scraper...
    ✓ Found via ESPN
  Result: West Ham 0 - 0 Manchester United (FT)
  ⚠ Suspicious FT status: 0-0 after only 15 minutes

Processing: Birmingham vs West Brom
    ⚠ API quota exhausted, using web scraper...
    ✓ Found via ESPN
  Result: Birmingham 0 - 0 West Brom (FT)
  ⚠ Suspicious FT status: 0-0 after only 30 minutes

Processing: Heart Of Midlothian vs Hibernian
    ⚠ API quota exhausted, using web scraper...
  ⚠ Result not available yet

Processing: Leicester vs Southampton
    ⚠ API quota exhausted, using web scraper...
    ✓ Found via ESPN
  Result: Leicester 3 - 0 Southampton (FT)
  Prediction: ❌ UNKNOWN

Processing: Oxford United vs Norwich
    ⚠ API quota exhausted, using web scraper...
    ✓ Found via ESPN
  Result: Oxford United 0 - 2 Norwich (FT)
  Prediction: ❌ UNKNOWN

Processing: FC Luzern vs Grasshoppers
    ⚠ API quota exhausted, using web scraper...
  ⚠ Result not available yet

Processing: Chelsea vs Leeds
    ⚠ API quota exhausted, using web scraper...
    ✓ Found via ESPN
  Result: Chelsea 1 - 0 Leeds (FT)
  Prediction: ❌ LOSS

Processing: Tottenham vs Newcastle
    ⚠ API quota exhausted, using web scraper...
    ✓ Found via ESPN
  Result: Tottenham 0 - 1 Newcastle (FT)
  Prediction: ❌ LOSS

Processing: Everton vs Bournemouth
    ⚠ API quota exhausted, using web scraper...
    ✓ Found via ESPN
  Result: Everton 1 - 0 Bournemouth (FT)
  Prediction: ❌ LOSS

Processing: Venezia vs Modena
    ⚠ API quota exhausted, using web scraper...
    ✓ Found via ESPN
  Result: Venezia 0 - 2 Modena (FT)
  Prediction: ❌ LOSS

Processing: Pescara vs Catanzaro
    ⚠ API quota exhausted, using web scraper...
    ✓ Found via ESPN
  Result: Pescara 0 - 1 Catanzaro (FT)
  Prediction: ❌ LOSS

Processing: Virtus Entella vs Cesena
    ⚠ API quota exhausted, using web scraper...
    ✓ Found via ESPN
  Result: Virtus Entella 2 - 0 Cesena (FT)
  Prediction: ❌ LOSS

Processing: Reggiana vs Mantova
    ⚠ API quota exhausted, using web scraper...
    ✓ Found via ESPN
  Result: Reggiana 1 - 0 Mantova (FT)
  Prediction: ❌ LOSS

Processing: Padova vs Carrarese
    ⚠ API quota exhausted, using web scraper...
    ✓ Found via ESPN
  Result: Padova 1 - 0 Carrarese (FT)
  Prediction: ❌ LOSS

Processing: Sampdoria vs Palermo
    ⚠ API quota exhausted, using web scraper...
    ✓ Found via ESPN
  Result: Sampdoria 3 - 3 Palermo (FT)
  Prediction: ✅ WIN

============================================================

✓ Successfully processed: 13
⚠ Failed: 2

============================================================

📊 ACCUMULATOR ACCURACY STATISTICS

Total Predictions: 4
✅ Correct: 0 (0.0%)
❌ Incorrect: 0 (100.0%)
[Tue Feb 10 20:30:46 UTC 2026] Result fetch completed
=== SmartAcca Post-Mortem Generator ===
📈 Including 13 major league matches
🌍 Including 2 other league matches
Found 15 match(es) to process.

Processing: West Ham vs Manchester United
    ⚠ API quota exhausted, using web scraper...
    ✓ Found via ESPN
  Result: West Ham 0 - 0 Manchester United (FT)
  ⚠ Suspicious FT status: 0-0 after only 15 minutes

Processing: Birmingham vs West Brom
    ⚠ API quota exhausted, using web scraper...
    ✓ Found via ESPN
  Result: Birmingham 0 - 0 West Brom (FT)
  ⚠ Suspicious FT status: 0-0 after only 30 minutes

Processing: Heart Of Midlothian vs Hibernian
    ⚠ API quota exhausted, using web scraper...
  ⚠ Result not available yet

Processing: Leicester vs Southampton
    ⚠ API quota exhausted, using web scraper...
    ✓ Found via ESPN
  Result: Leicester 3 - 0 Southampton (FT)
  Prediction: ❌ UNKNOWN

Processing: Oxford United vs Norwich
    ⚠ API quota exhausted, using web scraper...
    ✓ Found via ESPN
  Result: Oxford United 0 - 2 Norwich (FT)
  Prediction: ❌ UNKNOWN

Processing: FC Luzern vs Grasshoppers
    ⚠ API quota exhausted, using web scraper...
  ⚠ Result not available yet

Processing: Chelsea vs Leeds
    ⚠ API quota exhausted, using web scraper...
    ✓ Found via ESPN
  Result: Chelsea 1 - 0 Leeds (FT)
  Prediction: ❌ LOSS

Processing: Tottenham vs Newcastle
    ⚠ API quota exhausted, using web scraper...
    ✓ Found via ESPN
  Result: Tottenham 0 - 1 Newcastle (FT)
  Prediction: ❌ LOSS

Processing: Everton vs Bournemouth
    ⚠ API quota exhausted, using web scraper...
    ✓ Found via ESPN
  Result: Everton 1 - 0 Bournemouth (FT)
  Prediction: ❌ LOSS

Processing: Venezia vs Modena
    ⚠ API quota exhausted, using web scraper...
    ✓ Found via ESPN
  Result: Venezia 0 - 2 Modena (FT)
  Prediction: ❌ LOSS

Processing: Pescara vs Catanzaro
    ⚠ API quota exhausted, using web scraper...
    ✓ Found via ESPN
  Result: Pescara 0 - 1 Catanzaro (FT)
  Prediction: ❌ LOSS

Processing: Virtus Entella vs Cesena
    ⚠ API quota exhausted, using web scraper...
    ✓ Found via ESPN
  Result: Virtus Entella 2 - 0 Cesena (FT)
  Prediction: ❌ LOSS

Processing: Reggiana vs Mantova
    ⚠ API quota exhausted, using web scraper...
    ✓ Found via ESPN
  Result: Reggiana 1 - 0 Mantova (FT)
  Prediction: ❌ LOSS

Processing: Padova vs Carrarese
    ⚠ API quota exhausted, using web scraper...
    ✓ Found via ESPN
  Result: Padova 1 - 0 Carrarese (FT)
  Prediction: ❌ LOSS

Processing: Sampdoria vs Palermo
    ⚠ API quota exhausted, using web scraper...
    ✓ Found via ESPN
  Result: Sampdoria 3 - 3 Palermo (FT)
  Prediction: ✅ WIN

============================================================

✓ Successfully processed: 13
⚠ Failed: 2

============================================================

📊 ACCUMULATOR ACCURACY STATISTICS

Total Predictions: 4
✅ Correct: 0 (0.0%)
❌ Incorrect: 0 (100.0%)
[Tue Feb 10 20:30:46 UTC 2026] Result fetch completed
[Tue Feb 10 21:00:02 UTC 2026] Starting result fetch...
[Tue Feb 10 21:00:02 UTC 2026] Starting result fetch...
=== SmartAcca Post-Mortem Generator ===
🌍 Including 3 other league matches
Found 3 match(es) to process.

Processing: Cucuta vs Independiente Medellin
    ⚠ API quota exhausted, using web scraper...
  ⚠ Result not available yet

Processing: Heart Of Midlothian vs Hibernian
    ⚠ API quota exhausted, using web scraper...
  ⚠ Result not available yet

Processing: FC Luzern vs Grasshoppers
    ⚠ API quota exhausted, using web scraper...
  ⚠ Result not available yet

============================================================

✓ Successfully processed: 0
⚠ Failed: 3

============================================================

📊 ACCUMULATOR ACCURACY STATISTICS

Total Predictions: 4
✅ Correct: 0 (0.0%)
❌ Incorrect: 0 (100.0%)
=== SmartAcca Post-Mortem Generator ===
🌍 Including 3 other league matches
Found 3 match(es) to process.

Processing: Cucuta vs Independiente Medellin
    ⚠ API quota exhausted, using web scraper...
  ⚠ Result not available yet

Processing: Heart Of Midlothian vs Hibernian
    ⚠ API quota exhausted, using web scraper...
  ⚠ Result not available yet

Processing: FC Luzern vs Grasshoppers
    API returned status 503
  ⚠ Result not available yet

============================================================

✓ Successfully processed: 0
⚠ Failed: 3

============================================================

📊 ACCUMULATOR ACCURACY STATISTICS

Total Predictions: 4
✅ Correct: 0 (0.0%)
❌ Incorrect: 0 (100.0%)
[Tue Feb 10 21:00:17 UTC 2026] Result fetch completed
[Tue Feb 10 21:00:17 UTC 2026] Result fetch completed
[Tue Feb 10 21:30:01 UTC 2026] Starting result fetch...
[Tue Feb 10 21:30:01 UTC 2026] Starting result fetch...
=== SmartAcca Post-Mortem Generator ===
🌍 Including 3 other league matches
Found 3 match(es) to process.

Processing: Cucuta vs Independiente Medellin
    ⚠ API quota exhausted, using web scraper...
  ⚠ Result not available yet

Processing: Heart Of Midlothian vs Hibernian
    ⚠ API quota exhausted, using web scraper...
  ⚠ Result not available yet

Processing: FC Luzern vs Grasshoppers
    ⚠ API quota exhausted, using web scraper...
  ⚠ Result not available yet

============================================================

✓ Successfully processed: 0
⚠ Failed: 3

============================================================

📊 ACCUMULATOR ACCURACY STATISTICS

Total Predictions: 4
✅ Correct: 0 (0.0%)
❌ Incorrect: 0 (100.0%)
=== SmartAcca Post-Mortem Generator ===
🌍 Including 3 other league matches
Found 3 match(es) to process.

Processing: Cucuta vs Independiente Medellin
    ⚠ API quota exhausted, using web scraper...
  ⚠ Result not available yet

Processing: Heart Of Midlothian vs Hibernian
    ⚠ API quota exhausted, using web scraper...
  ⚠ Result not available yet

Processing: FC Luzern vs Grasshoppers
    ⚠ API quota exhausted, using web scraper...
  ⚠ Result not available yet

============================================================

✓ Successfully processed: 0
⚠ Failed: 3

============================================================

📊 ACCUMULATOR ACCURACY STATISTICS

Total Predictions: 4
✅ Correct: 0 (0.0%)
❌ Incorrect: 0 (100.0%)
[Tue Feb 10 21:30:14 UTC 2026] Result fetch completed
[Tue Feb 10 21:30:14 UTC 2026] Result fetch completed
[Tue Feb 10 22:00:01 UTC 2026] Starting result fetch...
[Tue Feb 10 22:00:01 UTC 2026] Starting result fetch...
=== SmartAcca Post-Mortem Generator ===
🌍 Including 3 other league matches
Found 3 match(es) to process.

Processing: Cucuta vs Independiente Medellin
    ⚠ API quota exhausted, using web scraper...
  ⚠ Result not available yet

Processing: Heart Of Midlothian vs Hibernian
    ⚠ API quota exhausted, using web scraper...
  ⚠ Result not available yet

Processing: FC Luzern vs Grasshoppers
    ⚠ API quota exhausted, using web scraper...
  ⚠ Result not available yet

============================================================

✓ Successfully processed: 0
⚠ Failed: 3

============================================================

📊 ACCUMULATOR ACCURACY STATISTICS

Total Predictions: 4
✅ Correct: 0 (0.0%)
❌ Incorrect: 0 (100.0%)
[Tue Feb 10 22:00:16 UTC 2026] Result fetch completed
=== SmartAcca Post-Mortem Generator ===
🌍 Including 3 other league matches
Found 3 match(es) to process.

Processing: Cucuta vs Independiente Medellin
    ⚠ API quota exhausted, using web scraper...
  ⚠ Result not available yet

Processing: Heart Of Midlothian vs Hibernian
    ⚠ API quota exhausted, using web scraper...
  ⚠ Result not available yet

Processing: FC Luzern vs Grasshoppers
    ⚠ API quota exhausted, using web scraper...
  ⚠ Result not available yet

============================================================

✓ Successfully processed: 0
⚠ Failed: 3

============================================================

📊 ACCUMULATOR ACCURACY STATISTICS

Total Predictions: 4
✅ Correct: 0 (0.0%)
❌ Incorrect: 0 (100.0%)
[Tue Feb 10 22:00:17 UTC 2026] Result fetch completed
[Tue Feb 10 22:30:01 UTC 2026] Starting result fetch...
[Tue Feb 10 22:30:01 UTC 2026] Starting result fetch...
=== SmartAcca Post-Mortem Generator ===
🌍 Including 3 other league matches
Found 3 match(es) to process.

Processing: Cucuta vs Independiente Medellin
    ⚠ API quota exhausted, using web scraper...
  ⚠ Result not available yet

Processing: Heart Of Midlothian vs Hibernian
    ⚠ API quota exhausted, using web scraper...
  ⚠ Result not available yet

Processing: FC Luzern vs Grasshoppers
    ⚠ API quota exhausted, using web scraper...
  ⚠ Result not available yet

============================================================

✓ Successfully processed: 0
⚠ Failed: 3

============================================================

📊 ACCUMULATOR ACCURACY STATISTICS

Total Predictions: 4
✅ Correct: 0 (0.0%)
❌ Incorrect: 0 (100.0%)
=== SmartAcca Post-Mortem Generator ===
🌍 Including 3 other league matches
Found 3 match(es) to process.

Processing: Cucuta vs Independiente Medellin
    ⚠ API quota exhausted, using web scraper...
  ⚠ Result not available yet

Processing: Heart Of Midlothian vs Hibernian
    ⚠ API quota exhausted, using web scraper...
  ⚠ Result not available yet

Processing: FC Luzern vs Grasshoppers
    ⚠ API quota exhausted, using web scraper...
  ⚠ Result not available yet

============================================================

✓ Successfully processed: 0
⚠ Failed: 3

============================================================

📊 ACCUMULATOR ACCURACY STATISTICS

Total Predictions: 4
✅ Correct: 0 (0.0%)
❌ Incorrect: 0 (100.0%)
[Tue Feb 10 22:30:15 UTC 2026] Result fetch completed
[Tue Feb 10 22:30:15 UTC 2026] Result fetch completed
[Tue Feb 10 23:00:01 UTC 2026] Starting result fetch...
[Tue Feb 10 23:00:01 UTC 2026] Starting result fetch...
=== SmartAcca Post-Mortem Generator ===
🌍 Including 3 other league matches
Found 3 match(es) to process.

Processing: Cucuta vs Independiente Medellin
    ⚠ API quota exhausted, using web scraper...
  ⚠ Result not available yet

Processing: Heart Of Midlothian vs Hibernian
    ⚠ API quota exhausted, using web scraper...
  ⚠ Result not available yet

Processing: FC Luzern vs Grasshoppers
    ⚠ API quota exhausted, using web scraper...
  ⚠ Result not available yet

============================================================

✓ Successfully processed: 0
⚠ Failed: 3

============================================================

📊 ACCUMULATOR ACCURACY STATISTICS

Total Predictions: 4
✅ Correct: 0 (0.0%)
❌ Incorrect: 0 (100.0%)
[Tue Feb 10 23:00:15 UTC 2026] Result fetch completed
=== SmartAcca Post-Mortem Generator ===
🌍 Including 3 other league matches
Found 3 match(es) to process.

Processing: Cucuta vs Independiente Medellin
    ⚠ API quota exhausted, using web scraper...
  ⚠ Result not available yet

Processing: Heart Of Midlothian vs Hibernian
    ⚠ API quota exhausted, using web scraper...
  ⚠ Result not available yet

Processing: FC Luzern vs Grasshoppers
    ⚠ API quota exhausted, using web scraper...
  ⚠ Result not available yet

============================================================

✓ Successfully processed: 0
⚠ Failed: 3

============================================================

📊 ACCUMULATOR ACCURACY STATISTICS

Total Predictions: 4
✅ Correct: 0 (0.0%)
❌ Incorrect: 0 (100.0%)
[Tue Feb 10 23:00:16 UTC 2026] Result fetch completed
[Tue Feb 10 23:30:01 UTC 2026] Starting result fetch...
[Tue Feb 10 23:30:01 UTC 2026] Starting result fetch...
=== SmartAcca Post-Mortem Generator ===
🌍 Including 4 other league matches
Found 4 match(es) to process.

Processing: Llaneros vs Deportivo Pasto
    ⚠ API quota exhausted, using web scraper...
  ⚠ Result not available yet

Processing: Cucuta vs Independiente Medellin
    ⚠ API quota exhausted, using web scraper...
  ⚠ Result not available yet

Processing: Heart Of Midlothian vs Hibernian
    ⚠ API quota exhausted, using web scraper...
  ⚠ Result not available yet

Processing: FC Luzern vs Grasshoppers
    ⚠ API quota exhausted, using web scraper...
  ⚠ Result not available yet

============================================================

✓ Successfully processed: 0
⚠ Failed: 4

============================================================

📊 ACCUMULATOR ACCURACY STATISTICS

Total Predictions: 4
✅ Correct: 0 (0.0%)
❌ Incorrect: 0 (100.0%)
[Tue Feb 10 23:30:17 UTC 2026] Result fetch completed
=== SmartAcca Post-Mortem Generator ===
🌍 Including 4 other league matches
Found 4 match(es) to process.

Processing: Llaneros vs Deportivo Pasto
    ⚠ API quota exhausted, using web scraper...
  ⚠ Result not available yet

Processing: Cucuta vs Independiente Medellin
    ⚠ API quota exhausted, using web scraper...
  ⚠ Result not available yet

Processing: Heart Of Midlothian vs Hibernian
    ⚠ API quota exhausted, using web scraper...
  ⚠ Result not available yet

Processing: FC Luzern vs Grasshoppers
    ⚠ API quota exhausted, using web scraper...
  ⚠ Result not available yet

============================================================

✓ Successfully processed: 0
⚠ Failed: 4

============================================================

📊 ACCUMULATOR ACCURACY STATISTICS

Total Predictions: 4
✅ Correct: 0 (0.0%)
❌ Incorrect: 0 (100.0%)
[Tue Feb 10 23:30:17 UTC 2026] Result fetch completed
[Wed Feb 11 00:00:01 UTC 2026] Starting result fetch...
[Wed Feb 11 00:00:01 UTC 2026] Starting result fetch...
=== SmartAcca Post-Mortem Generator ===
🌍 Including 4 other league matches
Found 4 match(es) to process.

Processing: Llaneros vs Deportivo Pasto
    ⚠ API quota exhausted, using web scraper...
  ⚠ Result not available yet

Processing: Cucuta vs Independiente Medellin
    ⚠ API quota exhausted, using web scraper...
  ⚠ Result not available yet

Processing: Heart Of Midlothian vs Hibernian
    ⚠ API quota exhausted, using web scraper...
  ⚠ Result not available yet

Processing: FC Luzern vs Grasshoppers
    ⚠ API quota exhausted, using web scraper...
  ⚠ Result not available yet

============================================================

✓ Successfully processed: 0
⚠ Failed: 4

============================================================

📊 ACCUMULATOR ACCURACY STATISTICS

Total Predictions: 4
✅ Correct: 0 (0.0%)
❌ Incorrect: 0 (100.0%)
=== SmartAcca Post-Mortem Generator ===
🌍 Including 4 other league matches
Found 4 match(es) to process.

Processing: Llaneros vs Deportivo Pasto
    ⚠ API quota exhausted, using web scraper...
  ⚠ Result not available yet

Processing: Cucuta vs Independiente Medellin
    ⚠ API quota exhausted, using web scraper...
  ⚠ Result not available yet

Processing: Heart Of Midlothian vs Hibernian
    ⚠ API quota exhausted, using web scraper...
  ⚠ Result not available yet

Processing: FC Luzern vs Grasshoppers
    ⚠ API quota exhausted, using web scraper...
  ⚠ Result not available yet

============================================================

✓ Successfully processed: 0
⚠ Failed: 4

============================================================

📊 ACCUMULATOR ACCURACY STATISTICS

Total Predictions: 4
✅ Correct: 0 (0.0%)
❌ Incorrect: 0 (100.0%)
[Wed Feb 11 00:00:19 UTC 2026] Result fetch completed
[Wed Feb 11 00:00:20 UTC 2026] Result fetch completed
[Wed Feb 11 00:30:01 UTC 2026] Starting result fetch...
[Wed Feb 11 00:30:01 UTC 2026] Starting result fetch...
=== SmartAcca Post-Mortem Generator ===
🌍 Including 4 other league matches
Found 4 match(es) to process.

Processing: Llaneros vs Deportivo Pasto
  Result: Llaneros 0 - 1 Deportivo Pasto (HT)

Processing: Cucuta vs Independiente Medellin
  Result: Cucuta 1 - 3 Independiente Medellin (FT)
  Prediction: ✅ WIN

Processing: Heart Of Midlothian vs Hibernian
  Result: Heart Of Midlothian 1 - 0 Hibernian (FT)
  Prediction: ❌ LOSS

Processing: FC Luzern vs Grasshoppers
  Result: FC Luzern 4 - 3 Grasshoppers (FT)
  Prediction: ✅ WIN

============================================================

✓ Successfully processed: 4

============================================================

📊 ACCUMULATOR ACCURACY STATISTICS

Total Predictions: 4
✅ Correct: 0 (0.0%)
❌ Incorrect: 0 (100.0%)
=== SmartAcca Post-Mortem Generator ===
🌍 Including 4 other league matches
Found 4 match(es) to process.

Processing: Llaneros vs Deportivo Pasto
  Result: Llaneros 0 - 1 Deportivo Pasto (HT)

Processing: Cucuta vs Independiente Medellin
  Result: Cucuta 1 - 3 Independiente Medellin (FT)
  Prediction: ✅ WIN

Processing: Heart Of Midlothian vs Hibernian
  Result: Heart Of Midlothian 1 - 0 Hibernian (FT)
  Prediction: ❌ LOSS

Processing: FC Luzern vs Grasshoppers
  Result: FC Luzern 4 - 3 Grasshoppers (FT)
  Prediction: ✅ WIN

============================================================

✓ Successfully processed: 4

============================================================

📊 ACCUMULATOR ACCURACY STATISTICS

Total Predictions: 4
✅ Correct: 0 (0.0%)
❌ Incorrect: 0 (100.0%)
[Wed Feb 11 00:30:10 UTC 2026] Result fetch completed
[Wed Feb 11 00:30:10 UTC 2026] Result fetch completed
[Wed Feb 11 01:00:01 UTC 2026] Starting result fetch...
[Wed Feb 11 01:00:01 UTC 2026] Starting result fetch...
=== SmartAcca Post-Mortem Generator ===
🌍 Including 1 other league matches
Found 1 match(es) to process.

Processing: Llaneros vs Deportivo Pasto
  Result: Llaneros 0 - 1 Deportivo Pasto (2H)

============================================================

✓ Successfully processed: 1

============================================================

📊 ACCUMULATOR ACCURACY STATISTICS

Total Predictions: 4
✅ Correct: 0 (0.0%)
❌ Incorrect: 0 (100.0%)
=== SmartAcca Post-Mortem Generator ===
🌍 Including 1 other league matches
Found 1 match(es) to process.

Processing: Llaneros vs Deportivo Pasto
  Result: Llaneros 0 - 1 Deportivo Pasto (2H)

============================================================

✓ Successfully processed: 1

============================================================

📊 ACCUMULATOR ACCURACY STATISTICS

Total Predictions: 4
✅ Correct: 0 (0.0%)
❌ Incorrect: 0 (100.0%)
[Wed Feb 11 01:00:07 UTC 2026] Result fetch completed
[Wed Feb 11 01:00:07 UTC 2026] Result fetch completed
[Wed Feb 11 01:30:01 UTC 2026] Starting result fetch...
[Wed Feb 11 01:30:01 UTC 2026] Starting result fetch...
=== SmartAcca Post-Mortem Generator ===
🌍 Including 1 other league matches
Found 1 match(es) to process.

Processing: Llaneros vs Deportivo Pasto
  Result: Llaneros 0 - 1 Deportivo Pasto (FT)
  Prediction: ✅ WIN

============================================================

✓ Successfully processed: 1

============================================================

📊 ACCUMULATOR ACCURACY STATISTICS

Total Predictions: 4
✅ Correct: 0 (0.0%)
❌ Incorrect: 0 (100.0%)
=== SmartAcca Post-Mortem Generator ===
🌍 Including 1 other league matches
Found 1 match(es) to process.

Processing: Llaneros vs Deportivo Pasto
  Result: Llaneros 0 - 1 Deportivo Pasto (FT)
  Prediction: ✅ WIN

============================================================

✓ Successfully processed: 1

============================================================

📊 ACCUMULATOR ACCURACY STATISTICS

Total Predictions: 4
✅ Correct: 0 (0.0%)
❌ Incorrect: 0 (100.0%)
[Wed Feb 11 01:30:06 UTC 2026] Result fetch completed
[Wed Feb 11 01:30:06 UTC 2026] Result fetch completed
[Wed Feb 11 02:00:01 UTC 2026] Starting result fetch...
[Wed Feb 11 02:00:02 UTC 2026] Starting result fetch...
=== SmartAcca Post-Mortem Generator ===
No matches found to process.
=== SmartAcca Post-Mortem Generator ===
No matches found to process.
[Wed Feb 11 02:00:06 UTC 2026] Result fetch completed
[Wed Feb 11 02:00:06 UTC 2026] Result fetch completed
[Wed Feb 11 02:30:01 UTC 2026] Starting result fetch...
[Wed Feb 11 02:30:01 UTC 2026] Starting result fetch...
=== SmartAcca Post-Mortem Generator ===
No matches found to process.
=== SmartAcca Post-Mortem Generator ===
No matches found to process.
[Wed Feb 11 02:30:05 UTC 2026] Result fetch completed
[Wed Feb 11 02:30:05 UTC 2026] Result fetch completed
[Wed Feb 11 03:00:01 UTC 2026] Starting result fetch...
[Wed Feb 11 03:00:01 UTC 2026] Starting result fetch...
=== SmartAcca Post-Mortem Generator ===
No matches found to process.
=== SmartAcca Post-Mortem Generator ===
No matches found to process.
[Wed Feb 11 03:00:05 UTC 2026] Result fetch completed
[Wed Feb 11 03:00:05 UTC 2026] Result fetch completed
[Wed Feb 11 03:30:01 UTC 2026] Starting result fetch...
[Wed Feb 11 03:30:01 UTC 2026] Starting result fetch...
=== SmartAcca Post-Mortem Generator ===
No matches found to process.
=== SmartAcca Post-Mortem Generator ===
No matches found to process.
[Wed Feb 11 03:30:05 UTC 2026] Result fetch completed
[Wed Feb 11 03:30:05 UTC 2026] Result fetch completed
[Wed Feb 11 04:00:01 UTC 2026] Starting result fetch...
[Wed Feb 11 04:00:01 UTC 2026] Starting result fetch...
=== SmartAcca Post-Mortem Generator ===
No matches found to process.
=== SmartAcca Post-Mortem Generator ===
No matches found to process.
[Wed Feb 11 04:00:06 UTC 2026] Result fetch completed
[Wed Feb 11 04:00:06 UTC 2026] Result fetch completed
[Wed Feb 11 04:30:01 UTC 2026] Starting result fetch...
[Wed Feb 11 04:30:01 UTC 2026] Starting result fetch...
=== SmartAcca Post-Mortem Generator ===
No matches found to process.
=== SmartAcca Post-Mortem Generator ===
No matches found to process.
[Wed Feb 11 04:30:04 UTC 2026] Result fetch completed
[Wed Feb 11 04:30:04 UTC 2026] Result fetch completed
[Wed Feb 11 05:00:01 UTC 2026] Starting result fetch...
[Wed Feb 11 05:00:01 UTC 2026] Starting result fetch...
=== SmartAcca Post-Mortem Generator ===
No matches found to process.
=== SmartAcca Post-Mortem Generator ===
No matches found to process.
[Wed Feb 11 05:00:07 UTC 2026] Result fetch completed
[Wed Feb 11 05:00:07 UTC 2026] Result fetch completed
[Wed Feb 11 05:30:01 UTC 2026] Starting result fetch...
[Wed Feb 11 05:30:01 UTC 2026] Starting result fetch...
=== SmartAcca Post-Mortem Generator ===
No matches found to process.
=== SmartAcca Post-Mortem Generator ===
No matches found to process.
[Wed Feb 11 05:30:05 UTC 2026] Result fetch completed
[Wed Feb 11 05:30:05 UTC 2026] Result fetch completed
[Wed Feb 11 06:00:01 UTC 2026] Starting result fetch...
[Wed Feb 11 06:00:01 UTC 2026] Starting result fetch...
=== SmartAcca Post-Mortem Generator ===
📈 Including 1 major league matches
🌍 Including 1 other league matches
Found 2 match(es) to process.

Processing: Bucaramanga vs Deportes Tolima
  Result: Bucaramanga 0 - 0 Deportes Tolima (FT)
  Prediction: ❌ LOSS

Processing: Vitoria vs Flamengo
  Result: Vitoria 1 - 2 Flamengo (FT)
  Prediction: ❌ LOSS

============================================================

✓ Successfully processed: 2

============================================================

📊 ACCUMULATOR ACCURACY STATISTICS

Total Predictions: 4
✅ Correct: 0 (0.0%)
❌ Incorrect: 0 (100.0%)
=== SmartAcca Post-Mortem Generator ===
📈 Including 1 major league matches
🌍 Including 1 other league matches
Found 2 match(es) to process.

Processing: Bucaramanga vs Deportes Tolima
  Result: Bucaramanga 0 - 0 Deportes Tolima (FT)
  Prediction: ❌ LOSS

Processing: Vitoria vs Flamengo
  Result: Vitoria 1 - 2 Flamengo (FT)
  Prediction: ❌ LOSS

============================================================

✓ Successfully processed: 2

============================================================

📊 ACCUMULATOR ACCURACY STATISTICS

Total Predictions: 4
✅ Correct: 0 (0.0%)
❌ Incorrect: 0 (100.0%)
[Wed Feb 11 06:00:09 UTC 2026] Result fetch completed
[Wed Feb 11 06:00:09 UTC 2026] Result fetch completed
[Wed Feb 11 06:30:01 UTC 2026] Starting result fetch...
[Wed Feb 11 06:30:01 UTC 2026] Starting result fetch...
=== SmartAcca Post-Mortem Generator ===
No matches found to process.
=== SmartAcca Post-Mortem Generator ===
No matches found to process.
[Wed Feb 11 06:30:05 UTC 2026] Result fetch completed
[Wed Feb 11 06:30:05 UTC 2026] Result fetch completed
[Wed Feb 11 07:00:01 UTC 2026] Starting result fetch...
[Wed Feb 11 07:00:01 UTC 2026] Starting result fetch...
=== SmartAcca Post-Mortem Generator ===
No matches found to process.
=== SmartAcca Post-Mortem Generator ===
No matches found to process.
[Wed Feb 11 07:00:05 UTC 2026] Result fetch completed
[Wed Feb 11 07:00:06 UTC 2026] Result fetch completed
[Wed Feb 11 07:30:01 UTC 2026] Starting result fetch...
[Wed Feb 11 07:30:01 UTC 2026] Starting result fetch...
=== SmartAcca Post-Mortem Generator ===
No matches found to process.
=== SmartAcca Post-Mortem Generator ===
No matches found to process.
[Wed Feb 11 07:30:05 UTC 2026] Result fetch completed
[Wed Feb 11 07:30:05 UTC 2026] Result fetch completed
[Wed Feb 11 08:00:01 UTC 2026] Starting result fetch...
[Wed Feb 11 08:00:01 UTC 2026] Starting result fetch...
=== SmartAcca Post-Mortem Generator ===
No matches found to process.
=== SmartAcca Post-Mortem Generator ===
No matches found to process.
[Wed Feb 11 08:00:05 UTC 2026] Result fetch completed
[Wed Feb 11 08:00:05 UTC 2026] Result fetch completed
[Wed Feb 11 08:30:01 UTC 2026] Starting result fetch...
[Wed Feb 11 08:30:01 UTC 2026] Starting result fetch...
=== SmartAcca Post-Mortem Generator ===
No matches found to process.
=== SmartAcca Post-Mortem Generator ===
No matches found to process.
[Wed Feb 11 08:30:05 UTC 2026] Result fetch completed
[Wed Feb 11 08:30:05 UTC 2026] Result fetch completed
[Wed Feb 11 09:00:01 UTC 2026] Starting result fetch...
[Wed Feb 11 09:00:01 UTC 2026] Starting result fetch...
=== SmartAcca Post-Mortem Generator ===
No matches found to process.
=== SmartAcca Post-Mortem Generator ===
No matches found to process.
[Wed Feb 11 09:00:05 UTC 2026] Result fetch completed
[Wed Feb 11 09:00:05 UTC 2026] Result fetch completed
[Wed Feb 11 09:30:01 UTC 2026] Starting result fetch...
[Wed Feb 11 09:30:01 UTC 2026] Starting result fetch...
=== SmartAcca Post-Mortem Generator ===
No matches found to process.
=== SmartAcca Post-Mortem Generator ===
No matches found to process.
[Wed Feb 11 09:30:05 UTC 2026] Result fetch completed
[Wed Feb 11 09:30:05 UTC 2026] Result fetch completed
[Wed Feb 11 10:00:01 UTC 2026] Starting result fetch...
[Wed Feb 11 10:00:01 UTC 2026] Starting result fetch...
=== SmartAcca Post-Mortem Generator ===
No matches found to process.
=== SmartAcca Post-Mortem Generator ===
No matches found to process.
[Wed Feb 11 10:00:05 UTC 2026] Result fetch completed
[Wed Feb 11 10:00:05 UTC 2026] Result fetch completed
[Wed Feb 11 10:30:01 UTC 2026] Starting result fetch...
[Wed Feb 11 10:30:01 UTC 2026] Starting result fetch...
=== SmartAcca Post-Mortem Generator ===
No matches found to process.
=== SmartAcca Post-Mortem Generator ===
No matches found to process.
[Wed Feb 11 10:30:05 UTC 2026] Result fetch completed
[Wed Feb 11 10:30:05 UTC 2026] Result fetch completed
[Wed Feb 11 11:00:01 UTC 2026] Starting result fetch...
[Wed Feb 11 11:00:01 UTC 2026] Starting result fetch...
=== SmartAcca Post-Mortem Generator ===
No matches found to process.
=== SmartAcca Post-Mortem Generator ===
No matches found to process.
[Wed Feb 11 11:00:05 UTC 2026] Result fetch completed
[Wed Feb 11 11:00:05 UTC 2026] Result fetch completed
[Wed Feb 11 11:30:01 UTC 2026] Starting result fetch...
[Wed Feb 11 11:30:01 UTC 2026] Starting result fetch...
=== SmartAcca Post-Mortem Generator ===
No matches found to process.
=== SmartAcca Post-Mortem Generator ===
No matches found to process.
[Wed Feb 11 11:30:04 UTC 2026] Result fetch completed
[Wed Feb 11 11:30:04 UTC 2026] Result fetch completed
[Wed Feb 11 12:00:02 UTC 2026] Starting result fetch...
[Wed Feb 11 12:00:02 UTC 2026] Starting result fetch...
=== SmartAcca Post-Mortem Generator ===
No matches found to process.
=== SmartAcca Post-Mortem Generator ===
No matches found to process.
[Wed Feb 11 12:00:05 UTC 2026] Result fetch completed
[Wed Feb 11 12:00:06 UTC 2026] Result fetch completed
[Wed Feb 11 12:30:01 UTC 2026] Starting result fetch...
[Wed Feb 11 12:30:01 UTC 2026] Starting result fetch...
=== SmartAcca Post-Mortem Generator ===
No matches found to process.
=== SmartAcca Post-Mortem Generator ===
No matches found to process.
[Wed Feb 11 12:30:05 UTC 2026] Result fetch completed
[Wed Feb 11 12:30:05 UTC 2026] Result fetch completed
[Wed Feb 11 13:00:01 UTC 2026] Starting result fetch...
[Wed Feb 11 13:00:01 UTC 2026] Starting result fetch...
=== SmartAcca Post-Mortem Generator ===
No matches found to process.
=== SmartAcca Post-Mortem Generator ===
No matches found to process.
[Wed Feb 11 13:00:05 UTC 2026] Result fetch completed
[Wed Feb 11 13:00:05 UTC 2026] Result fetch completed
[Wed Feb 11 13:30:02 UTC 2026] Starting result fetch...
[Wed Feb 11 13:30:02 UTC 2026] Starting result fetch...
=== SmartAcca Post-Mortem Generator ===
No matches found to process.
=== SmartAcca Post-Mortem Generator ===
No matches found to process.
[Wed Feb 11 13:30:05 UTC 2026] Result fetch completed
[Wed Feb 11 13:30:05 UTC 2026] Result fetch completed
[Wed Feb 11 14:00:01 UTC 2026] Starting result fetch...
[Wed Feb 11 14:00:01 UTC 2026] Starting result fetch...
=== SmartAcca Post-Mortem Generator ===
No matches found to process.
=== SmartAcca Post-Mortem Generator ===
No matches found to process.
[Wed Feb 11 14:00:05 UTC 2026] Result fetch completed
[Wed Feb 11 14:00:06 UTC 2026] Result fetch completed
[Wed Feb 11 14:30:01 UTC 2026] Starting result fetch...
[Wed Feb 11 14:30:01 UTC 2026] Starting result fetch...
=== SmartAcca Post-Mortem Generator ===
No matches found to process.
=== SmartAcca Post-Mortem Generator ===
No matches found to process.
[Wed Feb 11 14:30:04 UTC 2026] Result fetch completed
[Wed Feb 11 14:30:04 UTC 2026] Result fetch completed
[Wed Feb 11 15:00:01 UTC 2026] Starting result fetch...
[Wed Feb 11 15:00:01 UTC 2026] Starting result fetch...
=== SmartAcca Post-Mortem Generator ===
📈 Including 2 major league matches
Found 2 match(es) to process.

Processing: Enppi vs Pyramids FC
  Result: Enppi None - None Pyramids FC (NS)

Processing: Al Ahly vs Ismaily SC
  Result: Al Ahly None - None Ismaily SC (NS)

============================================================

✓ Successfully processed: 2

============================================================

📊 ACCUMULATOR ACCURACY STATISTICS

Total Predictions: 4
✅ Correct: 0 (0.0%)
❌ Incorrect: 0 (100.0%)
=== SmartAcca Post-Mortem Generator ===
📈 Including 2 major league matches
Found 2 match(es) to process.

Processing: Enppi vs Pyramids FC
  Result: Enppi None - None Pyramids FC (NS)

Processing: Al Ahly vs Ismaily SC
  Result: Al Ahly None - None Ismaily SC (NS)

============================================================

✓ Successfully processed: 2

============================================================

📊 ACCUMULATOR ACCURACY STATISTICS

Total Predictions: 4
✅ Correct: 0 (0.0%)
❌ Incorrect: 0 (100.0%)
[Wed Feb 11 15:00:09 UTC 2026] Result fetch completed
[Wed Feb 11 15:00:09 UTC 2026] Result fetch completed
[Wed Feb 11 15:30:01 UTC 2026] Starting result fetch...
[Wed Feb 11 15:30:01 UTC 2026] Starting result fetch...
=== SmartAcca Post-Mortem Generator ===
📈 Including 2 major league matches
Found 2 match(es) to process.

Processing: Enppi vs Pyramids FC
  Result: Enppi 0 - 1 Pyramids FC (1H)

Processing: Al Ahly vs Ismaily SC
  Result: Al Ahly 0 - 0 Ismaily SC (1H)

============================================================

✓ Successfully processed: 2

============================================================

📊 ACCUMULATOR ACCURACY STATISTICS

Total Predictions: 4
✅ Correct: 0 (0.0%)
❌ Incorrect: 0 (100.0%)
=== SmartAcca Post-Mortem Generator ===
📈 Including 2 major league matches
Found 2 match(es) to process.

Processing: Enppi vs Pyramids FC
  Result: Enppi 0 - 1 Pyramids FC (1H)

Processing: Al Ahly vs Ismaily SC
  Result: Al Ahly 0 - 0 Ismaily SC (1H)

============================================================

✓ Successfully processed: 2

============================================================

📊 ACCUMULATOR ACCURACY STATISTICS

Total Predictions: 4
✅ Correct: 0 (0.0%)
❌ Incorrect: 0 (100.0%)
[Wed Feb 11 15:30:08 UTC 2026] Result fetch completed
[Wed Feb 11 15:30:08 UTC 2026] Result fetch completed
[Wed Feb 11 16:00:01 UTC 2026] Starting result fetch...
[Wed Feb 11 16:00:01 UTC 2026] Starting result fetch...
=== SmartAcca Post-Mortem Generator ===
📈 Including 2 major league matches
Found 2 match(es) to process.

Processing: Enppi vs Pyramids FC
  Result: Enppi 0 - 1 Pyramids FC (HT)

Processing: Al Ahly vs Ismaily SC
  Result: Al Ahly 2 - 0 Ismaily SC (HT)

============================================================

✓ Successfully processed: 2

============================================================

📊 ACCUMULATOR ACCURACY STATISTICS

Total Predictions: 4
✅ Correct: 0 (0.0%)
❌ Incorrect: 0 (100.0%)
[Wed Feb 11 16:00:09 UTC 2026] Result fetch completed
=== SmartAcca Post-Mortem Generator ===
📈 Including 2 major league matches
Found 2 match(es) to process.

Processing: Enppi vs Pyramids FC
  Result: Enppi 0 - 1 Pyramids FC (HT)

Processing: Al Ahly vs Ismaily SC
  Result: Al Ahly 2 - 0 Ismaily SC (HT)

============================================================

✓ Successfully processed: 2

============================================================

📊 ACCUMULATOR ACCURACY STATISTICS

Total Predictions: 4
✅ Correct: 0 (0.0%)
❌ Incorrect: 0 (100.0%)
[Wed Feb 11 16:00:09 UTC 2026] Result fetch completed
[Wed Feb 11 16:30:01 UTC 2026] Starting result fetch...
[Wed Feb 11 16:30:01 UTC 2026] Starting result fetch...
=== SmartAcca Post-Mortem Generator ===
📈 Including 2 major league matches
Found 2 match(es) to process.

Processing: Enppi vs Pyramids FC
  Result: Enppi 1 - 1 Pyramids FC (2H)

Processing: Al Ahly vs Ismaily SC
  Result: Al Ahly 2 - 0 Ismaily SC (2H)

============================================================

✓ Successfully processed: 2

============================================================

📊 ACCUMULATOR ACCURACY STATISTICS

Total Predictions: 4
✅ Correct: 0 (0.0%)
❌ Incorrect: 0 (100.0%)
=== SmartAcca Post-Mortem Generator ===
📈 Including 2 major league matches
Found 2 match(es) to process.

Processing: Enppi vs Pyramids FC
  Result: Enppi 1 - 1 Pyramids FC (2H)

Processing: Al Ahly vs Ismaily SC
  Result: Al Ahly 2 - 0 Ismaily SC (2H)

============================================================

✓ Successfully processed: 2

============================================================

📊 ACCUMULATOR ACCURACY STATISTICS

Total Predictions: 4
✅ Correct: 0 (0.0%)
❌ Incorrect: 0 (100.0%)
[Wed Feb 11 16:30:08 UTC 2026] Result fetch completed
[Wed Feb 11 16:30:08 UTC 2026] Result fetch completed
[Wed Feb 11 17:00:01 UTC 2026] Starting result fetch...
[Wed Feb 11 17:00:01 UTC 2026] Starting result fetch...
=== SmartAcca Post-Mortem Generator ===
📈 Including 2 major league matches
Found 2 match(es) to process.

Processing: Enppi vs Pyramids FC
    ⚠ API quota exhausted, using web scraper...
  ⚠ Result not available yet

Processing: Al Ahly vs Ismaily SC
    ⚠ API quota exhausted, using web scraper...
  ⚠ Result not available yet

============================================================

✓ Successfully processed: 0
⚠ Failed: 2

============================================================

📊 ACCUMULATOR ACCURACY STATISTICS

Total Predictions: 4
✅ Correct: 0 (0.0%)
❌ Incorrect: 0 (100.0%)
=== SmartAcca Post-Mortem Generator ===
📈 Including 2 major league matches
Found 2 match(es) to process.

Processing: Enppi vs Pyramids FC
    ⚠ API quota exhausted, using web scraper...
  ⚠ Result not available yet

Processing: Al Ahly vs Ismaily SC
    ⚠ API quota exhausted, using web scraper...
  ⚠ Result not available yet

============================================================

✓ Successfully processed: 0
⚠ Failed: 2

============================================================

📊 ACCUMULATOR ACCURACY STATISTICS

Total Predictions: 4
✅ Correct: 0 (0.0%)
❌ Incorrect: 0 (100.0%)
[Wed Feb 11 17:00:13 UTC 2026] Result fetch completed
[Wed Feb 11 17:00:14 UTC 2026] Result fetch completed
[Wed Feb 11 17:30:01 UTC 2026] Starting result fetch...
[Wed Feb 11 17:30:01 UTC 2026] Starting result fetch...
=== SmartAcca Post-Mortem Generator ===
📈 Including 2 major league matches
Found 2 match(es) to process.

Processing: Enppi vs Pyramids FC
    ⚠ API quota exhausted, using web scraper...
  ⚠ Result not available yet

Processing: Al Ahly vs Ismaily SC
    ⚠ API quota exhausted, using web scraper...
  ⚠ Result not available yet

============================================================

✓ Successfully processed: 0
⚠ Failed: 2

============================================================

📊 ACCUMULATOR ACCURACY STATISTICS

Total Predictions: 4
✅ Correct: 0 (0.0%)
❌ Incorrect: 0 (100.0%)
[Wed Feb 11 17:30:11 UTC 2026] Result fetch completed
=== SmartAcca Post-Mortem Generator ===
📈 Including 2 major league matches
Found 2 match(es) to process.

Processing: Enppi vs Pyramids FC
    ⚠ API quota exhausted, using web scraper...
  ⚠ Result not available yet

Processing: Al Ahly vs Ismaily SC
    ⚠ API quota exhausted, using web scraper...
  ⚠ Result not available yet

============================================================

✓ Successfully processed: 0
⚠ Failed: 2

============================================================

📊 ACCUMULATOR ACCURACY STATISTICS

Total Predictions: 4
✅ Correct: 0 (0.0%)
❌ Incorrect: 0 (100.0%)
[Wed Feb 11 17:30:11 UTC 2026] Result fetch completed
[Wed Feb 11 18:00:01 UTC 2026] Starting result fetch...
[Wed Feb 11 18:00:01 UTC 2026] Starting result fetch...
=== SmartAcca Post-Mortem Generator ===
📈 Including 5 major league matches
🌍 Including 1 other league matches
Found 6 match(es) to process.

Processing: Zamalek SC vs Smouha SC
    ⚠ API quota exhausted, using web scraper...
  ⚠ Result not available yet

Processing: AL Masry vs Wadi Degla
    ⚠ API quota exhausted, using web scraper...
  ⚠ Result not available yet

Processing: Sudtirol vs Monza
    ⚠ API quota exhausted, using web scraper...
  ⚠ Result not available yet

Processing: GO Ahead Eagles vs Heerenveen
    ⚠ API quota exhausted, using web scraper...
    ✓ Found via ESPN
  Result: GO Ahead Eagles 0 - 0 Heerenveen (FT)
  ⚠ Suspicious FT status: 0-0 after only 15 minutes

Processing: Enppi vs Pyramids FC
    ⚠ API quota exhausted, using web scraper...
  ⚠ Result not available yet

Processing: Al Ahly vs Ismaily SC
    ⚠ API quota exhausted, using web scraper...
  ⚠ Result not available yet

============================================================

✓ Successfully processed: 1
⚠ Failed: 5

============================================================

📊 ACCUMULATOR ACCURACY STATISTICS

Total Predictions: 4
✅ Correct: 0 (0.0%)
❌ Incorrect: 0 (100.0%)
[Wed Feb 11 18:00:23 UTC 2026] Result fetch completed
=== SmartAcca Post-Mortem Generator ===
📈 Including 5 major league matches
🌍 Including 1 other league matches
Found 6 match(es) to process.

Processing: Zamalek SC vs Smouha SC
    ⚠ API quota exhausted, using web scraper...
  ⚠ Result not available yet

Processing: AL Masry vs Wadi Degla
    ⚠ API quota exhausted, using web scraper...
  ⚠ Result not available yet

Processing: Sudtirol vs Monza
    ⚠ API quota exhausted, using web scraper...
  ⚠ Result not available yet

Processing: GO Ahead Eagles vs Heerenveen
    ⚠ API quota exhausted, using web scraper...
    ✓ Found via ESPN
  Result: GO Ahead Eagles 0 - 0 Heerenveen (FT)
  ⚠ Suspicious FT status: 0-0 after only 15 minutes

Processing: Enppi vs Pyramids FC
    ⚠ API quota exhausted, using web scraper...
  ⚠ Result not available yet

Processing: Al Ahly vs Ismaily SC
    ⚠ API quota exhausted, using web scraper...
  ⚠ Result not available yet

============================================================

✓ Successfully processed: 1
⚠ Failed: 5

============================================================

📊 ACCUMULATOR ACCURACY STATISTICS

Total Predictions: 4
✅ Correct: 0 (0.0%)
❌ Incorrect: 0 (100.0%)
[Wed Feb 11 18:00:25 UTC 2026] Result fetch completed
